id_student,code_module,code_presentation,risk_probability,avg_assessment_score,total_lms_clicks
30268,AAA,2013J,0.8798133410137241,75.71428571428571,281.0
65002,AAA,2013J,0.7054305168846946,67.0,176.0
74372,AAA,2013J,0.855412829430323,48.5,116.0
118983,AAA,2013J,0.7072572589720053,61.8,284.0
135335,AAA,2013J,0.9772719141829121,75.71428571428571,73.0
141377,AAA,2013J,0.7246363137211315,48.833333333333336,756.0
145130,AAA,2013J,0.747084550993768,54.4,452.0
146188,AAA,2013J,0.7434866623598093,50.0,597.0
147793,AAA,2013J,0.8344644610049317,52.0,155.0
151358,AAA,2013J,0.8192715772456315,50.0,270.0
175991,AAA,2013J,0.8817622671760591,37.6,138.0
205719,AAA,2013J,0.7776357746264785,56.666666666666664,333.0
240884,AAA,2013J,0.7261058596354676,58.4,427.0
260355,AAA,2013J,0.721005699008128,57.5,426.0
268733,AAA,2013J,0.8698800689504615,43.0,191.0
281250,AAA,2013J,0.8109318629875955,55.4,130.0
281589,AAA,2013J,0.9510876234949004,75.71428571428571,59.0
292923,AAA,2013J,0.9703505347484379,75.71428571428571,0.0
293699,AAA,2013J,0.8410825286328408,46.75,187.0
305152,AAA,2013J,0.7134774185582609,64.0,146.0
305539,AAA,2013J,0.9722580753855629,75.71428571428571,68.0
324282,AAA,2013J,0.7652101073440117,61.2,133.0
334259,AAA,2013J,0.7766536221033212,53.0,332.0
334333,AAA,2013J,0.8715510252412613,36.0,303.0
339972,AAA,2013J,0.7732142069573605,49.8,333.0
341872,AAA,2013J,0.7483926966857566,64.2,201.0
344282,AAA,2013J,0.8442177753966404,49.2,65.0
346843,AAA,2013J,0.9604052658984056,75.71428571428571,164.0
354858,AAA,2013J,0.9554558206352058,75.71428571428571,198.0
357668,AAA,2013J,0.7923185779672974,57.0,166.0
368194,AAA,2013J,0.7830331817701517,50.4,437.0
368824,AAA,2013J,0.7706489765894642,55.6,292.0
386924,AAA,2013J,0.7170458871162723,67.8,164.0
392756,AAA,2013J,0.8163974740609996,45.0,363.0
404804,AAA,2013J,0.8084904931501141,43.8,509.0
405961,AAA,2013J,0.9729842774568935,75.71428571428571,0.0
429958,AAA,2013J,0.7246463274928506,58.4,411.0
442442,AAA,2013J,0.7310460929677884,40.5,1009.0
494424,AAA,2013J,0.9510876234949004,75.71428571428571,58.0
564450,AAA,2013J,0.7886593758567463,59.2,224.0
581129,AAA,2013J,0.8526540532365504,40.0,194.0
1401935,AAA,2013J,0.8098786844623943,35.0,240.0
1763015,AAA,2013J,0.8509565758968389,75.71428571428571,420.0
1942396,AAA,2013J,0.7619110109029847,53.6,470.0
2065691,AAA,2013J,0.78696987218643,35.666666666666664,1430.0
2149225,AAA,2013J,0.8696667455125108,75.71428571428571,319.0
2278464,AAA,2013J,0.7551266161022687,51.4,307.0
2293923,AAA,2013J,0.7106822175367533,61.2,303.0
2324976,AAA,2013J,0.9420595667574752,75.71428571428571,0.0
2344901,AAA,2013J,0.7404565729820182,51.5,445.0
2365101,AAA,2013J,0.9709370633458453,75.71428571428571,0.0
2411661,AAA,2013J,0.7818677948048771,46.8,574.0
2429854,AAA,2013J,0.7038735992546868,51.0,953.0
2456480,AAA,2013J,0.8544382615818449,24.666666666666668,183.0
2469673,AAA,2013J,0.7758977447986998,44.5,523.0
2542724,AAA,2013J,0.8910134927329306,75.71428571428571,228.0
2552472,AAA,2013J,0.7324609137786698,53.5,519.0
2620584,AAA,2013J,0.9517636542337519,75.71428571428571,92.0
2669816,AAA,2013J,0.7406426361365558,57.2,280.0
2676809,AAA,2013J,0.8356363588846191,43.333333333333336,309.0
24734,AAA,2014J,0.7688650100573132,46.8,499.0
31600,AAA,2014J,0.7152892593961672,54.8,429.0
65002,AAA,2014J,0.7311648477931416,67.0,176.0
95755,AAA,2014J,0.7884703301814079,45.0,381.0
111512,AAA,2014J,0.8425319203806212,75.71428571428571,439.0
130636,AAA,2014J,0.7247784352022408,60.0,332.0
135335,AAA,2014J,0.9766032253578545,75.71428571428571,73.0
141377,AAA,2014J,0.7207396188183176,48.833333333333336,756.0
146503,AAA,2014J,0.7171050359545192,63.4,368.0
149962,AAA,2014J,0.7079450332211741,68.4,141.0
151587,AAA,2014J,0.7237755434342219,67.0,166.0
185350,AAA,2014J,0.7467657625415085,59.6,236.0
236875,AAA,2014J,0.80805845645218,46.4,201.0
243510,AAA,2014J,0.7812723383168588,43.6,549.0
260355,AAA,2014J,0.770401011533731,57.5,426.0
266524,AAA,2014J,0.7838795545452644,53.8,359.0
268733,AAA,2014J,0.8657666645180389,43.0,191.0
274947,AAA,2014J,0.8045836302124816,54.0,251.0
277123,AAA,2014J,0.7698723439262164,46.0,537.0
288994,AAA,2014J,0.9675981884500087,75.71428571428571,134.0
301967,AAA,2014J,0.7902025675808134,52.8,193.0
306646,AAA,2014J,0.8016300276348178,52.8,144.0
311659,AAA,2014J,0.9687740005157021,75.71428571428571,112.0
323805,AAA,2014J,0.9703505347484379,75.71428571428571,0.0
328734,AAA,2014J,0.9703505347484379,75.71428571428571,0.0
329659,AAA,2014J,0.7705197493928594,49.8,487.0
334441,AAA,2014J,0.8063250525052769,39.8,283.0
337748,AAA,2014J,0.8666611946072196,44.0,93.0
350156,AAA,2014J,0.7373910493770479,52.2,560.0
387954,AAA,2014J,0.7644521608510279,75.71428571428571,532.0
388147,AAA,2014J,0.8526690469067859,40.0,441.0
396655,AAA,2014J,0.8436739945194005,40.2,462.0
400147,AAA,2014J,0.7247784352022408,59.2,338.0
418731,AAA,2014J,0.8720188619819517,41.2,127.0
431025,AAA,2014J,0.7742519477108037,55.2,300.0
442064,AAA,2014J,0.765800089656549,53.0,402.0
442132,AAA,2014J,0.7054305168846946,65.8,176.0
468120,AAA,2014J,0.869848980583519,40.0,116.0
481022,AAA,2014J,0.8723289919776461,49.0,79.0
488382,AAA,2014J,0.9703505347484379,75.71428571428571,0.0
514526,AAA,2014J,0.97243345019087,75.71428571428571,45.0
522482,AAA,2014J,0.7089627320147254,75.0,212.0
527801,AAA,2014J,0.7524685604546835,49.5,607.0
533068,AAA,2014J,0.7246463274928506,58.2,398.0
561467,AAA,2014J,0.8506751536485437,75.71428571428571,453.0
567922,AAA,2014J,0.9604846291041567,75.71428571428571,0.0
574505,AAA,2014J,0.7099795805371066,42.0,850.0
598070,AAA,2014J,0.9510876234949004,75.71428571428571,3.0
603834,AAA,2014J,0.7091328922931339,61.8,341.0
608440,AAA,2014J,0.9604052658984056,75.71428571428571,187.0
623710,AAA,2014J,0.9604846291041567,75.71428571428571,0.0
628312,AAA,2014J,0.9715501875262137,75.71428571428571,77.0
639053,AAA,2014J,0.7202576652106294,65.6,195.0
642878,AAA,2014J,0.75007930745559,44.0,578.0
648130,AAA,2014J,0.7780702459495769,53.0,447.0
677281,AAA,2014J,0.9489829023026207,75.71428571428571,126.0
684180,AAA,2014J,0.7458900969420585,62.6,171.0
687698,AAA,2014J,0.8144416776006167,52.6,174.0
852847,AAA,2014J,0.8350890074604083,34.5,181.0
1469279,AAA,2014J,0.9604846291041567,75.71428571428571,0.0
1676594,AAA,2014J,0.941347145365399,75.71428571428571,177.0
1839386,AAA,2014J,0.8146204790716547,40.0,207.0
2168833,AAA,2014J,0.8541363917156972,24.0,20.0
2207874,AAA,2014J,0.7894485039159298,54.666666666666664,265.0
2273119,AAA,2014J,0.8511663032241352,38.333333333333336,105.0
2313257,AAA,2014J,0.9808271098006736,75.71428571428571,28.0
2355470,AAA,2014J,0.8081422915550376,54.4,216.0
2365101,AAA,2014J,0.9824486182425283,75.71428571428571,0.0
2434159,AAA,2014J,0.7957668399933714,54.0,172.0
2436812,AAA,2014J,0.7820248865541097,43.0,577.0
2467267,AAA,2014J,0.7201414173795311,71.4,90.0
2474849,AAA,2014J,0.8594965824118651,35.0,142.0
2551932,AAA,2014J,0.7547589543421654,50.0,539.0
2576122,AAA,2014J,0.7129856888929056,64.0,261.0
2606802,AAA,2014J,0.8041304789602443,29.0,306.0
2630087,AAA,2014J,0.977736216042976,75.71428571428571,90.0
2690062,AAA,2014J,0.7781848120228088,58.0,257.0
2694788,AAA,2014J,0.894097914308679,35.333333333333336,100.0
27891,BBB,2013B,0.7328820874473277,69.16666666666667,348.0
34694,BBB,2013B,0.9604890193424273,75.71428571428571,0.0
34756,BBB,2013B,0.769056964309269,67.33333333333333,129.0
35812,BBB,2013B,0.7221039584770239,71.0,19.0
50993,BBB,2013B,0.8222222223013326,46.22222222222222,176.0
71433,BBB,2013B,0.97907029053909,75.71428571428571,60.0
72070,BBB,2013B,0.9420595667574752,75.71428571428571,0.0
79378,BBB,2013B,0.9448065759866273,75.71428571428571,0.0
87604,BBB,2013B,0.9703505347484379,75.71428571428571,0.0
88580,BBB,2013B,0.9420595667574752,75.71428571428571,0.0
96291,BBB,2013B,0.9489829023026207,75.71428571428571,103.0
102849,BBB,2013B,0.9779798020422612,75.71428571428571,1.0
117071,BBB,2013B,0.7201414173795311,73.0,74.0
122524,BBB,2013B,0.9663089122754848,75.71428571428571,0.0
123379,BBB,2013B,0.9781994555246689,75.71428571428571,0.0
126411,BBB,2013B,0.8980371192985857,100.0,25.0
127209,BBB,2013B,0.9754963234536176,75.71428571428571,0.0
128776,BBB,2013B,0.9647937323664779,75.71428571428571,146.0
133531,BBB,2013B,0.9420595667574752,75.71428571428571,0.0
141823,BBB,2013B,0.8452562216524286,29.0,276.0
143854,BBB,2013B,0.9420595667574752,75.71428571428571,0.0
152153,BBB,2013B,0.735032588665183,52.285714285714285,500.0
155735,BBB,2013B,0.9656216121474575,75.71428571428571,133.0
161678,BBB,2013B,0.8710589445640784,40.0,94.0
169515,BBB,2013B,0.7638123115458453,59.0,212.0
171377,BBB,2013B,0.9663089122754848,75.71428571428571,0.0
174321,BBB,2013B,0.9826271896710997,75.71428571428571,0.0
177639,BBB,2013B,0.978362402679741,75.71428571428571,77.0
183806,BBB,2013B,0.7449387993781452,95.0,149.0
185240,BBB,2013B,0.9679523038968979,75.71428571428571,0.0
186670,BBB,2013B,0.7023972242590294,72.625,232.0
186780,BBB,2013B,0.9765602134711595,75.71428571428571,30.0
200863,BBB,2013B,0.9527820233683225,75.71428571428571,148.0
203652,BBB,2013B,0.9792860327686289,75.71428571428571,28.0
205231,BBB,2013B,0.9604890193424273,75.71428571428571,0.0
228049,BBB,2013B,0.9510876234949004,75.71428571428571,14.0
228235,BBB,2013B,0.9679523038968979,75.71428571428571,0.0
230348,BBB,2013B,0.9453624879632011,75.71428571428571,0.0
232600,BBB,2013B,0.9588511739811354,75.71428571428571,0.0
232745,BBB,2013B,0.9732746996012497,75.71428571428571,0.0
255998,BBB,2013B,0.7563574443329155,56.0,408.0
256215,BBB,2013B,0.9612096099414275,75.71428571428571,0.0
258402,BBB,2013B,0.9810621229997858,75.71428571428571,1.0
259182,BBB,2013B,0.9679523038968979,75.71428571428571,0.0
262454,BBB,2013B,0.7282210337138767,71.22222222222223,373.0
263531,BBB,2013B,0.9679523038968979,75.71428571428571,0.0
265405,BBB,2013B,0.9604890193424273,75.71428571428571,0.0
267853,BBB,2013B,0.9722580753855629,75.71428571428571,5.0
269289,BBB,2013B,0.9588511739811354,75.71428571428571,0.0
270399,BBB,2013B,0.9510876234949004,75.71428571428571,22.0
280962,BBB,2013B,0.9779798020422612,75.71428571428571,67.0
285633,BBB,2013B,0.7658152342850022,65.27272727272727,287.0
288990,BBB,2013B,0.8669904560486579,45.0,87.0
291701,BBB,2013B,0.9588064839383145,75.71428571428571,0.0
294999,BBB,2013B,0.8314650031289128,51.0,54.0
296408,BBB,2013B,0.9708283954391895,75.71428571428571,0.0
299561,BBB,2013B,0.9576631785037318,75.71428571428571,0.0
302550,BBB,2013B,0.9781994555246689,75.71428571428571,0.0
305945,BBB,2013B,0.9510876234949004,75.71428571428571,12.0
306984,BBB,2013B,0.9663988503708667,75.71428571428571,102.0
311042,BBB,2013B,0.8048483147729312,65.0,59.0
312141,BBB,2013B,0.7652456205675467,68.0,72.0
318101,BBB,2013B,0.7229976865446485,59.0,379.0
322745,BBB,2013B,0.9420595667574752,75.71428571428571,0.0
323914,BBB,2013B,0.9420595667574752,75.71428571428571,0.0
326012,BBB,2013B,0.7571794289684343,64.0,110.0
330376,BBB,2013B,0.9675403527051906,75.71428571428571,26.0
333129,BBB,2013B,0.840498883550074,50.0,354.0
334794,BBB,2013B,0.8143801250136694,53.0,124.0
335421,BBB,2013B,0.7423872102729322,70.0,188.0
335600,BBB,2013B,0.7405235096261283,80.0,116.0
336165,BBB,2013B,0.8647716025276473,35.0,254.0
338912,BBB,2013B,0.9545819152472932,75.71428571428571,0.0
339526,BBB,2013B,0.9510876234949004,75.71428571428571,35.0
340378,BBB,2013B,0.9687740005157021,75.71428571428571,96.0
341229,BBB,2013B,0.7226118867469221,70.5,97.0
341235,BBB,2013B,0.9420595667574752,75.71428571428571,0.0
341509,BBB,2013B,0.7178796498429921,70.7,328.0
349424,BBB,2013B,0.9689979935628061,75.71428571428571,12.0
351543,BBB,2013B,0.8891862716457665,35.0,5.0
353918,BBB,2013B,0.9663089122754848,75.71428571428571,0.0
354815,BBB,2013B,0.9663089122754848,75.71428571428571,0.0
355998,BBB,2013B,0.8482062360149613,55.0,20.0
357030,BBB,2013B,0.7286878358450215,67.0,68.0
357038,BBB,2013B,0.9789952571085915,75.71428571428571,0.0
359170,BBB,2013B,0.9703505347484379,75.71428571428571,0.0
363401,BBB,2013B,0.8281474429823232,56.3,190.0
364323,BBB,2013B,0.9604846291041567,75.71428571428571,0.0
365488,BBB,2013B,0.7601815174539496,74.5,76.0
366821,BBB,2013B,0.9420595667574752,75.71428571428571,0.0
367304,BBB,2013B,0.8657823500813377,48.8,62.0
368439,BBB,2013B,0.9689979935628061,75.71428571428571,22.0
369212,BBB,2013B,0.9604890193424273,75.71428571428571,0.0
370302,BBB,2013B,0.726427076150443,57.55555555555556,351.0
370720,BBB,2013B,0.7379710918850038,72.66666666666667,194.0
372624,BBB,2013B,0.9790471068582849,75.71428571428571,0.0
375312,BBB,2013B,0.9781994555246689,75.71428571428571,0.0
377695,BBB,2013B,0.9703505347484379,75.71428571428571,0.0
378721,BBB,2013B,0.7215693830462451,69.25,138.0
379405,BBB,2013B,0.9604846291041567,75.71428571428571,0.0
380151,BBB,2013B,0.9538683754260314,75.71428571428571,20.0
381640,BBB,2013B,0.958883486134406,75.71428571428571,0.0
381722,BBB,2013B,0.7316120389106752,73.0,106.0
383828,BBB,2013B,0.9810621229997858,75.71428571428571,29.0
384909,BBB,2013B,0.7313418368511861,72.0,113.0
385034,BBB,2013B,0.7065977564625793,65.66666666666667,251.0
386957,BBB,2013B,0.9420595667574752,75.71428571428571,0.0
387276,BBB,2013B,0.9781994555246689,75.71428571428571,0.0
387702,BBB,2013B,0.7015285562588507,66.0,185.0
388014,BBB,2013B,0.9420595667574752,75.71428571428571,0.0
388205,BBB,2013B,0.7318230462173725,62.2,251.0
388484,BBB,2013B,0.7054305168846946,66.0,177.0
390461,BBB,2013B,0.7465512119042041,60.833333333333336,230.0
394956,BBB,2013B,0.9837632929421772,75.71428571428571,53.0
395229,BBB,2013B,0.9888021819316204,75.71428571428571,17.0
397763,BBB,2013B,0.9493515080860294,75.71428571428571,158.0
398949,BBB,2013B,0.9420595667574752,75.71428571428571,0.0
398965,BBB,2013B,0.9656809029062832,75.71428571428571,0.0
399108,BBB,2013B,0.9420595667574752,75.71428571428571,0.0
399792,BBB,2013B,0.9641684040050953,75.71428571428571,200.0
400718,BBB,2013B,0.9669165242929424,75.71428571428571,0.0
400894,BBB,2013B,0.7442678180086346,64.44444444444444,269.0
402660,BBB,2013B,0.9420595667574752,75.71428571428571,0.0
403093,BBB,2013B,0.7586096611439429,60.125,180.0
403191,BBB,2013B,0.9420595667574752,75.71428571428571,0.0
405746,BBB,2013B,0.7201461671460634,71.0,180.0
406416,BBB,2013B,0.855142627370834,50.0,116.0
411197,BBB,2013B,0.8867824784399063,100.0,104.0
415548,BBB,2013B,0.9637484907797561,75.71428571428571,0.0
417462,BBB,2013B,0.7637900708399666,72.5,16.0
418065,BBB,2013B,0.8143801250136694,55.0,122.0
421205,BBB,2013B,0.7379998956443213,66.5,225.0
422070,BBB,2013B,0.7420466129431756,66.875,202.0
422752,BBB,2013B,0.9472407174239025,75.71428571428571,140.0
423317,BBB,2013B,0.9510876234949004,75.71428571428571,8.0
425747,BBB,2013B,0.9773111132172037,75.71428571428571,31.0
429158,BBB,2013B,0.9679523038968979,75.71428571428571,0.0
429494,BBB,2013B,0.7215099766922346,93.33333333333333,151.0
430160,BBB,2013B,0.9754393109451684,75.71428571428571,116.0
430357,BBB,2013B,0.7593549735784435,41.81818181818182,953.0
432004,BBB,2013B,0.8724052666220653,26.5,58.0
432232,BBB,2013B,0.7467657625415085,58.54545454545455,250.0
434094,BBB,2013B,0.9604890193424273,75.71428571428571,0.0
435803,BBB,2013B,0.9773111132172037,75.71428571428571,29.0
438210,BBB,2013B,0.9731870860832271,75.71428571428571,9.0
438379,BBB,2013B,0.9833225321933299,75.71428571428571,0.0
441181,BBB,2013B,0.7631916122597723,56.63636363636363,347.0
441423,BBB,2013B,0.9604846291041567,75.71428571428571,0.0
442456,BBB,2013B,0.8295497866424997,34.55555555555556,297.0
442466,BBB,2013B,0.7439048112296962,81.0,97.0
443452,BBB,2013B,0.9781994555246689,75.71428571428571,0.0
444926,BBB,2013B,0.7420344745087359,68.8,348.0
446145,BBB,2013B,0.9420595667574752,75.71428571428571,0.0
446357,BBB,2013B,0.8163426661111624,53.0,57.0
447007,BBB,2013B,0.9718125436828339,75.71428571428571,80.0
447790,BBB,2013B,0.8414617440825032,100.0,204.0
466959,BBB,2013B,0.7289090087796484,64.33333333333333,95.0
467756,BBB,2013B,0.7615128656522233,73.5,199.0
467835,BBB,2013B,0.9510876234949004,75.71428571428571,58.0
468021,BBB,2013B,0.7601631283917614,60.75,312.0
469683,BBB,2013B,0.7407980555151212,66.18181818181819,288.0
472348,BBB,2013B,0.8869408036053055,38.0,122.0
475078,BBB,2013B,0.9679523038968979,75.71428571428571,0.0
475460,BBB,2013B,0.7835968451716294,59.285714285714285,193.0
475901,BBB,2013B,0.9731870860832271,75.71428571428571,34.0
476297,BBB,2013B,0.7034275242152767,74.0909090909091,371.0
476457,BBB,2013B,0.7665992051887548,68.0,111.0
476855,BBB,2013B,0.9810621229997858,75.71428571428571,68.0
476859,BBB,2013B,0.9773111132172037,75.71428571428571,11.0
477009,BBB,2013B,0.721934484725433,62.81818181818182,164.0
477164,BBB,2013B,0.7059953285050056,71.0,140.0
477835,BBB,2013B,0.7220911220956995,69.42857142857143,129.0
478718,BBB,2013B,0.7267252947475287,65.0,90.0
479267,BBB,2013B,0.9656809029062832,75.71428571428571,0.0
480151,BBB,2013B,0.9510876234949004,75.71428571428571,18.0
481143,BBB,2013B,0.7321939099606979,61.375,142.0
483309,BBB,2013B,0.9510876234949004,75.71428571428571,13.0
484039,BBB,2013B,0.7959445313576217,50.5,355.0
484161,BBB,2013B,0.9722580753855629,75.71428571428571,32.0
484768,BBB,2013B,0.7225904947018088,67.33333333333333,428.0
485352,BBB,2013B,0.9709370633458453,75.71428571428571,0.0
485399,BBB,2013B,0.7481237491355812,74.45454545454545,245.0
485568,BBB,2013B,0.9666180838583784,75.71428571428571,171.0
485782,BBB,2013B,0.9810621229997858,75.71428571428571,1.0
486214,BBB,2013B,0.9679523038968979,75.71428571428571,0.0
486282,BBB,2013B,0.7472741430763316,70.33333333333333,264.0
486650,BBB,2013B,0.9722580753855629,75.71428571428571,24.0
487646,BBB,2013B,0.7234414751058751,65.0909090909091,423.0
488185,BBB,2013B,0.7313418368511861,72.0,95.0
488929,BBB,2013B,0.9467004203735536,75.71428571428571,0.0
490110,BBB,2013B,0.9510876234949004,75.71428571428571,6.0
490733,BBB,2013B,0.9420595667574752,75.71428571428571,0.0
492336,BBB,2013B,0.9604846291041567,75.71428571428571,0.0
493958,BBB,2013B,0.7110807227553493,75.18181818181819,147.0
494304,BBB,2013B,0.9820428596416652,75.71428571428571,0.0
494673,BBB,2013B,0.9510876234949004,75.71428571428571,20.0
495324,BBB,2013B,0.8331732691852726,59.0,133.0
495377,BBB,2013B,0.9604846291041567,75.71428571428571,0.0
495674,BBB,2013B,0.8962017814730973,43.0,38.0
495875,BBB,2013B,0.9420595667574752,75.71428571428571,0.0
495913,BBB,2013B,0.7399207966011723,69.875,191.0
496674,BBB,2013B,0.8991315233964555,41.0,89.0
497468,BBB,2013B,0.7144089265841813,68.63636363636364,206.0
497607,BBB,2013B,0.9773111132172037,75.71428571428571,53.0
498371,BBB,2013B,0.8422552342991476,50.0,95.0
498455,BBB,2013B,0.779802701145694,47.625,334.0
499931,BBB,2013B,0.9863809056438364,75.71428571428571,77.0
500585,BBB,2013B,0.8210574947850184,51.333333333333336,426.0
500836,BBB,2013B,0.7017751676284189,77.625,260.0
501008,BBB,2013B,0.9786148433348112,75.71428571428571,105.0
502279,BBB,2013B,0.9781994555246689,75.71428571428571,0.0
503353,BBB,2013B,0.7582516539180237,75.0,125.0
503390,BBB,2013B,0.7130030530479801,69.5,482.0
504021,BBB,2013B,0.7220911220956995,68.8,92.0
504689,BBB,2013B,0.9722580753855629,75.71428571428571,47.0
505123,BBB,2013B,0.9420595667574752,75.71428571428571,0.0
505417,BBB,2013B,0.7823371486907434,71.75,99.0
505499,BBB,2013B,0.9420595667574752,75.71428571428571,0.0
505592,BBB,2013B,0.9420595667574752,75.71428571428571,0.0
505595,BBB,2013B,0.8509344343707106,46.166666666666664,454.0
505694,BBB,2013B,0.9420595667574752,75.71428571428571,0.0
507184,BBB,2013B,0.7186074686237365,75.0,53.0
507221,BBB,2013B,0.9604846291041567,75.71428571428571,0.0
507303,BBB,2013B,0.9510876234949004,75.71428571428571,24.0
507320,BBB,2013B,0.9690363566723222,75.71428571428571,94.0
507359,BBB,2013B,0.7187586100262169,68.5,217.0
507485,BBB,2013B,0.9420595667574752,75.71428571428571,0.0
507685,BBB,2013B,0.9722580753855629,75.71428571428571,12.0
507817,BBB,2013B,0.7789248601906138,65.36363636363636,135.0
508103,BBB,2013B,0.9824486182425283,75.71428571428571,0.0
508668,BBB,2013B,0.9510876234949004,75.71428571428571,12.0
509130,BBB,2013B,0.9420595667574752,75.71428571428571,0.0
509295,BBB,2013B,0.9781994555246689,75.71428571428571,0.0
509334,BBB,2013B,0.9420595667574752,75.71428571428571,0.0
509737,BBB,2013B,0.9773111132172037,75.71428571428571,4.0
509797,BBB,2013B,0.7937374949295186,40.6,431.0
509901,BBB,2013B,0.7775847619337442,65.5,172.0
510492,BBB,2013B,0.7878938936135627,59.3,267.0
511652,BBB,2013B,0.9824486182425283,75.71428571428571,0.0
512070,BBB,2013B,0.8342479425014245,53.0,23.0
512180,BBB,2013B,0.8418693740178825,53.25,91.0
512468,BBB,2013B,0.9679523038968979,75.71428571428571,0.0
512883,BBB,2013B,0.8191464479854386,55.5,255.0
512924,BBB,2013B,0.9824486182425283,75.71428571428571,0.0
513005,BBB,2013B,0.9781994555246689,75.71428571428571,0.0
513016,BBB,2013B,0.9467004203735536,75.71428571428571,0.0
513196,BBB,2013B,0.9781994555246689,75.71428571428571,0.0
513368,BBB,2013B,0.9420595667574752,75.71428571428571,0.0
514365,BBB,2013B,0.9510876234949004,75.71428571428571,57.0
514819,BBB,2013B,0.9604846291041567,75.71428571428571,0.0
514951,BBB,2013B,0.9722580753855629,75.71428571428571,58.0
515035,BBB,2013B,0.8128944040850884,56.333333333333336,33.0
515130,BBB,2013B,0.9773111132172037,75.71428571428571,47.0
515174,BBB,2013B,0.9679523038968979,75.71428571428571,0.0
515497,BBB,2013B,0.7298646875782367,63.42857142857143,161.0
516776,BBB,2013B,0.9773111132172037,75.71428571428571,10.0
517043,BBB,2013B,0.7449713421487796,73.14285714285714,136.0
517175,BBB,2013B,0.9773111132172037,75.71428571428571,11.0
517701,BBB,2013B,0.9773111132172037,75.71428571428571,46.0
518904,BBB,2013B,0.7957668399933714,53.0,169.0
519012,BBB,2013B,0.78063741294969,62.333333333333336,192.0
519647,BBB,2013B,0.9420595667574752,75.71428571428571,0.0
520049,BBB,2013B,0.9420595667574752,75.71428571428571,0.0
520230,BBB,2013B,0.9420595667574752,75.71428571428571,0.0
520749,BBB,2013B,0.9796713406638023,75.71428571428571,65.0
521069,BBB,2013B,0.9431744641459093,75.71428571428571,152.0
521496,BBB,2013B,0.9773111132172037,75.71428571428571,1.0
522302,BBB,2013B,0.9510876234949004,75.71428571428571,3.0
522512,BBB,2013B,0.9773111132172037,75.71428571428571,10.0
523156,BBB,2013B,0.9510876234949004,75.71428571428571,8.0
523789,BBB,2013B,0.9824486182425283,75.71428571428571,0.0
524171,BBB,2013B,0.9722580753855629,75.71428571428571,2.0
524496,BBB,2013B,0.9489829023026207,75.71428571428571,111.0
524598,BBB,2013B,0.9510876234949004,75.71428571428571,4.0
524769,BBB,2013B,0.9814305179856889,75.71428571428571,36.0
524968,BBB,2013B,0.9510876234949004,75.71428571428571,18.0
525543,BBB,2013B,0.9604846291041567,75.71428571428571,0.0
525679,BBB,2013B,0.8157746934148682,57.666666666666664,119.0
525797,BBB,2013B,0.9679523038968979,75.71428571428571,0.0
525869,BBB,2013B,0.9510876234949004,75.71428571428571,38.0
527020,BBB,2013B,0.7287217890210883,64.9090909090909,233.0
527313,BBB,2013B,0.73410308646497,73.0,53.0
527343,BBB,2013B,0.9773111132172037,75.71428571428571,30.0
527382,BBB,2013B,0.7305093237633683,67.0,46.0
527659,BBB,2013B,0.8163426661111624,52.666666666666664,63.0
528220,BBB,2013B,0.7544088759532507,64.2,294.0
528918,BBB,2013B,0.8193347370875166,62.0,60.0
529118,BBB,2013B,0.9656809029062832,75.71428571428571,0.0
529174,BBB,2013B,0.7769683719581232,58.22222222222222,329.0
529212,BBB,2013B,0.7135077271272724,67.22222222222223,341.0
529383,BBB,2013B,0.9605004337718839,75.71428571428571,202.0
529767,BBB,2013B,0.9679523038968979,75.71428571428571,0.0
530065,BBB,2013B,0.7849356927218711,60.09090909090909,170.0
530215,BBB,2013B,0.9679523038968979,75.71428571428571,0.0
530226,BBB,2013B,0.7618242102282058,63.5,362.0
530245,BBB,2013B,0.9766032253578545,75.71428571428571,71.0
530266,BBB,2013B,0.8104558954470212,60.0,103.0
530398,BBB,2013B,0.9773111132172037,75.71428571428571,5.0
530483,BBB,2013B,0.9420595667574752,75.71428571428571,0.0
530987,BBB,2013B,0.7285528863516406,54.22222222222222,404.0
531000,BBB,2013B,0.9510876234949004,75.71428571428571,8.0
531205,BBB,2013B,0.7211310406449541,70.5,85.0
531235,BBB,2013B,0.9510876234949004,75.71428571428571,36.0
531427,BBB,2013B,0.7313418368511861,72.875,105.0
531428,BBB,2013B,0.7781147869021028,66.0,90.0
531464,BBB,2013B,0.8143801250136694,55.0,102.0
531481,BBB,2013B,0.9781994555246689,75.71428571428571,0.0
531569,BBB,2013B,0.7663133340074003,70.0,25.0
531573,BBB,2013B,0.8728284134288881,48.0,143.0
531634,BBB,2013B,0.838458298137611,39.0,284.0
531689,BBB,2013B,0.9420595667574752,75.71428571428571,0.0
532000,BBB,2013B,0.9596391096715794,75.71428571428571,201.0
532142,BBB,2013B,0.9773111132172037,75.71428571428571,26.0
532317,BBB,2013B,0.9420595667574752,75.71428571428571,0.0
532500,BBB,2013B,0.8008242714701173,28.285714285714285,460.0
532584,BBB,2013B,0.7240536631931924,69.66666666666667,29.0
532668,BBB,2013B,0.9510876234949004,75.71428571428571,14.0
532742,BBB,2013B,0.9510876234949004,75.71428571428571,8.0
532928,BBB,2013B,0.9031229350856305,75.71428571428571,224.0
533365,BBB,2013B,0.7054305168846946,67.0,182.0
533512,BBB,2013B,0.7653188406504376,55.4,325.0
533737,BBB,2013B,0.9510876234949004,75.71428571428571,6.0
533846,BBB,2013B,0.9605656469566101,75.71428571428571,145.0
533969,BBB,2013B,0.7220911220956995,70.0,72.0
534217,BBB,2013B,0.9420595667574752,75.71428571428571,0.0
534426,BBB,2013B,0.9420595667574752,75.71428571428571,0.0
534530,BBB,2013B,0.9510876234949004,75.71428571428571,3.0
534671,BBB,2013B,0.9538683754260314,75.71428571428571,47.0
534713,BBB,2013B,0.9604846291041567,75.71428571428571,0.0
534758,BBB,2013B,0.9545819152472932,75.71428571428571,0.0
534830,BBB,2013B,0.9604846291041567,75.71428571428571,0.0
534908,BBB,2013B,0.869848980583519,41.0,118.0
534922,BBB,2013B,0.9420595667574752,75.71428571428571,0.0
534991,BBB,2013B,0.7598386065978961,59.90909090909091,203.0
535272,BBB,2013B,0.9604846291041567,75.71428571428571,0.0
535303,BBB,2013B,0.9420595667574752,75.71428571428571,0.0
535526,BBB,2013B,0.9604846291041567,75.71428571428571,0.0
535558,BBB,2013B,0.9604846291041567,75.71428571428571,0.0
535618,BBB,2013B,0.9722580753855629,75.71428571428571,37.0
536050,BBB,2013B,0.9510876234949004,75.71428571428571,55.0
536205,BBB,2013B,0.7003274856186649,71.33333333333333,165.0
536216,BBB,2013B,0.9420595667574752,75.71428571428571,0.0
536243,BBB,2013B,0.9510876234949004,75.71428571428571,22.0
536471,BBB,2013B,0.9420595667574752,75.71428571428571,0.0
536510,BBB,2013B,0.7443819823458648,60.333333333333336,170.0
536519,BBB,2013B,0.9444599654927714,75.71428571428571,142.0
536520,BBB,2013B,0.9420595667574752,75.71428571428571,0.0
536551,BBB,2013B,0.9461532838377518,75.71428571428571,0.0
536670,BBB,2013B,0.9420595667574752,75.71428571428571,0.0
537263,BBB,2013B,0.9604846291041567,75.71428571428571,0.0
537320,BBB,2013B,0.9702012771093199,75.71428571428571,108.0
537433,BBB,2013B,0.9420595667574752,75.71428571428571,0.0
537584,BBB,2013B,0.9420595667574752,75.71428571428571,0.0
537676,BBB,2013B,0.9510876234949004,75.71428571428571,40.0
538138,BBB,2013B,0.7266816534713252,65.0,180.0
539041,BBB,2013B,0.9679523038968979,75.71428571428571,0.0
539416,BBB,2013B,0.9489829023026207,75.71428571428571,128.0
539426,BBB,2013B,0.9510876234949004,75.71428571428571,23.0
539710,BBB,2013B,0.9510876234949004,75.71428571428571,21.0
540122,BBB,2013B,0.9420595667574752,75.71428571428571,0.0
540530,BBB,2013B,0.7168657823228058,66.92307692307692,219.0
540594,BBB,2013B,0.9510876234949004,75.71428571428571,11.0
540767,BBB,2013B,0.9420595667574752,75.71428571428571,0.0
540918,BBB,2013B,0.8016300276348178,55.0,152.0
540953,BBB,2013B,0.9722580753855629,75.71428571428571,7.0
541061,BBB,2013B,0.9510876234949004,75.71428571428571,45.0
541573,BBB,2013B,0.9420595667574752,75.71428571428571,0.0
541709,BBB,2013B,0.9604846291041567,75.71428571428571,0.0
541727,BBB,2013B,0.9489829023026207,75.71428571428571,92.0
541763,BBB,2013B,0.7463399988352232,62.0,123.0
541838,BBB,2013B,0.8531288443216282,37.0,48.0
541884,BBB,2013B,0.9420595667574752,75.71428571428571,0.0
541985,BBB,2013B,0.9510876234949004,75.71428571428571,13.0
542010,BBB,2013B,0.73410308646497,72.75,70.0
542012,BBB,2013B,0.7201414173795311,73.0,96.0
542081,BBB,2013B,0.9722580753855629,75.71428571428571,42.0
542115,BBB,2013B,0.7941250822659117,42.0,458.0
542172,BBB,2013B,0.8521738506182044,18.0,115.0
542259,BBB,2013B,0.8048853070168335,39.18181818181818,634.0
542396,BBB,2013B,0.7201414173795311,73.0,82.0
542543,BBB,2013B,0.8324599032803284,43.0,177.0
542562,BBB,2013B,0.7777310439006071,64.7,122.0
542602,BBB,2013B,0.9722580753855629,75.71428571428571,40.0
542622,BBB,2013B,0.9420595667574752,75.71428571428571,0.0
542692,BBB,2013B,0.8541363917156972,25.0,24.0
542760,BBB,2013B,0.9420595667574752,75.71428571428571,0.0
542991,BBB,2013B,0.7448683370640212,59.333333333333336,226.0
543199,BBB,2013B,0.9420595667574752,75.71428571428571,0.0
543365,BBB,2013B,0.9420595667574752,75.71428571428571,0.0
543465,BBB,2013B,0.9510876234949004,75.71428571428571,13.0
543533,BBB,2013B,0.7230731369150266,59.5,376.0
543630,BBB,2013B,0.7097729300644648,60.375,243.0
543864,BBB,2013B,0.9420595667574752,75.71428571428571,0.0
543896,BBB,2013B,0.9420595667574752,75.71428571428571,0.0
543926,BBB,2013B,0.7680265626538118,61.0,215.0
544017,BBB,2013B,0.7166449275262435,73.5,103.0
544408,BBB,2013B,0.9489829023026207,75.71428571428571,113.0
544435,BBB,2013B,0.9420595667574752,75.71428571428571,0.0
544491,BBB,2013B,0.9420595667574752,75.71428571428571,0.0
544519,BBB,2013B,0.7533714849506924,54.18181818181818,239.0
544639,BBB,2013B,0.8422552342991476,48.666666666666664,82.0
544686,BBB,2013B,0.9420595667574752,75.71428571428571,0.0
544796,BBB,2013B,0.9420595667574752,75.71428571428571,0.0
545001,BBB,2013B,0.9420595667574752,75.71428571428571,0.0
545072,BBB,2013B,0.9510876234949004,75.71428571428571,42.0
545219,BBB,2013B,0.9675981884500087,75.71428571428571,133.0
545240,BBB,2013B,0.9420595667574752,75.71428571428571,0.0
545337,BBB,2013B,0.9672232489337279,75.71428571428571,136.0
545376,BBB,2013B,0.7144089265841813,70.0,212.0
545381,BBB,2013B,0.9510876234949004,75.71428571428571,2.0
545514,BBB,2013B,0.9420595667574752,75.71428571428571,0.0
545521,BBB,2013B,0.9538683754260314,75.71428571428571,26.0
545780,BBB,2013B,0.9420595667574752,75.71428571428571,0.0
545799,BBB,2013B,0.9420595667574752,75.71428571428571,0.0
545896,BBB,2013B,0.9722580753855629,75.71428571428571,6.0
545927,BBB,2013B,0.9604846291041567,75.71428571428571,0.0
546015,BBB,2013B,0.9420595667574752,75.71428571428571,0.0
546019,BBB,2013B,0.7040231090529773,68.0,170.0
546333,BBB,2013B,0.9538683754260314,75.71428571428571,3.0
546455,BBB,2013B,0.9510876234949004,75.71428571428571,27.0
546681,BBB,2013B,0.9510876234949004,75.71428571428571,55.0
546786,BBB,2013B,0.9420595667574752,75.71428571428571,0.0
546811,BBB,2013B,0.8261477311254395,52.375,142.0
546892,BBB,2013B,0.9420595667574752,75.71428571428571,0.0
547052,BBB,2013B,0.9588064839383145,75.71428571428571,0.0
547267,BBB,2013B,0.9722580753855629,75.71428571428571,30.0
547303,BBB,2013B,0.9510876234949004,75.71428571428571,25.0
547372,BBB,2013B,0.8163426661111624,54.666666666666664,39.0
547390,BBB,2013B,0.7220911220956995,68.22222222222223,97.0
547409,BBB,2013B,0.7432292625882668,63.0,124.0
547472,BBB,2013B,0.9420595667574752,75.71428571428571,0.0
547663,BBB,2013B,0.9489829023026207,75.71428571428571,108.0
547855,BBB,2013B,0.9420595667574752,75.71428571428571,0.0
548097,BBB,2013B,0.9467004203735536,75.71428571428571,0.0
548106,BBB,2013B,0.9510876234949004,75.71428571428571,54.0
548307,BBB,2013B,0.7202576652106294,66.5,196.0
548321,BBB,2013B,0.9420595667574752,75.71428571428571,0.0
548344,BBB,2013B,0.8442177753966404,48.0,53.0
548355,BBB,2013B,0.9510876234949004,75.71428571428571,5.0
548403,BBB,2013B,0.8124184365445142,60.0,55.0
548520,BBB,2013B,0.9420595667574752,75.71428571428571,0.0
548800,BBB,2013B,0.9709695423649235,75.71428571428571,81.0
548813,BBB,2013B,0.9510876234949004,75.71428571428571,22.0
548831,BBB,2013B,0.9510876234949004,75.71428571428571,10.0
548881,BBB,2013B,0.9420595667574752,75.71428571428571,0.0
548900,BBB,2013B,0.9510876234949004,75.71428571428571,28.0
548981,BBB,2013B,0.7201414173795311,72.6,99.0
548990,BBB,2013B,0.9545819152472932,75.71428571428571,0.0
549009,BBB,2013B,0.8541363917156972,25.25,58.0
549078,BBB,2013B,0.8373827489304972,43.22222222222222,335.0
549106,BBB,2013B,0.8604900015710958,75.71428571428571,360.0
549143,BBB,2013B,0.9491250823974074,75.71428571428571,72.0
549203,BBB,2013B,0.9420595667574752,75.71428571428571,0.0
549204,BBB,2013B,0.8511663032241352,37.666666666666664,119.0
549278,BBB,2013B,0.9510876234949004,75.71428571428571,22.0
549352,BBB,2013B,0.9420595667574752,75.71428571428571,0.0
549406,BBB,2013B,0.9420595667574752,75.71428571428571,0.0
549512,BBB,2013B,0.707909992610682,75.0,179.0
549563,BBB,2013B,0.9420595667574752,75.71428571428571,0.0
549590,BBB,2013B,0.8109318629875955,57.0,127.0
549622,BBB,2013B,0.9779798020422612,75.71428571428571,2.0
549713,BBB,2013B,0.9519058343285386,75.71428571428571,75.0
550018,BBB,2013B,0.9420595667574752,75.71428571428571,0.0
550051,BBB,2013B,0.7451918036857598,63.0,25.0
550163,BBB,2013B,0.7253178869158112,67.75,77.0
550208,BBB,2013B,0.9467004203735536,75.71428571428571,0.0
550278,BBB,2013B,0.7538466520013768,51.0,415.0
550676,BBB,2013B,0.9420595667574752,75.71428571428571,0.0
550842,BBB,2013B,0.9420595667574752,75.71428571428571,0.0
550898,BBB,2013B,0.7224464495435076,58.22222222222222,297.0
551172,BBB,2013B,0.9689493753210092,75.71428571428571,128.0
551274,BBB,2013B,0.7295329082581563,64.33333333333333,6.0
551504,BBB,2013B,0.9420595667574752,75.71428571428571,0.0
551601,BBB,2013B,0.9420595667574752,75.71428571428571,0.0
551655,BBB,2013B,0.9489829023026207,75.71428571428571,94.0
551724,BBB,2013B,0.9420595667574752,75.71428571428571,0.0
551759,BBB,2013B,0.9510876234949004,75.71428571428571,5.0
551762,BBB,2013B,0.9420595667574752,75.71428571428571,0.0
551891,BBB,2013B,0.9420595667574752,75.71428571428571,0.0
551985,BBB,2013B,0.9510876234949004,75.71428571428571,1.0
552056,BBB,2013B,0.9604846291041567,75.71428571428571,0.0
552069,BBB,2013B,0.9510876234949004,75.71428571428571,34.0
552420,BBB,2013B,0.9420595667574752,75.71428571428571,0.0
552640,BBB,2013B,0.9510876234949004,75.71428571428571,1.0
552719,BBB,2013B,0.9510876234949004,75.71428571428571,3.0
552939,BBB,2013B,0.9420595667574752,75.71428571428571,0.0
553443,BBB,2013B,0.7221039584770239,71.0,45.0
553490,BBB,2013B,0.8104558954470212,60.0,129.0
553526,BBB,2013B,0.9420595667574752,75.71428571428571,0.0
553716,BBB,2013B,0.7054305168846946,66.63636363636364,175.0
553763,BBB,2013B,0.9687740005157021,75.71428571428571,95.0
553800,BBB,2013B,0.8114295759440519,59.6,133.0
553938,BBB,2013B,0.9722580753855629,75.71428571428571,15.0
554139,BBB,2013B,0.9510876234949004,75.71428571428571,56.0
554249,BBB,2013B,0.9588064839383145,75.71428571428571,0.0
554290,BBB,2013B,0.9420595667574752,75.71428571428571,0.0
554362,BBB,2013B,0.9420595667574752,75.71428571428571,0.0
554393,BBB,2013B,0.9510876234949004,75.71428571428571,21.0
554454,BBB,2013B,0.9604846291041567,75.71428571428571,0.0
554482,BBB,2013B,0.9510876234949004,75.71428571428571,6.0
554637,BBB,2013B,0.9510876234949004,75.71428571428571,3.0
554818,BBB,2013B,0.7483025399327161,61.5,17.0
554898,BBB,2013B,0.7959310077945798,42.0,472.0
554920,BBB,2013B,0.9420595667574752,75.71428571428571,0.0
554986,BBB,2013B,0.7368257895334568,20.0,740.0
555035,BBB,2013B,0.817349006852157,59.0,77.0
555212,BBB,2013B,0.9420595667574752,75.71428571428571,0.0
555338,BBB,2013B,0.9467004203735536,75.71428571428571,0.0
555552,BBB,2013B,0.97243345019087,75.71428571428571,33.0
555707,BBB,2013B,0.9420595667574752,75.71428571428571,0.0
555902,BBB,2013B,0.7267252947475287,65.0,89.0
555935,BBB,2013B,0.7112937045261409,67.66666666666667,150.0
555995,BBB,2013B,0.9420595667574752,75.71428571428571,0.0
556077,BBB,2013B,0.9431744641459093,75.71428571428571,149.0
556224,BBB,2013B,0.9420595667574752,75.71428571428571,0.0
556318,BBB,2013B,0.8486048170977999,43.0,75.0
556481,BBB,2013B,0.9510876234949004,75.71428571428571,7.0
556585,BBB,2013B,0.9420595667574752,75.71428571428571,0.0
556929,BBB,2013B,0.9604846291041567,75.71428571428571,0.0
556988,BBB,2013B,0.9489829023026207,75.71428571428571,129.0
557155,BBB,2013B,0.9420595667574752,75.71428571428571,0.0
557170,BBB,2013B,0.9420595667574752,75.71428571428571,0.0
557338,BBB,2013B,0.9420595667574752,75.71428571428571,0.0
557729,BBB,2013B,0.9420595667574752,75.71428571428571,0.0
557803,BBB,2013B,0.9420595667574752,75.71428571428571,0.0
557865,BBB,2013B,0.9420595667574752,75.71428571428571,0.0
557938,BBB,2013B,0.9510876234949004,75.71428571428571,15.0
557997,BBB,2013B,0.9420595667574752,75.71428571428571,0.0
558092,BBB,2013B,0.7860315973482811,49.44444444444444,276.0
558146,BBB,2013B,0.9510876234949004,75.71428571428571,1.0
558163,BBB,2013B,0.7201414173795311,73.0,92.0
558212,BBB,2013B,0.9420595667574752,75.71428571428571,0.0
558231,BBB,2013B,0.9420595667574752,75.71428571428571,0.0
558326,BBB,2013B,0.9420595667574752,75.71428571428571,0.0
558395,BBB,2013B,0.9420595667574752,75.71428571428571,0.0
558602,BBB,2013B,0.8124184365445142,58.0,24.0
558703,BBB,2013B,0.7194809485598316,61.142857142857146,191.0
558903,BBB,2013B,0.7098862966944236,67.85714285714286,144.0
558974,BBB,2013B,0.958883486134406,75.71428571428571,0.0
559011,BBB,2013B,0.7112937045261409,66.66666666666667,154.0
559173,BBB,2013B,0.7166449275262435,75.0,96.0
559227,BBB,2013B,0.9510876234949004,75.71428571428571,5.0
559291,BBB,2013B,0.9420595667574752,75.71428571428571,0.0
559610,BBB,2013B,0.7629960669810062,57.0,205.0
559808,BBB,2013B,0.7272804280133042,68.0,54.0
559989,BBB,2013B,0.8109348109669652,44.0,206.0
560005,BBB,2013B,0.8016300276348178,55.0,144.0
560012,BBB,2013B,0.7313418368511861,72.66666666666667,113.0
560102,BBB,2013B,0.9420595667574752,75.71428571428571,0.0
560117,BBB,2013B,0.7775889894724256,50.833333333333336,225.0
560160,BBB,2013B,0.9510876234949004,75.71428571428571,28.0
560161,BBB,2013B,0.9420595667574752,75.71428571428571,0.0
560185,BBB,2013B,0.8748156475279829,75.71428571428571,262.0
560891,BBB,2013B,0.7432292625882668,63.0,110.0
561718,BBB,2013B,0.7286878358450215,65.0,66.0
562146,BBB,2013B,0.9604846291041567,75.71428571428571,0.0
562483,BBB,2013B,0.9420595667574752,75.71428571428571,0.0
562494,BBB,2013B,0.9510876234949004,75.71428571428571,67.0
563157,BBB,2013B,0.8515398715855036,42.0,58.0
563363,BBB,2013B,0.7721671634237076,54.5,308.0
630346,BBB,2013B,0.9467004203735536,75.71428571428571,0.0
1858523,BBB,2013B,0.7254417700082197,59.888888888888886,314.0
1930254,BBB,2013B,0.9689979935628061,75.71428571428571,49.0
1993672,BBB,2013B,0.7081537117421507,48.8,1503.0
1996746,BBB,2013B,0.9604363035657241,75.71428571428571,0.0
2035022,BBB,2013B,0.720042331518329,92.0,112.0
2076177,BBB,2013B,0.9510876234949004,75.71428571428571,68.0
2216178,BBB,2013B,0.9510876234949004,75.71428571428571,1.0
2243551,BBB,2013B,0.8869408036053055,36.1,119.0
2265234,BBB,2013B,0.9709695423649235,75.71428571428571,83.0
2279538,BBB,2013B,0.854028126370994,52.0,56.0
2287671,BBB,2013B,0.962277938035908,75.71428571428571,0.0
2303034,BBB,2013B,0.8388540427795458,75.71428571428571,481.0
2303848,BBB,2013B,0.9689979935628061,75.71428571428571,55.0
2322046,BBB,2013B,0.7279710174884153,65.0,245.0
2340190,BBB,2013B,0.9614864221042008,75.71428571428571,5.0
2366070,BBB,2013B,0.703032175281924,75.33333333333333,354.0
2394212,BBB,2013B,0.9545819152472932,75.71428571428571,0.0
2399361,BBB,2013B,0.9679523038968979,75.71428571428571,0.0
2415962,BBB,2013B,0.971725562331521,75.71428571428571,79.0
2422639,BBB,2013B,0.9722580753855629,75.71428571428571,26.0
2423078,BBB,2013B,0.7853951832360108,70.0,17.0
2425333,BBB,2013B,0.9467004203735536,75.71428571428571,0.0
2442685,BBB,2013B,0.7656054461480513,70.0,81.0
2444102,BBB,2013B,0.9420595667574752,75.71428571428571,0.0
2445949,BBB,2013B,0.7971886119886079,63.0,20.0
2458984,BBB,2013B,0.710778904821397,73.625,133.0
2466123,BBB,2013B,0.7426643617737517,63.0,4.0
2475034,BBB,2013B,0.9420595667574752,75.71428571428571,0.0
2475780,BBB,2013B,0.7085484004033934,70.18181818181819,221.0
2480865,BBB,2013B,0.9604846291041567,75.71428571428571,0.0
2498182,BBB,2013B,0.9420595667574752,75.71428571428571,0.0
2521745,BBB,2013B,0.7005398349008708,64.54545454545455,198.0
2524127,BBB,2013B,0.7248795336087958,75.0909090909091,238.0
2528352,BBB,2013B,0.7851967395205872,63.8,105.0
2528966,BBB,2013B,0.7029426896872445,69.71428571428571,446.0
2534033,BBB,2013B,0.9576631785037318,75.71428571428571,0.0
2540746,BBB,2013B,0.9510876234949004,75.71428571428571,38.0
2560219,BBB,2013B,0.7400499398327467,62.333333333333336,239.0
2568958,BBB,2013B,0.9420595667574752,75.71428571428571,0.0
2570633,BBB,2013B,0.9803438384252088,75.71428571428571,1.0
2572118,BBB,2013B,0.7356151053812786,70.0,74.0
2578041,BBB,2013B,0.9709370633458453,75.71428571428571,0.0
2587260,BBB,2013B,0.9679523038968979,75.71428571428571,0.0
2597027,BBB,2013B,0.9420595667574752,75.71428571428571,0.0
2598220,BBB,2013B,0.9722580753855629,75.71428571428571,2.0
2617650,BBB,2013B,0.9679523038968979,75.71428571428571,0.0
2654411,BBB,2013B,0.9604846291041567,75.71428571428571,0.0
2664301,BBB,2013B,0.8342479425014245,54.0,51.0
2692381,BBB,2013B,0.9741378009184806,75.71428571428571,0.0
2693974,BBB,2013B,0.9420595667574752,75.71428571428571,0.0
23632,BBB,2013J,0.9420595667574752,75.71428571428571,0.0
25629,BBB,2013J,0.9722580753855629,75.71428571428571,16.0
26677,BBB,2013J,0.9564198806241673,75.71428571428571,0.0
27457,BBB,2013J,0.9420595667574752,75.71428571428571,0.0
47855,BBB,2013J,0.9075951294769214,45.90909090909091,12.0
53360,BBB,2013J,0.9773111132172037,75.71428571428571,22.0
54388,BBB,2013J,0.9717330615664107,75.71428571428571,42.0
56340,BBB,2013J,0.9510876234949004,75.71428571428571,4.0
57369,BBB,2013J,0.9420595667574752,75.71428571428571,0.0
61118,BBB,2013J,0.9703505347484379,75.71428571428571,0.0
63044,BBB,2013J,0.7559483109846633,64.0,231.0
64246,BBB,2013J,0.9604846291041567,75.71428571428571,0.0
65807,BBB,2013J,0.9679523038968979,75.71428571428571,0.0
67863,BBB,2013J,0.9604890193424273,75.71428571428571,0.0
68556,BBB,2013J,0.8109318629875955,57.0,98.0
69843,BBB,2013J,0.9604890193424273,75.71428571428571,0.0
72057,BBB,2013J,0.9604846291041567,75.71428571428571,0.0
74169,BBB,2013J,0.9420595667574752,75.71428571428571,0.0
86291,BBB,2013J,0.7194326828060446,69.58333333333333,197.0
119898,BBB,2013J,0.7219585295864548,68.81818181818181,167.0
125874,BBB,2013J,0.9538683754260314,75.71428571428571,45.0
133269,BBB,2013J,0.9467004203735536,75.71428571428571,0.0
139549,BBB,2013J,0.7096377543179212,66.18181818181819,286.0
151800,BBB,2013J,0.7267252947475287,65.0,85.0
152867,BBB,2013J,0.9675692298199572,75.71428571428571,28.0
156788,BBB,2013J,0.9703505347484379,75.71428571428571,0.0
162646,BBB,2013J,0.9604890193424273,75.71428571428571,0.0
165823,BBB,2013J,0.7267252947475287,65.0,74.0
174440,BBB,2013J,0.7820867215682438,58.5,196.0
178738,BBB,2013J,0.7408836132073122,68.0,161.0
178963,BBB,2013J,0.7570761911850277,74.0,118.0
179254,BBB,2013J,0.7672081616650397,66.75,45.0
184236,BBB,2013J,0.9467004203735536,75.71428571428571,0.0
184897,BBB,2013J,0.9420595667574752,75.71428571428571,0.0
185597,BBB,2013J,0.9545819152472932,75.71428571428571,0.0
199663,BBB,2013J,0.7339180155513485,53.09090909090909,403.0
202879,BBB,2013J,0.7851967395205872,64.0,117.0
227416,BBB,2013J,0.7220911220956995,69.44444444444444,93.0
228243,BBB,2013J,0.9604846291041567,75.71428571428571,0.0
228513,BBB,2013J,0.9789952571085915,75.71428571428571,0.0
235258,BBB,2013J,0.981482340909946,75.71428571428571,15.0
238825,BBB,2013J,0.9420595667574752,75.71428571428571,0.0
241338,BBB,2013J,0.7278453469978987,73.6,85.0
242149,BBB,2013J,0.7016994063748114,67.25,372.0
243047,BBB,2013J,0.9604846291041567,75.71428571428571,0.0
243909,BBB,2013J,0.7308715498771413,64.0,42.0
244917,BBB,2013J,0.9420595667574752,75.71428571428571,0.0
248800,BBB,2013J,0.7680668820242259,70.0,92.0
256998,BBB,2013J,0.7493922963332232,60.27272727272727,303.0
259182,BBB,2013J,0.9663089122754848,75.71428571428571,0.0
260179,BBB,2013J,0.7240026493742765,75.2,164.0
264842,BBB,2013J,0.962277938035908,75.71428571428571,0.0
270646,BBB,2013J,0.7167937103728725,72.63636363636364,190.0
271346,BBB,2013J,0.9646124838244364,75.71428571428571,195.0
272172,BBB,2013J,0.7572979089194518,60.5,242.0
272617,BBB,2013J,0.7661171773080574,71.8,97.0
274577,BBB,2013J,0.9604890193424273,75.71428571428571,0.0
278272,BBB,2013J,0.7184699870256075,73.2,274.0
278773,BBB,2013J,0.9604846291041567,75.71428571428571,0.0
280140,BBB,2013J,0.7870884936979842,65.0,107.0
280151,BBB,2013J,0.7870684339118713,74.0,71.0
280439,BBB,2013J,0.9604846291041567,75.71428571428571,0.0
282038,BBB,2013J,0.7266816534713252,65.0,187.0
285050,BBB,2013J,0.8100547680921539,51.55555555555556,370.0
286690,BBB,2013J,0.7821848543503848,56.833333333333336,237.0
289753,BBB,2013J,0.7561068835111286,67.5,239.0
293760,BBB,2013J,0.8188598500850733,59.63636363636363,157.0
299561,BBB,2013J,0.9548946860043899,75.71428571428571,0.0
304069,BBB,2013J,0.8341356226032195,53.0,91.0
305173,BBB,2013J,0.8657823500813377,50.0,41.0
305547,BBB,2013J,0.9663089122754848,75.71428571428571,0.0
305812,BBB,2013J,0.9668932723705265,75.71428571428571,97.0
305935,BBB,2013J,0.7104485203645692,92.54545454545455,53.0
307193,BBB,2013J,0.9420595667574752,75.71428571428571,0.0
308359,BBB,2013J,0.7637772344586423,70.0,75.0
308509,BBB,2013J,0.9722580753855629,75.71428571428571,41.0
308852,BBB,2013J,0.7451918036857598,63.0,56.0
312531,BBB,2013J,0.9663089122754848,75.71428571428571,0.0
322728,BBB,2013J,0.9865594770724079,75.71428571428571,78.0
324319,BBB,2013J,0.9685035715631463,75.71428571428571,49.0
324614,BBB,2013J,0.7828515044060225,62.25,161.0
332257,BBB,2013J,0.9689979935628061,75.71428571428571,54.0
335481,BBB,2013J,0.7993981671765928,63.0,18.0
336646,BBB,2013J,0.8109016886545206,60.0,75.0
338878,BBB,2013J,0.9588511739811354,75.71428571428571,0.0
339656,BBB,2013J,0.9420595667574752,75.71428571428571,0.0
340661,BBB,2013J,0.962277938035908,75.71428571428571,0.0
342678,BBB,2013J,0.9637484907797561,75.71428571428571,0.0
349675,BBB,2013J,0.8378740424770834,59.25,13.0
355591,BBB,2013J,0.8742783656905524,46.0,0.0
355692,BBB,2013J,0.9420595667574752,75.71428571428571,0.0
358289,BBB,2013J,0.9732746996012497,75.71428571428571,0.0
360101,BBB,2013J,0.9420595667574752,75.71428571428571,0.0
360876,BBB,2013J,0.8689529971461508,45.0,31.0
361988,BBB,2013J,0.9604846291041567,75.71428571428571,0.0
362907,BBB,2013J,0.9588511739811354,75.71428571428571,0.0
363151,BBB,2013J,0.9454348065467231,75.71428571428571,0.0
363711,BBB,2013J,0.9604890193424273,75.71428571428571,0.0
364185,BBB,2013J,0.9604846291041567,75.71428571428571,0.0
365060,BBB,2013J,0.8503331730583038,49.0,178.0
365288,BBB,2013J,0.9510876234949004,75.71428571428571,9.0
369507,BBB,2013J,0.9510876234949004,75.71428571428571,43.0
371888,BBB,2013J,0.7286878358450215,65.0,45.0
373633,BBB,2013J,0.9706778469366768,75.71428571428571,0.0
378721,BBB,2013J,0.7486341317962257,69.25,138.0
379983,BBB,2013J,0.9689979935628061,75.71428571428571,50.0
380205,BBB,2013J,0.7536557582866535,71.33333333333333,133.0
385040,BBB,2013J,0.7598374407988114,74.5,69.0
386904,BBB,2013J,0.9420595667574752,75.71428571428571,0.0
387276,BBB,2013J,0.9663089122754848,75.71428571428571,0.0
387378,BBB,2013J,0.9420595667574752,75.71428571428571,0.0
388052,BBB,2013J,0.7181257736282114,75.0,84.0
395073,BBB,2013J,0.7649315057523361,71.71428571428571,120.0
395358,BBB,2013J,0.9420595667574752,75.71428571428571,0.0
396256,BBB,2013J,0.9604890193424273,75.71428571428571,0.0
397590,BBB,2013J,0.9467004203735536,75.71428571428571,0.0
398315,BBB,2013J,0.9679523038968979,75.71428571428571,0.0
398956,BBB,2013J,0.8157746934148682,59.125,88.0
401319,BBB,2013J,0.9467004203735536,75.71428571428571,0.0
408106,BBB,2013J,0.9637484907797561,75.71428571428571,0.0
408975,BBB,2013J,0.7432292625882668,62.857142857142854,121.0
409160,BBB,2013J,0.7347530532313448,73.0,210.0
411126,BBB,2013J,0.9604890193424273,75.71428571428571,0.0
411226,BBB,2013J,0.8157746934148682,58.5,118.0
413052,BBB,2013J,0.9136488555317781,75.71428571428571,265.0
413248,BBB,2013J,0.9420595667574752,75.71428571428571,0.0
415546,BBB,2013J,0.758142963890678,58.42857142857143,223.0
417677,BBB,2013J,0.9604890193424273,75.71428571428571,0.0
417967,BBB,2013J,0.9604846291041567,75.71428571428571,0.0
420724,BBB,2013J,0.7057390505436135,71.2,225.0
421018,BBB,2013J,0.7950243052256338,57.75,151.0
422505,BBB,2013J,0.9604890193424273,75.71428571428571,0.0
424539,BBB,2013J,0.7254606266848209,69.4,230.0
425817,BBB,2013J,0.704500035752244,69.6,366.0
430352,BBB,2013J,0.9604846291041567,75.71428571428571,0.0
434035,BBB,2013J,0.9663089122754848,75.71428571428571,0.0
437030,BBB,2013J,0.962277938035908,75.71428571428571,0.0
439294,BBB,2013J,0.7665721691092293,70.0,5.0
439684,BBB,2013J,0.9604890193424273,75.71428571428571,0.0
440751,BBB,2013J,0.7171651306621718,67.0,0.0
442144,BBB,2013J,0.9663089122754848,75.71428571428571,0.0
443923,BBB,2013J,0.8128944040850884,56.0,44.0
444225,BBB,2013J,0.9675403527051906,75.71428571428571,46.0
444729,BBB,2013J,0.9637484907797561,75.71428571428571,0.0
444960,BBB,2013J,0.9298066948677771,75.71428571428571,199.0
445230,BBB,2013J,0.9570597655732881,75.71428571428571,117.0
445351,BBB,2013J,0.7439810998809275,65.75,110.0
446345,BBB,2013J,0.701213337304856,73.7,150.0
446873,BBB,2013J,0.7417133255872997,72.0,66.0
447086,BBB,2013J,0.7371051646397,74.45454545454545,156.0
467179,BBB,2013J,0.9690472654957007,75.71428571428571,122.0
467330,BBB,2013J,0.9668687147383512,75.71428571428571,0.0
467721,BBB,2013J,0.9604846291041567,75.71428571428571,0.0
468187,BBB,2013J,0.9738270383473427,75.71428571428571,94.0
468482,BBB,2013J,0.7989105475802463,56.0,7.0
475241,BBB,2013J,0.7235719681976674,70.0,95.0
475682,BBB,2013J,0.9604890193424273,75.71428571428571,0.0
476816,BBB,2013J,0.717178157022593,80.5,300.0
478718,BBB,2013J,0.7830130254884675,65.0,90.0
481448,BBB,2013J,0.70106692532144,68.55555555555556,0.0
482556,BBB,2013J,0.9491250823974074,75.71428571428571,76.0
483135,BBB,2013J,0.9604890193424273,75.71428571428571,0.0
483339,BBB,2013J,0.9689979935628061,75.71428571428571,3.0
484446,BBB,2013J,0.9703505347484379,75.71428571428571,0.0
485439,BBB,2013J,0.8286688217689179,41.25,337.0
485560,BBB,2013J,0.9679523038968979,75.71428571428571,0.0
486550,BBB,2013J,0.9420595667574752,75.71428571428571,0.0
488176,BBB,2013J,0.9510876234949004,75.71428571428571,16.0
488908,BBB,2013J,0.9656809029062832,75.71428571428571,0.0
489320,BBB,2013J,0.7350231451099853,68.14285714285714,166.0
489966,BBB,2013J,0.9588064839383145,75.71428571428571,0.0
490500,BBB,2013J,0.8342479425014245,54.0,69.0
491097,BBB,2013J,0.787048103020696,69.6,58.0
491758,BBB,2013J,0.9420595667574752,75.71428571428571,0.0
491907,BBB,2013J,0.7004386610199392,76.0,68.0
492229,BBB,2013J,0.9576631785037318,75.71428571428571,0.0
492247,BBB,2013J,0.9510876234949004,75.71428571428571,25.0
493672,BBB,2013J,0.9420595667574752,75.71428571428571,0.0
493891,BBB,2013J,0.9420595667574752,75.71428571428571,0.0
493999,BBB,2013J,0.7076142309168144,63.5,164.0
495625,BBB,2013J,0.7165768640379351,68.45454545454545,233.0
495875,BBB,2013J,0.9604890193424273,75.71428571428571,0.0
495913,BBB,2013J,0.7116947507082624,69.875,191.0
497925,BBB,2013J,0.9689979935628061,75.71428571428571,2.0
498543,BBB,2013J,0.7556679717015246,65.25,159.0
498755,BBB,2013J,0.7567780193348159,55.72727272727273,385.0
498892,BBB,2013J,0.7240536631931924,70.0,26.0
499373,BBB,2013J,0.9452595709150796,75.71428571428571,222.0
500135,BBB,2013J,0.7205926999535354,62.77777777777778,357.0
500279,BBB,2013J,0.8139857534813857,57.0,141.0
500625,BBB,2013J,0.9510876234949004,75.71428571428571,19.0
501208,BBB,2013J,0.7911990053276042,55.111111111111114,203.0
501862,BBB,2013J,0.9510876234949004,75.71428571428571,5.0
502391,BBB,2013J,0.9679523038968979,75.71428571428571,0.0
502452,BBB,2013J,0.9604846291041567,75.71428571428571,0.0
502621,BBB,2013J,0.962277938035908,75.71428571428571,0.0
504013,BBB,2013J,0.7693391889402359,66.57142857142857,69.0
504842,BBB,2013J,0.9420595667574752,75.71428571428571,0.0
505595,BBB,2013J,0.8049313434531652,46.166666666666664,454.0
506980,BBB,2013J,0.7260307257274863,76.0,108.0
507279,BBB,2013J,0.7969480064827533,56.5,119.0
507389,BBB,2013J,0.9420595667574752,75.71428571428571,0.0
507676,BBB,2013J,0.7662692677313729,70.0,62.0
507944,BBB,2013J,0.9420595667574752,75.71428571428571,0.0
508047,BBB,2013J,0.760572681038315,71.0,96.0
508414,BBB,2013J,0.9689979935628061,75.71428571428571,5.0
508422,BBB,2013J,0.7657397755561353,70.0,38.0
508517,BBB,2013J,0.7621055385355365,74.0,46.0
509236,BBB,2013J,0.7088282503073668,69.55555555555556,269.0
510438,BBB,2013J,0.9510876234949004,75.71428571428571,7.0
510650,BBB,2013J,0.962277938035908,75.71428571428571,0.0
510868,BBB,2013J,0.8607211491755402,45.75,6.0
512883,BBB,2013J,0.7788828721435249,55.5,255.0
513076,BBB,2013J,0.818731239053448,54.8,216.0
513648,BBB,2013J,0.9604846291041567,75.71428571428571,0.0
514043,BBB,2013J,0.7271814480494794,75.54545454545455,146.0
514824,BBB,2013J,0.9604890193424273,75.71428571428571,0.0
515203,BBB,2013J,0.8336504594424484,59.25,81.0
515209,BBB,2013J,0.9604846291041567,75.71428571428571,0.0
515417,BBB,2013J,0.9779798020422612,75.71428571428571,23.0
516055,BBB,2013J,0.9604846291041567,75.71428571428571,0.0
516165,BBB,2013J,0.9510876234949004,75.71428571428571,2.0
516212,BBB,2013J,0.9420595667574752,75.71428571428571,0.0
516214,BBB,2013J,0.9606676220550256,75.71428571428571,158.0
516447,BBB,2013J,0.975847926099467,75.71428571428571,1.0
516926,BBB,2013J,0.7226118867469221,70.28571428571429,130.0
517016,BBB,2013J,0.9538683754260314,75.71428571428571,18.0
517075,BBB,2013J,0.9604846291041567,75.71428571428571,0.0
517922,BBB,2013J,0.9420595667574752,75.71428571428571,0.0
518029,BBB,2013J,0.9670354524653132,75.71428571428571,74.0
518126,BBB,2013J,0.7443836509964035,66.22222222222223,228.0
519622,BBB,2013J,0.7611660480646109,87.875,104.0
519751,BBB,2013J,0.9420595667574752,75.71428571428571,0.0
519945,BBB,2013J,0.9510876234949004,75.71428571428571,17.0
520024,BBB,2013J,0.7254417700082197,59.30769230769231,323.0
520100,BBB,2013J,0.7286878358450215,67.0,16.0
520153,BBB,2013J,0.9803438384252088,75.71428571428571,8.0
521209,BBB,2013J,0.9604846291041567,75.71428571428571,0.0
521456,BBB,2013J,0.9420595667574752,75.71428571428571,0.0
521509,BBB,2013J,0.7111362804044803,70.83333333333333,176.0
521666,BBB,2013J,0.9773111132172037,75.71428571428571,1.0
521895,BBB,2013J,0.7108105206958603,73.44444444444444,144.0
521957,BBB,2013J,0.7774180590948354,60.76923076923077,267.0
522622,BBB,2013J,0.8255253710859363,60.5,21.0
523331,BBB,2013J,0.9510876234949004,75.71428571428571,7.0
523398,BBB,2013J,0.9604890193424273,75.71428571428571,0.0
523757,BBB,2013J,0.8730214856615713,38.5,54.0
523885,BBB,2013J,0.9420595667574752,75.71428571428571,0.0
524076,BBB,2013J,0.8124184365445142,60.0,22.0
524496,BBB,2013J,0.9668932723705265,75.71428571428571,111.0
525877,BBB,2013J,0.7780522688056531,54.333333333333336,274.0
526088,BBB,2013J,0.7166449275262435,74.28571428571429,102.0
527689,BBB,2013J,0.9420595667574752,75.71428571428571,0.0
528056,BBB,2013J,0.7621440585514425,75.0,43.0
528204,BBB,2013J,0.9510876234949004,75.71428571428571,33.0
528464,BBB,2013J,0.7017025109339003,65.81818181818181,251.0
528642,BBB,2013J,0.9772040180700056,75.71428571428571,134.0
529000,BBB,2013J,0.9538683754260314,75.71428571428571,28.0
529163,BBB,2013J,0.9689979935628061,75.71428571428571,12.0
529597,BBB,2013J,0.8780604900131678,38.5,109.0
529795,BBB,2013J,0.7201414173795311,72.66666666666667,115.0
531287,BBB,2013J,0.9420595667574752,75.71428571428571,0.0
532114,BBB,2013J,0.7765623853371324,60.2,80.0
533414,BBB,2013J,0.9773111132172037,75.71428571428571,34.0
533449,BBB,2013J,0.9510876234949004,75.71428571428571,11.0
534816,BBB,2013J,0.7158369658013519,74.81818181818181,198.0
535168,BBB,2013J,0.9604846291041567,75.71428571428571,0.0
536409,BBB,2013J,0.9604846291041567,75.71428571428571,0.0
536487,BBB,2013J,0.9689979935628061,75.71428571428571,28.0
536663,BBB,2013J,0.7289090087796484,64.0,89.0
536664,BBB,2013J,0.9420595667574752,75.71428571428571,0.0
539299,BBB,2013J,0.9604890193424273,75.71428571428571,0.0
539414,BBB,2013J,0.9510876234949004,75.71428571428571,2.0
539426,BBB,2013J,0.9689979935628061,75.71428571428571,23.0
539670,BBB,2013J,0.8653427000891483,44.5,20.0
541842,BBB,2013J,0.9420595667574752,75.71428571428571,0.0
542472,BBB,2013J,0.9731870860832271,75.71428571428571,7.0
542562,BBB,2013J,0.8451821334393435,64.7,122.0
543199,BBB,2013J,0.9637484907797561,75.71428571428571,0.0
543279,BBB,2013J,0.7867543055547395,56.8,191.0
543418,BBB,2013J,0.7286878358450215,65.83333333333333,52.0
545247,BBB,2013J,0.9420595667574752,75.71428571428571,0.0
545297,BBB,2013J,0.7200883147257043,75.0,32.0
545521,BBB,2013J,0.9678026791059454,75.71428571428571,26.0
546124,BBB,2013J,0.9604846291041567,75.71428571428571,0.0
546195,BBB,2013J,0.7849333012233093,55.0,0.0
547266,BBB,2013J,0.9420595667574752,75.71428571428571,0.0
547979,BBB,2013J,0.9722580753855629,75.71428571428571,12.0
549873,BBB,2013J,0.7228911409533257,62.0,420.0
551136,BBB,2013J,0.9510876234949004,75.71428571428571,11.0
551205,BBB,2013J,0.7652456205675467,66.81818181818181,120.0
551628,BBB,2013J,0.97243345019087,75.71428571428571,40.0
552177,BBB,2013J,0.7240536631931924,70.0,29.0
552865,BBB,2013J,0.9510876234949004,75.71428571428571,2.0
552883,BBB,2013J,0.818056894711506,58.0,54.0
553556,BBB,2013J,0.9604846291041567,75.71428571428571,0.0
553825,BBB,2013J,0.7313418368511861,72.5,106.0
553893,BBB,2013J,0.8416128126985646,56.0,25.0
554297,BBB,2013J,0.8492147315767368,41.0,201.0
555061,BBB,2013J,0.7711622402890304,68.0,60.0
555789,BBB,2013J,0.9420595667574752,75.71428571428571,0.0
556062,BBB,2013J,0.8458424804022299,45.5,61.0
556175,BBB,2013J,0.7091571413686865,67.81818181818181,225.0
556738,BBB,2013J,0.9722580753855629,75.71428571428571,60.0
558755,BBB,2013J,0.8104558954470212,59.0,100.0
560030,BBB,2013J,0.8189936453411748,54.0,259.0
560490,BBB,2013J,0.9709523573765612,75.71428571428571,0.0
560559,BBB,2013J,0.9420595667574752,75.71428571428571,0.0
560676,BBB,2013J,0.7969472905884206,45.0,260.0
561674,BBB,2013J,0.9722580753855629,75.71428571428571,14.0
561932,BBB,2013J,0.9420595667574752,75.71428571428571,0.0
563022,BBB,2013J,0.9604846291041567,75.71428571428571,0.0
563063,BBB,2013J,0.9420595667574752,75.71428571428571,0.0
563174,BBB,2013J,0.7483025399327161,62.5,33.0
563769,BBB,2013J,0.7954179548488709,49.54545454545455,217.0
564300,BBB,2013J,0.9604846291041567,75.71428571428571,0.0
564791,BBB,2013J,0.9604846291041567,75.71428571428571,0.0
564930,BBB,2013J,0.9420595667574752,75.71428571428571,0.0
564972,BBB,2013J,0.9715501875262137,75.71428571428571,78.0
565035,BBB,2013J,0.9604846291041567,75.71428571428571,0.0
565402,BBB,2013J,0.770242040683951,65.0,1.0
565518,BBB,2013J,0.9714203347213101,75.71428571428571,0.0
565819,BBB,2013J,0.9604846291041567,75.71428571428571,0.0
566339,BBB,2013J,0.7814848347995009,55.111111111111114,155.0
567013,BBB,2013J,0.7989105475802463,56.8,44.0
567059,BBB,2013J,0.7313418368511861,72.44444444444444,97.0
567145,BBB,2013J,0.9420595667574752,75.71428571428571,0.0
567598,BBB,2013J,0.9604846291041567,75.71428571428571,0.0
567915,BBB,2013J,0.7691941978859476,52.111111111111114,263.0
567925,BBB,2013J,0.9420595667574752,75.71428571428571,0.0
568293,BBB,2013J,0.9604846291041567,75.71428571428571,0.0
568502,BBB,2013J,0.7271054932596308,60.81818181818182,266.0
568523,BBB,2013J,0.9420595667574752,75.71428571428571,0.0
569334,BBB,2013J,0.7468872099180309,65.33333333333333,85.0
569426,BBB,2013J,0.9420595667574752,75.71428571428571,0.0
570177,BBB,2013J,0.9779798020422612,75.71428571428571,42.0
570519,BBB,2013J,0.8531288443216282,38.0,33.0
570862,BBB,2013J,0.9722580753855629,75.71428571428571,2.0
570970,BBB,2013J,0.9718961788278773,75.71428571428571,30.0
571143,BBB,2013J,0.9461532838377518,75.71428571428571,0.0
571601,BBB,2013J,0.9510876234949004,75.71428571428571,60.0
571672,BBB,2013J,0.9510876234949004,75.71428571428571,29.0
571770,BBB,2013J,0.9545819152472932,75.71428571428571,0.0
571794,BBB,2013J,0.9420595667574752,75.71428571428571,0.0
572029,BBB,2013J,0.9604846291041567,75.71428571428571,0.0
572054,BBB,2013J,0.9420595667574752,75.71428571428571,0.0
572131,BBB,2013J,0.818056894711506,59.0,17.0
572173,BBB,2013J,0.9722580753855629,75.71428571428571,11.0
572626,BBB,2013J,0.9420595667574752,75.71428571428571,0.0
572770,BBB,2013J,0.9604846291041567,75.71428571428571,0.0
572937,BBB,2013J,0.8260375551684731,52.333333333333336,38.0
573208,BBB,2013J,0.7131151924444878,66.8,152.0
573223,BBB,2013J,0.9510876234949004,75.71428571428571,22.0
573275,BBB,2013J,0.9538683754260314,75.71428571428571,16.0
573321,BBB,2013J,0.9420595667574752,75.71428571428571,0.0
573409,BBB,2013J,0.962277938035908,75.71428571428571,0.0
573431,BBB,2013J,0.9420595667574752,75.71428571428571,0.0
573485,BBB,2013J,0.9604846291041567,75.71428571428571,0.0
573487,BBB,2013J,0.8359195580039035,55.0,32.0
573683,BBB,2013J,0.9420595667574752,75.71428571428571,0.0
573758,BBB,2013J,0.9420595667574752,75.71428571428571,0.0
573810,BBB,2013J,0.9604846291041567,75.71428571428571,0.0
574051,BBB,2013J,0.7921458723369824,52.666666666666664,267.0
574053,BBB,2013J,0.9420595667574752,75.71428571428571,0.0
574146,BBB,2013J,0.9420595667574752,75.71428571428571,0.0
574276,BBB,2013J,0.9604846291041567,75.71428571428571,0.0
574319,BBB,2013J,0.9722580753855629,75.71428571428571,13.0
574591,BBB,2013J,0.9703505347484379,75.71428571428571,0.0
574674,BBB,2013J,0.9420595667574752,75.71428571428571,0.0
574727,BBB,2013J,0.9420595667574752,75.71428571428571,0.0
574783,BBB,2013J,0.9510876234949004,75.71428571428571,17.0
574962,BBB,2013J,0.9604846291041567,75.71428571428571,0.0
574998,BBB,2013J,0.9604846291041567,75.71428571428571,0.0
575089,BBB,2013J,0.7269462735788892,65.6,148.0
575100,BBB,2013J,0.8537290042590219,42.666666666666664,159.0
575207,BBB,2013J,0.9604846291041567,75.71428571428571,0.0
575281,BBB,2013J,0.7289090087796484,63.77777777777778,86.0
575421,BBB,2013J,0.9420595667574752,75.71428571428571,0.0
575423,BBB,2013J,0.9766912690216217,75.71428571428571,83.0
575480,BBB,2013J,0.9510876234949004,75.71428571428571,18.0
575672,BBB,2013J,0.9420595667574752,75.71428571428571,0.0
575794,BBB,2013J,0.9420595667574752,75.71428571428571,0.0
575897,BBB,2013J,0.9420595667574752,75.71428571428571,0.0
575992,BBB,2013J,0.9604846291041567,75.71428571428571,0.0
576046,BBB,2013J,0.9722580753855629,75.71428571428571,5.0
576098,BBB,2013J,0.9604846291041567,75.71428571428571,0.0
576226,BBB,2013J,0.7185420864858831,70.75,131.0
576513,BBB,2013J,0.9420595667574752,75.71428571428571,0.0
576550,BBB,2013J,0.9703505347484379,75.71428571428571,0.0
576664,BBB,2013J,0.9420595667574752,75.71428571428571,0.0
576815,BBB,2013J,0.8314650031289128,52.0,31.0
576947,BBB,2013J,0.7483025399327161,62.0,17.0
576985,BBB,2013J,0.9604846291041567,75.71428571428571,0.0
576996,BBB,2013J,0.9687740005157021,75.71428571428571,98.0
577007,BBB,2013J,0.9538683754260314,75.71428571428571,17.0
577049,BBB,2013J,0.9420595667574752,75.71428571428571,0.0
577215,BBB,2013J,0.9420595667574752,75.71428571428571,0.0
577239,BBB,2013J,0.9510876234949004,75.71428571428571,10.0
577347,BBB,2013J,0.7112937045261409,67.66666666666667,147.0
577449,BBB,2013J,0.9420595667574752,75.71428571428571,0.0
577659,BBB,2013J,0.8486048170977999,43.5,117.0
577692,BBB,2013J,0.8157746934148682,59.333333333333336,113.0
577695,BBB,2013J,0.9722580753855629,75.71428571428571,6.0
577905,BBB,2013J,0.8574248286674718,49.5,7.0
577949,BBB,2013J,0.9722580753855629,75.71428571428571,21.0
577992,BBB,2013J,0.9604846291041567,75.71428571428571,0.0
578062,BBB,2013J,0.7186074686237365,74.5,10.0
578264,BBB,2013J,0.97243345019087,75.71428571428571,10.0
578447,BBB,2013J,0.710778904821397,73.44444444444444,132.0
578520,BBB,2013J,0.9420595667574752,75.71428571428571,0.0
578598,BBB,2013J,0.9604846291041567,75.71428571428571,0.0
578739,BBB,2013J,0.9510876234949004,75.71428571428571,3.0
578953,BBB,2013J,0.9722580753855629,75.71428571428571,9.0
579046,BBB,2013J,0.9510876234949004,75.71428571428571,18.0
579050,BBB,2013J,0.9604846291041567,75.71428571428571,0.0
579256,BBB,2013J,0.9420595667574752,75.71428571428571,0.0
579259,BBB,2013J,0.9722580753855629,75.71428571428571,67.0
579300,BBB,2013J,0.9420595667574752,75.71428571428571,0.0
579448,BBB,2013J,0.9604846291041567,75.71428571428571,0.0
579486,BBB,2013J,0.9510876234949004,75.71428571428571,60.0
579575,BBB,2013J,0.770524081034018,59.0,210.0
579718,BBB,2013J,0.9510876234949004,75.71428571428571,37.0
580314,BBB,2013J,0.9510876234949004,75.71428571428571,6.0
580328,BBB,2013J,0.9478070902369273,75.71428571428571,135.0
580360,BBB,2013J,0.7059953285050056,73.0,139.0
580654,BBB,2013J,0.9604846291041567,75.71428571428571,0.0
580854,BBB,2013J,0.9420595667574752,75.71428571428571,0.0
581027,BBB,2013J,0.9702012771093199,75.71428571428571,91.0
581492,BBB,2013J,0.9461532838377518,75.71428571428571,0.0
581493,BBB,2013J,0.9461532838377518,75.71428571428571,0.0
581530,BBB,2013J,0.7267252947475287,65.375,81.0
581672,BBB,2013J,0.9420595667574752,75.71428571428571,0.0
581959,BBB,2013J,0.9604846291041567,75.71428571428571,0.0
582084,BBB,2013J,0.9604846291041567,75.71428571428571,0.0
582093,BBB,2013J,0.8128944040850884,56.0,31.0
582182,BBB,2013J,0.9604846291041567,75.71428571428571,0.0
582218,BBB,2013J,0.8574248286674718,49.2,44.0
582404,BBB,2013J,0.9420595667574752,75.71428571428571,0.0
582406,BBB,2013J,0.7201414173795311,71.71428571428571,118.0
582439,BBB,2013J,0.9510876234949004,75.71428571428571,5.0
582443,BBB,2013J,0.9420595667574752,75.71428571428571,0.0
582469,BBB,2013J,0.9604846291041567,75.71428571428571,0.0
582806,BBB,2013J,0.9538683754260314,75.71428571428571,16.0
582833,BBB,2013J,0.8104558954470212,59.81818181818182,87.0
582963,BBB,2013J,0.9722580753855629,75.71428571428571,6.0
583007,BBB,2013J,0.9538683754260314,75.71428571428571,1.0
583021,BBB,2013J,0.9420595667574752,75.71428571428571,0.0
583065,BBB,2013J,0.9420595667574752,75.71428571428571,0.0
583098,BBB,2013J,0.7404565729820182,52.09090909090909,454.0
583179,BBB,2013J,0.9510876234949004,75.71428571428571,48.0
583235,BBB,2013J,0.9420595667574752,75.71428571428571,0.0
583301,BBB,2013J,0.9722580753855629,75.71428571428571,2.0
583333,BBB,2013J,0.9420595667574752,75.71428571428571,0.0
583367,BBB,2013J,0.9510876234949004,75.71428571428571,25.0
583429,BBB,2013J,0.9545819152472932,75.71428571428571,0.0
583534,BBB,2013J,0.9510876234949004,75.71428571428571,49.0
583832,BBB,2013J,0.9420595667574752,75.71428571428571,0.0
583967,BBB,2013J,0.9420595667574752,75.71428571428571,0.0
583977,BBB,2013J,0.7891611175841874,57.90909090909091,178.0
584223,BBB,2013J,0.9420595667574752,75.71428571428571,0.0
584238,BBB,2013J,0.8104558954470212,59.0,83.0
584342,BBB,2013J,0.9420595667574752,75.71428571428571,0.0
584374,BBB,2013J,0.9420595667574752,75.71428571428571,0.0
584408,BBB,2013J,0.7211310406449541,70.5,119.0
584534,BBB,2013J,0.962277938035908,75.71428571428571,0.0
584580,BBB,2013J,0.8143801250136694,53.5,107.0
584588,BBB,2013J,0.9420595667574752,75.71428571428571,0.0
584611,BBB,2013J,0.7626913907664715,62.0,133.0
584676,BBB,2013J,0.9604846291041567,75.71428571428571,0.0
584735,BBB,2013J,0.7069849517704287,70.5,142.0
584892,BBB,2013J,0.9420595667574752,75.71428571428571,0.0
585004,BBB,2013J,0.9604846291041567,75.71428571428571,0.0
585074,BBB,2013J,0.8541363917156972,30.2,21.0
585342,BBB,2013J,0.9604846291041567,75.71428571428571,0.0
585355,BBB,2013J,0.9420595667574752,75.71428571428571,0.0
585459,BBB,2013J,0.9420595667574752,75.71428571428571,0.0
585461,BBB,2013J,0.9420595667574752,75.71428571428571,0.0
585618,BBB,2013J,0.9420595667574752,75.71428571428571,0.0
585764,BBB,2013J,0.9517636542337519,75.71428571428571,99.0
585790,BBB,2013J,0.9604846291041567,75.71428571428571,0.0
585816,BBB,2013J,0.7490709239501507,64.28571428571429,101.0
585915,BBB,2013J,0.9538683754260314,75.71428571428571,1.0
586072,BBB,2013J,0.7058875678440378,68.0,160.0
586078,BBB,2013J,0.8104558954470212,59.5,119.0
586393,BBB,2013J,0.9420595667574752,75.71428571428571,0.0
586407,BBB,2013J,0.7359538520161821,75.0,122.0
586450,BBB,2013J,0.9420595667574752,75.71428571428571,0.0
586490,BBB,2013J,0.8714232940208076,36.0,76.0
586720,BBB,2013J,0.7496484595318148,65.0,59.0
586836,BBB,2013J,0.8109318629875955,56.5,108.0
586854,BBB,2013J,0.9604846291041567,75.71428571428571,0.0
586882,BBB,2013J,0.7496484595318148,65.0,20.0
586890,BBB,2013J,0.9420595667574752,75.71428571428571,0.0
586975,BBB,2013J,0.962277938035908,75.71428571428571,0.0
587071,BBB,2013J,0.9716235341701983,75.71428571428571,4.0
587120,BBB,2013J,0.9703505347484379,75.71428571428571,0.0
587155,BBB,2013J,0.9604846291041567,75.71428571428571,0.0
587194,BBB,2013J,0.7201414173795311,71.9,92.0
587285,BBB,2013J,0.9722580753855629,75.71428571428571,45.0
587349,BBB,2013J,0.9604846291041567,75.71428571428571,0.0
587409,BBB,2013J,0.7216240250926569,67.6,151.0
587623,BBB,2013J,0.9420595667574752,75.71428571428571,0.0
587665,BBB,2013J,0.9604846291041567,75.71428571428571,0.0
587851,BBB,2013J,0.9420595667574752,75.71428571428571,0.0
587961,BBB,2013J,0.7619522315293161,35.833333333333336,708.0
588191,BBB,2013J,0.9420595667574752,75.71428571428571,0.0
588194,BBB,2013J,0.9420595667574752,75.71428571428571,0.0
588205,BBB,2013J,0.9420595667574752,75.71428571428571,0.0
588252,BBB,2013J,0.9420595667574752,75.71428571428571,0.0
588432,BBB,2013J,0.7267252947475287,65.0,103.0
588445,BBB,2013J,0.9722580753855629,75.71428571428571,44.0
588504,BBB,2013J,0.962277938035908,75.71428571428571,0.0
588685,BBB,2013J,0.7570761911850277,74.5,95.0
588691,BBB,2013J,0.9722580753855629,75.71428571428571,3.0
588713,BBB,2013J,0.9510876234949004,75.71428571428571,9.0
588969,BBB,2013J,0.9703505347484379,75.71428571428571,0.0
589154,BBB,2013J,0.8442177753966404,49.0,33.0
589216,BBB,2013J,0.9779798020422612,75.71428571428571,32.0
589234,BBB,2013J,0.9604846291041567,75.71428571428571,0.0
589239,BBB,2013J,0.9604846291041567,75.71428571428571,0.0
589580,BBB,2013J,0.9420595667574752,75.71428571428571,0.0
589810,BBB,2013J,0.9604846291041567,75.71428571428571,0.0
590107,BBB,2013J,0.8157746934148682,58.0,87.0
590244,BBB,2013J,0.9420595667574752,75.71428571428571,0.0
590305,BBB,2013J,0.9510876234949004,75.71428571428571,39.0
590308,BBB,2013J,0.7278453469978987,74.5,114.0
590310,BBB,2013J,0.9703505347484379,75.71428571428571,0.0
590360,BBB,2013J,0.7929935406821603,60.166666666666664,64.0
590478,BBB,2013J,0.9420595667574752,75.71428571428571,0.0
590713,BBB,2013J,0.9420595667574752,75.71428571428571,0.0
590812,BBB,2013J,0.765800089656549,54.0,405.0
590867,BBB,2013J,0.8581386360458165,0.0,178.0
591410,BBB,2013J,0.8104558954470212,59.375,128.0
591440,BBB,2013J,0.9510876234949004,75.71428571428571,38.0
591461,BBB,2013J,0.9420595667574752,75.71428571428571,0.0
591608,BBB,2013J,0.9420595667574752,75.71428571428571,0.0
591721,BBB,2013J,0.9510876234949004,75.71428571428571,46.0
591785,BBB,2013J,0.8529835526586956,36.666666666666664,256.0
591895,BBB,2013J,0.7788023583628686,64.0,3.0
591912,BBB,2013J,0.9420595667574752,75.71428571428571,0.0
591937,BBB,2013J,0.9420595667574752,75.71428571428571,0.0
592256,BBB,2013J,0.941347145365399,75.71428571428571,156.0
592406,BBB,2013J,0.9604846291041567,75.71428571428571,0.0
592624,BBB,2013J,0.8242738343758915,60.0,97.0
592669,BBB,2013J,0.9510876234949004,75.71428571428571,26.0
592683,BBB,2013J,0.9420595667574752,75.71428571428571,0.0
592756,BBB,2013J,0.9604846291041567,75.71428571428571,0.0
592889,BBB,2013J,0.9420595667574752,75.71428571428571,0.0
592972,BBB,2013J,0.9604052658984056,75.71428571428571,147.0
593189,BBB,2013J,0.8761845412464929,42.0,33.0
593266,BBB,2013J,0.9420595667574752,75.71428571428571,0.0
593299,BBB,2013J,0.7429359145940134,58.0,234.0
593440,BBB,2013J,0.7240536631931924,70.0,20.0
593443,BBB,2013J,0.8836076848413532,75.71428571428571,237.0
593571,BBB,2013J,0.9420595667574752,75.71428571428571,0.0
593706,BBB,2013J,0.9420595667574752,75.71428571428571,0.0
593707,BBB,2013J,0.7564706601827982,49.0,545.0
593930,BBB,2013J,0.9538683754260314,75.71428571428571,33.0
594038,BBB,2013J,0.7211310406449541,70.25,127.0
594057,BBB,2013J,0.9604846291041567,75.71428571428571,0.0
594208,BBB,2013J,0.9510876234949004,75.71428571428571,1.0
594253,BBB,2013J,0.9420595667574752,75.71428571428571,0.0
594497,BBB,2013J,0.7220911220956995,69.4,85.0
594607,BBB,2013J,0.9420595667574752,75.71428571428571,0.0
594697,BBB,2013J,0.7230935817424471,70.5,26.0
594774,BBB,2013J,0.9722580753855629,75.71428571428571,18.0
594812,BBB,2013J,0.9666180838583784,75.71428571428571,190.0
594845,BBB,2013J,0.7913120091165097,46.666666666666664,270.0
595010,BBB,2013J,0.7353449033217896,68.4,81.0
595094,BBB,2013J,0.7094786897078751,64.66666666666667,162.0
595095,BBB,2013J,0.9510876234949004,75.71428571428571,4.0
595232,BBB,2013J,0.7190681113773997,74.0,217.0
595234,BBB,2013J,0.9722580753855629,75.71428571428571,5.0
595241,BBB,2013J,0.792311230921233,59.125,155.0
595287,BBB,2013J,0.9604846291041567,75.71428571428571,0.0
595298,BBB,2013J,0.7201414173795311,72.85714285714286,95.0
595388,BBB,2013J,0.9420595667574752,75.71428571428571,0.0
595420,BBB,2013J,0.9604846291041567,75.71428571428571,0.0
595499,BBB,2013J,0.7969480064827533,57.333333333333336,115.0
595594,BBB,2013J,0.9510876234949004,75.71428571428571,59.0
595711,BBB,2013J,0.8124184365445142,58.0,42.0
595791,BBB,2013J,0.9722580753855629,75.71428571428571,3.0
595816,BBB,2013J,0.9604846291041567,75.71428571428571,0.0
595877,BBB,2013J,0.7312683742169332,68.0,1.0
595959,BBB,2013J,0.9420595667574752,75.71428571428571,0.0
596016,BBB,2013J,0.7891611175841874,58.666666666666664,181.0
596095,BBB,2013J,0.9420595667574752,75.71428571428571,0.0
596100,BBB,2013J,0.7186074686237365,74.0,68.0
596103,BBB,2013J,0.9420595667574752,75.71428571428571,0.0
596112,BBB,2013J,0.9510876234949004,75.71428571428571,52.0
596241,BBB,2013J,0.9420595667574752,75.71428571428571,0.0
596242,BBB,2013J,0.7246463274928506,58.0,399.0
596275,BBB,2013J,0.7166449275262435,73.5,98.0
596360,BBB,2013J,0.7250452209723893,62.5,172.0
596390,BBB,2013J,0.701213337304856,73.72727272727273,143.0
596583,BBB,2013J,0.9420595667574752,75.71428571428571,0.0
596641,BBB,2013J,0.9510876234949004,75.71428571428571,30.0
596814,BBB,2013J,0.9510876234949004,75.71428571428571,7.0
596820,BBB,2013J,0.9420595667574752,75.71428571428571,0.0
596892,BBB,2013J,0.8400869349694906,49.63636363636363,171.0
597033,BBB,2013J,0.7496484595318148,65.0,27.0
597109,BBB,2013J,0.9604846291041567,75.71428571428571,0.0
597142,BBB,2013J,0.9510876234949004,75.71428571428571,31.0
597321,BBB,2013J,0.9722580753855629,75.71428571428571,68.0
597582,BBB,2013J,0.747496699277638,60.666666666666664,102.0
598199,BBB,2013J,0.9604846291041567,75.71428571428571,0.0
598202,BBB,2013J,0.7285467826658754,65.0,116.0
598253,BBB,2013J,0.7267252947475287,67.0,92.0
598260,BBB,2013J,0.797433463760819,56.111111111111114,233.0
598315,BBB,2013J,0.9467004203735536,75.71428571428571,0.0
598394,BBB,2013J,0.9420595667574752,75.71428571428571,0.0
598538,BBB,2013J,0.8124184365445142,60.0,68.0
598562,BBB,2013J,0.8541363917156972,30.0,9.0
598596,BBB,2013J,0.9545819152472932,75.71428571428571,0.0
598865,BBB,2013J,0.7247784352022408,59.0,332.0
598901,BBB,2013J,0.962277938035908,75.71428571428571,0.0
599016,BBB,2013J,0.7964720389421791,60.0,106.0
599423,BBB,2013J,0.7598374407988114,75.0,42.0
599427,BBB,2013J,0.9510876234949004,75.71428571428571,6.0
599432,BBB,2013J,0.8116095765138697,60.0,64.0
599456,BBB,2013J,0.9420595667574752,75.71428571428571,0.0
599475,BBB,2013J,0.9420595667574752,75.71428571428571,0.0
599606,BBB,2013J,0.9420595667574752,75.71428571428571,0.0
599640,BBB,2013J,0.7081365398574494,70.0,198.0
599644,BBB,2013J,0.7086289887920182,60.8,421.0
600006,BBB,2013J,0.9420595667574752,75.71428571428571,0.0
600211,BBB,2013J,0.9722580753855629,75.71428571428571,1.0
600218,BBB,2013J,0.9510876234949004,75.71428571428571,11.0
600254,BBB,2013J,0.9722580753855629,75.71428571428571,36.0
600263,BBB,2013J,0.9491250823974074,75.71428571428571,81.0
600476,BBB,2013J,0.9689493753210092,75.71428571428571,90.0
600541,BBB,2013J,0.9538683754260314,75.71428571428571,49.0
600579,BBB,2013J,0.7240536631931924,69.5,43.0
600681,BBB,2013J,0.9420595667574752,75.71428571428571,0.0
600749,BBB,2013J,0.7360527911811385,70.0,29.0
600770,BBB,2013J,0.7220911220956995,70.0,92.0
600833,BBB,2013J,0.9604846291041567,75.71428571428571,0.0
600844,BBB,2013J,0.9420595667574752,75.71428571428571,0.0
600845,BBB,2013J,0.7227150215742075,69.0,6.0
600967,BBB,2013J,0.818056894711506,59.0,25.0
601424,BBB,2013J,0.9545819152472932,75.71428571428571,0.0
601491,BBB,2013J,0.9604846291041567,75.71428571428571,0.0
601558,BBB,2013J,0.7220911220956995,69.25,119.0
602011,BBB,2013J,0.8369253036788181,46.90909090909091,278.0
602032,BBB,2013J,0.8124184365445142,60.0,62.0
602395,BBB,2013J,0.7449909800610284,75.7,356.0
602598,BBB,2013J,0.8590495336730612,45.0,3.0
602631,BBB,2013J,0.9510876234949004,75.71428571428571,17.0
602634,BBB,2013J,0.7333951986056211,71.0,81.0
602652,BBB,2013J,0.7240536631931924,69.0,38.0
602666,BBB,2013J,0.8103848817706321,58.2,174.0
602863,BBB,2013J,0.9420595667574752,75.71428571428571,0.0
602971,BBB,2013J,0.9420595667574752,75.71428571428571,0.0
603035,BBB,2013J,0.7166449275262435,74.81818181818181,113.0
603052,BBB,2013J,0.9604846291041567,75.71428571428571,0.0
603265,BBB,2013J,0.7047098271581435,72.2,151.0
603296,BBB,2013J,0.9420595667574752,75.71428571428571,0.0
603471,BBB,2013J,0.9420595667574752,75.71428571428571,0.0
603516,BBB,2013J,0.9604846291041567,75.71428571428571,0.0
603789,BBB,2013J,0.9420595667574752,75.71428571428571,0.0
604079,BBB,2013J,0.9716235341701983,75.71428571428571,1.0
604095,BBB,2013J,0.8157746934148682,58.875,118.0
604118,BBB,2013J,0.9604846291041567,75.71428571428571,0.0
604161,BBB,2013J,0.9722580753855629,75.71428571428571,36.0
604298,BBB,2013J,0.9420595667574752,75.71428571428571,0.0
604523,BBB,2013J,0.9510876234949004,75.71428571428571,46.0
604610,BBB,2013J,0.9538683754260314,75.71428571428571,12.0
604731,BBB,2013J,0.7699885358700184,46.888888888888886,476.0
604752,BBB,2013J,0.7923185779672974,57.0,174.0
604923,BBB,2013J,0.8260375551684731,52.333333333333336,23.0
604951,BBB,2013J,0.7308715498771413,64.66666666666667,66.0
605292,BBB,2013J,0.9687740005157021,75.71428571428571,94.0
605327,BBB,2013J,0.7315356653528298,54.8,360.0
605494,BBB,2013J,0.9604846291041567,75.71428571428571,0.0
605505,BBB,2013J,0.9489829023026207,75.71428571428571,129.0
605594,BBB,2013J,0.73410308646497,71.0,62.0
605679,BBB,2013J,0.7267252947475287,64.8,78.0
605691,BBB,2013J,0.9538683754260314,75.71428571428571,29.0
605854,BBB,2013J,0.7867543055547395,57.27272727272727,191.0
605882,BBB,2013J,0.8163426661111624,55.0,6.0
605914,BBB,2013J,0.9604846291041567,75.71428571428571,0.0
605930,BBB,2013J,0.7007963442328656,68.45454545454545,172.0
606063,BBB,2013J,0.7451918036857598,63.0,43.0
606333,BBB,2013J,0.9510876234949004,75.71428571428571,26.0
606377,BBB,2013J,0.7332915415673547,69.0,88.0
606412,BBB,2013J,0.826110320481676,49.0,166.0
606426,BBB,2013J,0.9420595667574752,75.71428571428571,0.0
606477,BBB,2013J,0.9510876234949004,75.71428571428571,40.0
606607,BBB,2013J,0.9420595667574752,75.71428571428571,0.0
606627,BBB,2013J,0.9156976743821417,75.71428571428571,215.0
606651,BBB,2013J,0.797854111588939,59.166666666666664,156.0
606797,BBB,2013J,0.9510876234949004,75.71428571428571,20.0
606827,BBB,2013J,0.8116095765138697,60.0,36.0
606972,BBB,2013J,0.9510876234949004,75.71428571428571,3.0
607062,BBB,2013J,0.7943989455522821,37.2,571.0
607080,BBB,2013J,0.972520431542183,75.71428571428571,6.0
607286,BBB,2013J,0.751607947871856,71.0,134.0
607300,BBB,2013J,0.7041219123276004,75.0,196.0
607382,BBB,2013J,0.8721311818801567,38.5,2.0
607517,BBB,2013J,0.9489829023026207,75.71428571428571,130.0
607607,BBB,2013J,0.9722580753855629,75.71428571428571,8.0
607808,BBB,2013J,0.7306065966116826,74.0,52.0
607861,BBB,2013J,0.9467004203735536,75.71428571428571,0.0
607888,BBB,2013J,0.9545819152472932,75.71428571428571,0.0
608026,BBB,2013J,0.9604846291041567,75.71428571428571,0.0
608038,BBB,2013J,0.9420595667574752,75.71428571428571,0.0
608060,BBB,2013J,0.9604846291041567,75.71428571428571,0.0
608197,BBB,2013J,0.9604846291041567,75.71428571428571,0.0
608564,BBB,2013J,0.7267252947475287,67.33333333333333,104.0
608719,BBB,2013J,0.7922925489151933,60.0,154.0
608942,BBB,2013J,0.707639790551193,74.0,188.0
609107,BBB,2013J,0.9604846291041567,75.71428571428571,0.0
609190,BBB,2013J,0.972520431542183,75.71428571428571,2.0
609193,BBB,2013J,0.7253178869158112,68.0,89.0
609388,BBB,2013J,0.9420595667574752,75.71428571428571,0.0
609510,BBB,2013J,0.7220911220956995,69.2,105.0
609764,BBB,2013J,0.7166449275262435,75.33333333333333,106.0
609804,BBB,2013J,0.7923185779672974,57.333333333333336,177.0
609812,BBB,2013J,0.7026608030239262,69.0909090909091,158.0
609850,BBB,2013J,0.8146204790716547,39.5,210.0
609860,BBB,2013J,0.8662995934279496,75.71428571428571,293.0
609864,BBB,2013J,0.7112937045261409,64.9,145.0
609871,BBB,2013J,0.7054305168846946,66.875,167.0
609873,BBB,2013J,0.8286278990313148,57.0,77.0
609887,BBB,2013J,0.7950243052256338,60.0,150.0
610118,BBB,2013J,0.9420595667574752,75.71428571428571,0.0
610392,BBB,2013J,0.9510876234949004,75.71428571428571,10.0
610449,BBB,2013J,0.962277938035908,75.71428571428571,0.0
610700,BBB,2013J,0.73410308646497,70.66666666666667,26.0
610725,BBB,2013J,0.7267252947475287,65.77777777777777,81.0
610740,BBB,2013J,0.9510876234949004,75.71428571428571,5.0
610744,BBB,2013J,0.9420595667574752,75.71428571428571,0.0
610748,BBB,2013J,0.9420595667574752,75.71428571428571,0.0
610751,BBB,2013J,0.9510876234949004,75.71428571428571,10.0
610770,BBB,2013J,0.9420595667574752,75.71428571428571,0.0
610772,BBB,2013J,0.9420595667574752,75.71428571428571,0.0
610776,BBB,2013J,0.8511663032241352,40.0,106.0
610780,BBB,2013J,0.7278453469978987,75.25,116.0
610783,BBB,2013J,0.9722580753855629,75.71428571428571,4.0
611004,BBB,2013J,0.7240536631931924,69.33333333333333,49.0
611046,BBB,2013J,0.962277938035908,75.71428571428571,0.0
611048,BBB,2013J,0.8124184365445142,60.0,44.0
611051,BBB,2013J,0.8465009272598568,36.0,135.0
611096,BBB,2013J,0.9510876234949004,75.71428571428571,54.0
611345,BBB,2013J,0.9510876234949004,75.71428571428571,15.0
612050,BBB,2013J,0.958238740872961,75.71428571428571,79.0
612217,BBB,2013J,0.7291381132954181,75.44444444444444,209.0
612517,BBB,2013J,0.7286878358450215,65.6,31.0
613051,BBB,2013J,0.9510876234949004,75.71428571428571,32.0
613159,BBB,2013J,0.9420595667574752,75.71428571428571,0.0
613176,BBB,2013J,0.9420595667574752,75.71428571428571,0.0
613191,BBB,2013J,0.7007963442328656,69.0,178.0
613273,BBB,2013J,0.9420595667574752,75.71428571428571,0.0
613298,BBB,2013J,0.7469638983137312,62.0,8.0
614148,BBB,2013J,0.7267252947475287,67.66666666666667,114.0
616502,BBB,2013J,0.9420595667574752,75.71428571428571,0.0
1018682,BBB,2013J,0.962277938035908,75.71428571428571,0.0
1771053,BBB,2013J,0.7055532760162849,60.0,500.0
1781804,BBB,2013J,0.8314650031289128,51.5,23.0
1934047,BBB,2013J,0.9545819152472932,75.71428571428571,0.0
1963287,BBB,2013J,0.8124184365445142,59.5,63.0
1988213,BBB,2013J,0.9545819152472932,75.71428571428571,0.0
1993672,BBB,2013J,0.7073815979714857,48.8,1503.0
2009558,BBB,2013J,0.9420595667574752,75.71428571428571,0.0
2044036,BBB,2013J,0.7657012555402293,69.0,62.0
2075158,BBB,2013J,0.9420595667574752,75.71428571428571,0.0
2075264,BBB,2013J,0.9658154373070967,75.71428571428571,0.0
2192113,BBB,2013J,0.8012215471728404,1.0,312.0
2210666,BBB,2013J,0.7483025399327161,61.666666666666664,66.0
2210681,BBB,2013J,0.9604890193424273,75.71428571428571,0.0
2211448,BBB,2013J,0.9773111132172037,75.71428571428571,63.0
2225190,BBB,2013J,0.9510876234949004,75.71428571428571,13.0
2227004,BBB,2013J,0.7911712053388663,64.0,47.0
2262671,BBB,2013J,0.7240536631931924,68.5,60.0
2271644,BBB,2013J,0.7133451907794922,62.166666666666664,321.0
2271743,BBB,2013J,0.7075890438145775,80.5,250.0
2272630,BBB,2013J,0.9431744641459093,75.71428571428571,154.0
2276893,BBB,2013J,0.9693722172429594,75.71428571428571,3.0
2282129,BBB,2013J,0.7601815174539496,74.75,129.0
2291034,BBB,2013J,0.9604846291041567,75.71428571428571,0.0
2296908,BBB,2013J,0.9491250823974074,75.71428571428571,76.0
2313615,BBB,2013J,0.9420595667574752,75.71428571428571,0.0
2346025,BBB,2013J,0.8283555704599423,39.0,0.0
2383103,BBB,2013J,0.959814392839091,75.71428571428571,0.0
2453657,BBB,2013J,0.7321939099606979,61.4,141.0
2459051,BBB,2013J,0.8743395920618516,0.0,52.0
2481657,BBB,2013J,0.9420595667574752,75.71428571428571,0.0
2488714,BBB,2013J,0.9420595667574752,75.71428571428571,0.0
2496235,BBB,2013J,0.9703505347484379,75.71428571428571,0.0
2509297,BBB,2013J,0.9709370633458453,75.71428571428571,0.0
2510414,BBB,2013J,0.794183036758358,57.36363636363637,159.0
2513083,BBB,2013J,0.9637484907797561,75.71428571428571,0.0
2518589,BBB,2013J,0.9722580753855629,75.71428571428571,7.0
2522312,BBB,2013J,0.9420595667574752,75.71428571428571,0.0
2528352,BBB,2013J,0.7851582195046811,63.8,105.0
2539817,BBB,2013J,0.9604890193424273,75.71428571428571,0.0
2545488,BBB,2013J,0.7361117629117382,55.0,464.0
2564744,BBB,2013J,0.7463399988352232,61.2,92.0
2573570,BBB,2013J,0.9420595667574752,75.71428571428571,0.0
2575994,BBB,2013J,0.7058875678440378,67.9090909090909,161.0
2579673,BBB,2013J,0.8371036421175763,58.142857142857146,75.0
2579817,BBB,2013J,0.9604890193424273,75.71428571428571,0.0
2587950,BBB,2013J,0.9803787865000778,75.71428571428571,0.0
2620432,BBB,2013J,0.97243345019087,75.71428571428571,49.0
2625752,BBB,2013J,0.9703505347484379,75.71428571428571,0.0
2631545,BBB,2013J,0.969821548548991,75.71428571428571,109.0
2632668,BBB,2013J,0.9604846291041567,75.71428571428571,0.0
2648206,BBB,2013J,0.9604846291041567,75.71428571428571,0.0
2650236,BBB,2013J,0.7966878938112417,60.0,0.0
2656860,BBB,2013J,0.803630175995538,59.5,269.0
2657960,BBB,2013J,0.9420595667574752,75.71428571428571,0.0
2662716,BBB,2013J,0.8335982131287121,46.333333333333336,147.0
2664036,BBB,2013J,0.8590495336730612,46.0,3.0
2690077,BBB,2013J,0.9618166896901656,75.71428571428571,0.0
2693772,BBB,2013J,0.9510876234949004,75.71428571428571,20.0
25629,BBB,2014B,0.9773111132172037,75.71428571428571,16.0
27891,BBB,2014B,0.7211972817631463,69.16666666666667,348.0
52426,BBB,2014B,0.7637900708399666,73.0,68.0
64275,BBB,2014B,0.7157821478276658,75.1,199.0
75118,BBB,2014B,0.9612096099414275,75.71428571428571,0.0
76196,BBB,2014B,0.9656809029062832,75.71428571428571,0.0
80001,BBB,2014B,0.9420595667574752,75.71428571428571,0.0
89092,BBB,2014B,0.7470936415642145,62.54545454545455,183.0
93925,BBB,2014B,0.9420595667574752,75.71428571428571,0.0
104238,BBB,2014B,0.9604846291041567,75.71428571428571,0.0
107713,BBB,2014B,0.8461094880922082,99.33333333333333,111.0
123270,BBB,2014B,0.7112937045261409,65.5,145.0
140719,BBB,2014B,0.7703625998753104,69.0,260.0
170519,BBB,2014B,0.9679523038968979,75.71428571428571,0.0
185021,BBB,2014B,0.7637772344586423,69.25,101.0
189986,BBB,2014B,0.9420595667574752,75.71428571428571,0.0
194073,BBB,2014B,0.9604846291041567,75.71428571428571,0.0
200506,BBB,2014B,0.9420595667574752,75.71428571428571,0.0
260955,BBB,2014B,0.7434276098717428,56.2,456.0
262294,BBB,2014B,0.7001832170185404,57.0,1063.0
263098,BBB,2014B,0.9545819152472932,75.71428571428571,0.0
264106,BBB,2014B,0.7260605180549986,66.1,155.0
266744,BBB,2014B,0.7379718373687103,75.11111111111111,385.0
270256,BBB,2014B,0.9420595667574752,75.71428571428571,0.0
271346,BBB,2014B,0.9648876836730099,75.71428571428571,195.0
275112,BBB,2014B,0.8406893182413282,10.555555555555555,527.0
279557,BBB,2014B,0.9420595667574752,75.71428571428571,0.0
282161,BBB,2014B,0.9604363035657241,75.71428571428571,0.0
283978,BBB,2014B,0.7580045587497743,80.0,42.0
284589,BBB,2014B,0.9420595667574752,75.71428571428571,0.0
284593,BBB,2014B,0.9722580753855629,75.71428571428571,14.0
287004,BBB,2014B,0.9420595667574752,75.71428571428571,0.0
288717,BBB,2014B,0.9604890193424273,75.71428571428571,0.0
289993,BBB,2014B,0.9604846291041567,75.71428571428571,0.0
291848,BBB,2014B,0.8655313991478316,46.5,134.0
295728,BBB,2014B,0.8008848997406665,54.875,296.0
299027,BBB,2014B,0.9722580753855629,75.71428571428571,24.0
299485,BBB,2014B,0.9420595667574752,75.71428571428571,0.0
305307,BBB,2014B,0.9420595667574752,75.71428571428571,0.0
305824,BBB,2014B,0.9588511739811354,75.71428571428571,0.0
312275,BBB,2014B,0.9588511739811354,75.71428571428571,0.0
313246,BBB,2014B,0.7007963442328656,68.16666666666667,183.0
317855,BBB,2014B,0.9679523038968979,75.71428571428571,0.0
320363,BBB,2014B,0.7294522081710378,60.63636363636363,150.0
320661,BBB,2014B,0.9703505347484379,75.71428571428571,0.0
321142,BBB,2014B,0.9604890193424273,75.71428571428571,0.0
327641,BBB,2014B,0.7125792058730032,65.9090909090909,141.0
331156,BBB,2014B,0.8442177753966404,49.833333333333336,37.0
331494,BBB,2014B,0.9679523038968979,75.71428571428571,0.0
340962,BBB,2014B,0.9420595667574752,75.71428571428571,0.0
341027,BBB,2014B,0.9604846291041567,75.71428571428571,0.0
348771,BBB,2014B,0.7121259036699036,70.22222222222223,182.0
349258,BBB,2014B,0.7221039584770239,72.0,32.0
349401,BBB,2014B,0.9732746996012497,75.71428571428571,0.0
351767,BBB,2014B,0.9604890193424273,75.71428571428571,0.0
352009,BBB,2014B,0.9510876234949004,75.71428571428571,16.0
354121,BBB,2014B,0.9722580753855629,75.71428571428571,18.0
354560,BBB,2014B,0.9679523038968979,75.71428571428571,0.0
356386,BBB,2014B,0.7015586829839823,68.4,304.0
360190,BBB,2014B,0.8837024989122058,48.2,54.0
363110,BBB,2014B,0.7579073703713397,68.2,214.0
364712,BBB,2014B,0.9679523038968979,75.71428571428571,0.0
365488,BBB,2014B,0.7601429974380436,74.5,76.0
374515,BBB,2014B,0.8229374976113023,51.0,111.0
374747,BBB,2014B,0.7313291308024813,56.90909090909091,298.0
375711,BBB,2014B,0.7186074686237365,74.0,25.0
376868,BBB,2014B,0.9721806728972738,75.71428571428571,21.0
377929,BBB,2014B,0.9420595667574752,75.71428571428571,0.0
379785,BBB,2014B,0.9420595667574752,75.71428571428571,0.0
380184,BBB,2014B,0.7339259627359394,57.77777777777778,395.0
381525,BBB,2014B,0.9467004203735536,75.71428571428571,0.0
382877,BBB,2014B,0.9510876234949004,75.71428571428571,42.0
384099,BBB,2014B,0.9669165242929424,75.71428571428571,0.0
387276,BBB,2014B,0.9604363035657241,75.71428571428571,0.0
388041,BBB,2014B,0.9663089122754848,75.71428571428571,0.0
388168,BBB,2014B,0.9588511739811354,75.71428571428571,0.0
391556,BBB,2014B,0.9420595667574752,75.71428571428571,0.0
392733,BBB,2014B,0.8319657412047867,53.0,116.0
394010,BBB,2014B,0.9703505347484379,75.71428571428571,0.0
394480,BBB,2014B,0.7221039584770239,73.0,42.0
400729,BBB,2014B,0.9420595667574752,75.71428571428571,0.0
408469,BBB,2014B,0.7635351920336655,74.0,229.0
411895,BBB,2014B,0.7811046257508859,65.33333333333333,24.0
412156,BBB,2014B,0.9420595667574752,75.71428571428571,0.0
415298,BBB,2014B,0.9679523038968979,75.71428571428571,0.0
420641,BBB,2014B,0.9420595667574752,75.71428571428571,0.0
421326,BBB,2014B,0.7511242857045854,63.111111111111114,83.0
424659,BBB,2014B,0.9420595667574752,75.71428571428571,0.0
424863,BBB,2014B,0.8245672659615585,60.0,64.0
429777,BBB,2014B,0.7652836353682676,69.0,38.0
430002,BBB,2014B,0.9510876234949004,75.71428571428571,50.0
432480,BBB,2014B,0.7950243052256338,57.81818181818182,151.0
435057,BBB,2014B,0.9715501875262137,75.71428571428571,78.0
438775,BBB,2014B,0.8383500100176576,57.0,24.0
439109,BBB,2014B,0.7283000594478767,63.5,237.0
439925,BBB,2014B,0.9420595667574752,75.71428571428571,0.0
440075,BBB,2014B,0.9778853493894876,75.71428571428571,11.0
440664,BBB,2014B,0.9588511739811354,75.71428571428571,0.0
442497,BBB,2014B,0.7184560221595864,72.66666666666667,187.0
446296,BBB,2014B,0.7247049696028605,81.4,124.0
465369,BBB,2014B,0.7013404045056137,75.27272727272727,210.0
466248,BBB,2014B,0.9689979935628061,75.71428571428571,26.0
469664,BBB,2014B,0.9801834957079505,75.71428571428571,13.0
471157,BBB,2014B,0.9722580753855629,75.71428571428571,2.0
474607,BBB,2014B,0.8521738506182044,31.285714285714285,125.0
475631,BBB,2014B,0.9510876234949004,75.71428571428571,18.0
480372,BBB,2014B,0.7606810932768994,69.55555555555556,131.0
480924,BBB,2014B,0.9637484907797561,75.71428571428571,0.0
481947,BBB,2014B,0.7610892180068223,70.0,71.0
484351,BBB,2014B,0.9604846291041567,75.71428571428571,0.0
484446,BBB,2014B,0.9781994555246689,75.71428571428571,0.0
484821,BBB,2014B,0.9420595667574752,75.71428571428571,0.0
487226,BBB,2014B,0.9679523038968979,75.71428571428571,0.0
487386,BBB,2014B,0.9420595667574752,75.71428571428571,0.0
487573,BBB,2014B,0.9663089122754848,75.71428571428571,0.0
491114,BBB,2014B,0.9679523038968979,75.71428571428571,0.0
492468,BBB,2014B,0.9732746996012497,75.71428571428571,0.0
492928,BBB,2014B,0.7201414173795311,71.7,100.0
494948,BBB,2014B,0.9773111132172037,75.71428571428571,5.0
495324,BBB,2014B,0.8289703906776622,59.0,133.0
495958,BBB,2014B,0.9420595667574752,75.71428571428571,0.0
496547,BBB,2014B,0.9679523038968979,75.71428571428571,0.0
497872,BBB,2014B,0.7483025399327161,62.0,36.0
499952,BBB,2014B,0.9420595667574752,75.71428571428571,0.0
500279,BBB,2014B,0.8345278526034808,57.0,141.0
500395,BBB,2014B,0.7186074686237365,73.66666666666667,21.0
504393,BBB,2014B,0.9510876234949004,75.71428571428571,57.0
504967,BBB,2014B,0.7220911220956995,69.0,94.0
505151,BBB,2014B,0.8509763908636369,44.0,182.0
507009,BBB,2014B,0.9687740005157021,75.71428571428571,115.0
507817,BBB,2014B,0.7718582076059388,65.36363636363636,135.0
509696,BBB,2014B,0.7010920900634935,64.1,356.0
511238,BBB,2014B,0.9604846291041567,75.71428571428571,0.0
511469,BBB,2014B,0.9420595667574752,75.71428571428571,0.0
511901,BBB,2014B,0.707639790551193,73.8,190.0
515648,BBB,2014B,0.9678026791059454,75.71428571428571,68.0
517075,BBB,2014B,0.9679523038968979,75.71428571428571,0.0
518711,BBB,2014B,0.8737731310131549,35.0,19.0
521671,BBB,2014B,0.9510876234949004,75.71428571428571,7.0
521957,BBB,2014B,0.77464120711889,60.76923076923077,267.0
526948,BBB,2014B,0.9709370633458453,75.71428571428571,0.0
529439,BBB,2014B,0.9679523038968979,75.71428571428571,0.0
529705,BBB,2014B,0.9679523038968979,75.71428571428571,0.0
531290,BBB,2014B,0.9420595667574752,75.71428571428571,0.0
531755,BBB,2014B,0.7243149206408056,73.63636363636364,242.0
532468,BBB,2014B,0.9779798020422612,75.71428571428571,6.0
534428,BBB,2014B,0.777734791701001,46.8,524.0
534830,BBB,2014B,0.9604890193424273,75.71428571428571,0.0
535548,BBB,2014B,0.7049605114351586,75.2,373.0
537605,BBB,2014B,0.8211330336806902,63.0,37.0
542456,BBB,2014B,0.9420595667574752,75.71428571428571,0.0
542562,BBB,2014B,0.8434603724353003,64.7,122.0
543963,BBB,2014B,0.7826999685726302,72.0,15.0
544050,BBB,2014B,0.975847926099467,75.71428571428571,4.0
544430,BBB,2014B,0.9689979935628061,75.71428571428571,66.0
545160,BBB,2014B,0.9789952571085915,75.71428571428571,0.0
546302,BBB,2014B,0.7688569030025483,63.0,12.0
547268,BBB,2014B,0.9467004203735536,75.71428571428571,0.0
548296,BBB,2014B,0.8378740424770834,60.0,55.0
548844,BBB,2014B,0.7578056914583249,65.0,205.0
549078,BBB,2014B,0.8497333354605898,43.22222222222222,335.0
549087,BBB,2014B,0.9731870860832271,75.71428571428571,1.0
550269,BBB,2014B,0.7697375855261825,64.72727272727273,149.0
552931,BBB,2014B,0.9634312378766303,75.71428571428571,0.0
553000,BBB,2014B,0.9510876234949004,75.71428571428571,35.0
553733,BBB,2014B,0.7007110983077577,70.6,159.0
554766,BBB,2014B,0.9689979935628061,75.71428571428571,1.0
555603,BBB,2014B,0.97907029053909,75.71428571428571,13.0
555720,BBB,2014B,0.8494431762169389,44.0,8.0
555860,BBB,2014B,0.7273408666791547,60.166666666666664,249.0
558702,BBB,2014B,0.9420595667574752,75.71428571428571,0.0
559065,BBB,2014B,0.9604846291041567,75.71428571428571,0.0
559090,BBB,2014B,0.8163426661111624,54.0,13.0
559831,BBB,2014B,0.7096261568010946,70.54545454545455,194.0
560117,BBB,2014B,0.8111473338560141,50.833333333333336,225.0
560636,BBB,2014B,0.9420595667574752,75.71428571428571,0.0
561674,BBB,2014B,0.9773111132172037,75.71428571428571,14.0
562139,BBB,2014B,0.9510876234949004,75.71428571428571,39.0
562267,BBB,2014B,0.9420595667574752,75.71428571428571,0.0
562438,BBB,2014B,0.9420595667574752,75.71428571428571,0.0
562642,BBB,2014B,0.9420595667574752,75.71428571428571,0.0
563822,BBB,2014B,0.9420595667574752,75.71428571428571,0.0
563945,BBB,2014B,0.9545819152472932,75.71428571428571,0.0
564460,BBB,2014B,0.9420595667574752,75.71428571428571,0.0
564810,BBB,2014B,0.9604846291041567,75.71428571428571,0.0
565008,BBB,2014B,0.9604846291041567,75.71428571428571,0.0
565402,BBB,2014B,0.8007982589920485,65.0,1.0
565988,BBB,2014B,0.7108105206958603,75.0,153.0
567059,BBB,2014B,0.7616023796774478,72.44444444444444,97.0
567273,BBB,2014B,0.9467004203735536,75.71428571428571,0.0
568042,BBB,2014B,0.8869408036053055,40.0,94.0
569199,BBB,2014B,0.9722580753855629,75.71428571428571,5.0
569660,BBB,2014B,0.9781994555246689,75.71428571428571,0.0
570133,BBB,2014B,0.9420595667574752,75.71428571428571,0.0
570177,BBB,2014B,0.9810621229997858,75.71428571428571,42.0
570721,BBB,2014B,0.9420595667574752,75.71428571428571,0.0
571732,BBB,2014B,0.9781994555246689,75.71428571428571,0.0
572370,BBB,2014B,0.9709523573765612,75.71428571428571,0.0
572378,BBB,2014B,0.9729842774568935,75.71428571428571,0.0
572987,BBB,2014B,0.9754963234536176,75.71428571428571,0.0
573000,BBB,2014B,0.9604846291041567,75.71428571428571,0.0
573488,BBB,2014B,0.8764658955259809,45.0,91.0
574057,BBB,2014B,0.9420595667574752,75.71428571428571,0.0
574264,BBB,2014B,0.9604846291041567,75.71428571428571,0.0
574553,BBB,2014B,0.9588064839383145,75.71428571428571,0.0
574748,BBB,2014B,0.9669165242929424,75.71428571428571,0.0
575251,BBB,2014B,0.8482251382856377,52.333333333333336,83.0
575980,BBB,2014B,0.73410308646497,72.0,70.0
575990,BBB,2014B,0.8458424804022299,46.0,38.0
576179,BBB,2014B,0.9420595667574752,75.71428571428571,0.0
577170,BBB,2014B,0.9669165242929424,75.71428571428571,0.0
577905,BBB,2014B,0.8743853090198195,49.5,7.0
579448,BBB,2014B,0.9679523038968979,75.71428571428571,0.0
581222,BBB,2014B,0.7042169504738871,61.81818181818182,443.0
581333,BBB,2014B,0.9604846291041567,75.71428571428571,0.0
581459,BBB,2014B,0.7996118819968543,60.666666666666664,174.0
581647,BBB,2014B,0.9656809029062832,75.71428571428571,0.0
582496,BBB,2014B,0.9604846291041567,75.71428571428571,0.0
583102,BBB,2014B,0.7065977564625793,65.55555555555556,253.0
583950,BBB,2014B,0.7229976865446485,60.0,382.0
584566,BBB,2014B,0.9420595667574752,75.71428571428571,0.0
584632,BBB,2014B,0.9810621229997858,75.71428571428571,10.0
585283,BBB,2014B,0.9604846291041567,75.71428571428571,0.0
585727,BBB,2014B,0.7333951986056211,72.5,77.0
586111,BBB,2014B,0.9796713406638023,75.71428571428571,41.0
586133,BBB,2014B,0.9709370633458453,75.71428571428571,0.0
586417,BBB,2014B,0.9420595667574752,75.71428571428571,0.0
586435,BBB,2014B,0.9604846291041567,75.71428571428571,0.0
588096,BBB,2014B,0.9420595667574752,75.71428571428571,0.0
588459,BBB,2014B,0.7976041273766475,61.0,196.0
588495,BBB,2014B,0.9722580753855629,75.71428571428571,4.0
588592,BBB,2014B,0.8415367679762653,54.0,151.0
588685,BBB,2014B,0.7806911364022193,74.5,95.0
589300,BBB,2014B,0.9604846291041567,75.71428571428571,0.0
590520,BBB,2014B,0.9604846291041567,75.71428571428571,0.0
590798,BBB,2014B,0.9420595667574752,75.71428571428571,0.0
590812,BBB,2014B,0.792621398583349,54.0,405.0
590870,BBB,2014B,0.8215416417324684,46.75,190.0
591309,BBB,2014B,0.9703505347484379,75.71428571428571,0.0
591725,BBB,2014B,0.8531811918230068,55.666666666666664,1.0
592725,BBB,2014B,0.7347141355560874,74.0,162.0
593345,BBB,2014B,0.739673909937994,56.22222222222222,495.0
593465,BBB,2014B,0.9420595667574752,75.71428571428571,0.0
594774,BBB,2014B,0.9773111132172037,75.71428571428571,18.0
596602,BBB,2014B,0.9420595667574752,75.71428571428571,0.0
597321,BBB,2014B,0.9773111132172037,75.71428571428571,68.0
597610,BBB,2014B,0.9589466287323102,75.71428571428571,53.0
597744,BBB,2014B,0.8550673729240843,32.333333333333336,175.0
598150,BBB,2014B,0.9703505347484379,75.71428571428571,0.0
598614,BBB,2014B,0.7313418368511861,72.4,101.0
598836,BBB,2014B,0.9722580753855629,75.71428571428571,3.0
599382,BBB,2014B,0.9703505347484379,75.71428571428571,0.0
599430,BBB,2014B,0.9604846291041567,75.71428571428571,0.0
599480,BBB,2014B,0.9679523038968979,75.71428571428571,0.0
600259,BBB,2014B,0.9604846291041567,75.71428571428571,0.0
601316,BBB,2014B,0.859249519673705,40.5,142.0
602011,BBB,2014B,0.8532075080728156,46.90909090909091,278.0
602898,BBB,2014B,0.8406559034054994,49.0,131.0
602929,BBB,2014B,0.7289090087796484,64.6,129.0
603348,BBB,2014B,0.9420595667574752,75.71428571428571,0.0
603543,BBB,2014B,0.9510876234949004,75.71428571428571,30.0
603888,BBB,2014B,0.9420595667574752,75.71428571428571,0.0
604375,BBB,2014B,0.9420595667574752,75.71428571428571,0.0
605388,BBB,2014B,0.9420595667574752,75.71428571428571,0.0
605474,BBB,2014B,0.9604846291041567,75.71428571428571,0.0
605597,BBB,2014B,0.7616023796774478,72.375,130.0
605956,BBB,2014B,0.9510876234949004,75.71428571428571,4.0
605971,BBB,2014B,0.9604846291041567,75.71428571428571,0.0
605996,BBB,2014B,0.8034683155049729,57.36363636363637,189.0
606069,BBB,2014B,0.7012265212309364,70.1,345.0
606075,BBB,2014B,0.9420595667574752,75.71428571428571,0.0
606155,BBB,2014B,0.9420595667574752,75.71428571428571,0.0
606335,BBB,2014B,0.9716235341701983,75.71428571428571,1.0
606501,BBB,2014B,0.9773111132172037,75.71428571428571,9.0
607108,BBB,2014B,0.7007300294397768,75.5,224.0
607339,BBB,2014B,0.9604846291041567,75.71428571428571,0.0
607380,BBB,2014B,0.9679523038968979,75.71428571428571,0.0
607436,BBB,2014B,0.9732746996012497,75.71428571428571,0.0
607487,BBB,2014B,0.9510876234949004,75.71428571428571,9.0
607646,BBB,2014B,0.9420595667574752,75.71428571428571,0.0
607678,BBB,2014B,0.701213337304856,74.125,143.0
607973,BBB,2014B,0.9604846291041567,75.71428571428571,0.0
608060,BBB,2014B,0.9679523038968979,75.71428571428571,0.0
608774,BBB,2014B,0.9420595667574752,75.71428571428571,0.0
608961,BBB,2014B,0.9510876234949004,75.71428571428571,53.0
609282,BBB,2014B,0.9679523038968979,75.71428571428571,0.0
610239,BBB,2014B,0.9604846291041567,75.71428571428571,0.0
610494,BBB,2014B,0.8521738506182044,1.0,85.0
610531,BBB,2014B,0.9604846291041567,75.71428571428571,0.0
610589,BBB,2014B,0.9732746996012497,75.71428571428571,0.0
611586,BBB,2014B,0.7111362804044803,72.66666666666667,170.0
611649,BBB,2014B,0.9604846291041567,75.71428571428571,0.0
611719,BBB,2014B,0.9420595667574752,75.71428571428571,0.0
611732,BBB,2014B,0.9604846291041567,75.71428571428571,0.0
611816,BBB,2014B,0.9604846291041567,75.71428571428571,0.0
611977,BBB,2014B,0.9604846291041567,75.71428571428571,0.0
611979,BBB,2014B,0.9510876234949004,75.71428571428571,7.0
612113,BBB,2014B,0.9510876234949004,75.71428571428571,4.0
612212,BBB,2014B,0.7514855419186885,69.0,138.0
612395,BBB,2014B,0.9420595667574752,75.71428571428571,0.0
612396,BBB,2014B,0.9510876234949004,75.71428571428571,21.0
612561,BBB,2014B,0.9420595667574752,75.71428571428571,0.0
613047,BBB,2014B,0.8104558954470212,58.666666666666664,122.0
613161,BBB,2014B,0.8531288443216282,38.0,17.0
613512,BBB,2014B,0.9510876234949004,75.71428571428571,5.0
613559,BBB,2014B,0.9420595667574752,75.71428571428571,0.0
613586,BBB,2014B,0.9510876234949004,75.71428571428571,4.0
613641,BBB,2014B,0.9420595667574752,75.71428571428571,0.0
613832,BBB,2014B,0.7115435338365736,67.16666666666667,224.0
613864,BBB,2014B,0.9510876234949004,75.71428571428571,3.0
613896,BBB,2014B,0.9420595667574752,75.71428571428571,0.0
613932,BBB,2014B,0.7295329082581563,64.0,9.0
613983,BBB,2014B,0.9420595667574752,75.71428571428571,0.0
614212,BBB,2014B,0.7124929827946453,72.18181818181819,197.0
614270,BBB,2014B,0.9604846291041567,75.71428571428571,0.0
614403,BBB,2014B,0.9491250823974074,75.71428571428571,71.0
614561,BBB,2014B,0.9420595667574752,75.71428571428571,0.0
614562,BBB,2014B,0.9420595667574752,75.71428571428571,0.0
614586,BBB,2014B,0.9420595667574752,75.71428571428571,0.0
615018,BBB,2014B,0.9467004203735536,75.71428571428571,0.0
615047,BBB,2014B,0.9420595667574752,75.71428571428571,0.0
615173,BBB,2014B,0.7166449275262435,73.75,125.0
615212,BBB,2014B,0.9420595667574752,75.71428571428571,0.0
615218,BBB,2014B,0.8387049722107076,48.0,9.0
616332,BBB,2014B,0.9467004203735536,75.71428571428571,0.0
616354,BBB,2014B,0.8590495336730612,46.0,50.0
616361,BBB,2014B,0.9420595667574752,75.71428571428571,0.0
616414,BBB,2014B,0.9510876234949004,75.71428571428571,12.0
616428,BBB,2014B,0.9420595667574752,75.71428571428571,0.0
616536,BBB,2014B,0.7728060562992058,59.81818181818182,233.0
616809,BBB,2014B,0.9420595667574752,75.71428571428571,0.0
616816,BBB,2014B,0.9420595667574752,75.71428571428571,0.0
616848,BBB,2014B,0.9545819152472932,75.71428571428571,0.0
617126,BBB,2014B,0.7220911220956995,69.0,128.0
617140,BBB,2014B,0.9604846291041567,75.71428571428571,0.0
617147,BBB,2014B,0.7040231090529773,67.75,172.0
617287,BBB,2014B,0.775177261079345,57.666666666666664,167.0
617556,BBB,2014B,0.7286878358450215,65.0,44.0
617560,BBB,2014B,0.7395907108964793,62.81818181818182,202.0
617714,BBB,2014B,0.8438799393047369,44.666666666666664,84.0
617717,BBB,2014B,0.8515398715855036,41.833333333333336,38.0
617905,BBB,2014B,0.9420595667574752,75.71428571428571,0.0
617950,BBB,2014B,0.9510876234949004,75.71428571428571,22.0
617959,BBB,2014B,0.8010745639426824,40.0,319.0
618054,BBB,2014B,0.9420595667574752,75.71428571428571,0.0
618108,BBB,2014B,0.9420595667574752,75.71428571428571,0.0
618137,BBB,2014B,0.7220911220956995,70.0,99.0
618292,BBB,2014B,0.9420595667574752,75.71428571428571,0.0
618360,BBB,2014B,0.9604846291041567,75.71428571428571,0.0
618362,BBB,2014B,0.9420595667574752,75.71428571428571,0.0
618534,BBB,2014B,0.9604846291041567,75.71428571428571,0.0
618539,BBB,2014B,0.9519058343285386,75.71428571428571,75.0
618586,BBB,2014B,0.9510876234949004,75.71428571428571,10.0
618673,BBB,2014B,0.7681523118683876,65.0,132.0
618710,BBB,2014B,0.9604846291041567,75.71428571428571,0.0
618784,BBB,2014B,0.9510876234949004,75.71428571428571,22.0
618816,BBB,2014B,0.9510876234949004,75.71428571428571,7.0
618858,BBB,2014B,0.9420595667574752,75.71428571428571,0.0
618870,BBB,2014B,0.9420595667574752,75.71428571428571,0.0
618957,BBB,2014B,0.9420595667574752,75.71428571428571,0.0
618965,BBB,2014B,0.7496484595318148,65.0,14.0
619054,BBB,2014B,0.8457382291010547,52.0,80.0
619265,BBB,2014B,0.9604846291041567,75.71428571428571,0.0
619901,BBB,2014B,0.9420595667574752,75.71428571428571,0.0
619980,BBB,2014B,0.9604846291041567,75.71428571428571,0.0
620047,BBB,2014B,0.9420595667574752,75.71428571428571,0.0
620129,BBB,2014B,0.7196196783300765,71.6,137.0
620175,BBB,2014B,0.9420595667574752,75.71428571428571,0.0
620220,BBB,2014B,0.8511663032241352,40.0,102.0
620230,BBB,2014B,0.9420595667574752,75.71428571428571,0.0
620283,BBB,2014B,0.8163426661111624,53.0,18.0
620289,BBB,2014B,0.9420595667574752,75.71428571428571,0.0
620304,BBB,2014B,0.8163426661111624,55.0,22.0
620389,BBB,2014B,0.9722580753855629,75.71428571428571,27.0
620409,BBB,2014B,0.7852441819513538,57.5,194.0
620486,BBB,2014B,0.9731870860832271,75.71428571428571,15.0
620507,BBB,2014B,0.8133575482139485,52.09090909090909,183.0
620546,BBB,2014B,0.9420595667574752,75.71428571428571,0.0
620694,BBB,2014B,0.7054305168846946,66.4,166.0
620791,BBB,2014B,0.9420595667574752,75.71428571428571,0.0
620865,BBB,2014B,0.9604846291041567,75.71428571428571,0.0
620950,BBB,2014B,0.9722580753855629,75.71428571428571,3.0
621508,BBB,2014B,0.7267252947475287,65.125,115.0
621607,BBB,2014B,0.9510876234949004,75.71428571428571,16.0
621703,BBB,2014B,0.9510876234949004,75.71428571428571,6.0
621731,BBB,2014B,0.9420595667574752,75.71428571428571,0.0
621885,BBB,2014B,0.9420595667574752,75.71428571428571,0.0
621890,BBB,2014B,0.9604846291041567,75.71428571428571,0.0
621937,BBB,2014B,0.7483025399327161,62.0,20.0
622180,BBB,2014B,0.9604846291041567,75.71428571428571,0.0
622223,BBB,2014B,0.9510876234949004,75.71428571428571,38.0
622330,BBB,2014B,0.7594424126862644,64.0,7.0
622498,BBB,2014B,0.9604846291041567,75.71428571428571,0.0
622538,BBB,2014B,0.9491250823974074,75.71428571428571,71.0
622645,BBB,2014B,0.9604846291041567,75.71428571428571,0.0
622766,BBB,2014B,0.7106082129426113,59.09090909090909,458.0
622767,BBB,2014B,0.9604846291041567,75.71428571428571,0.0
622925,BBB,2014B,0.9420595667574752,75.71428571428571,0.0
622927,BBB,2014B,0.7220911220956995,70.0,125.0
623001,BBB,2014B,0.7286878358450215,67.33333333333333,37.0
623069,BBB,2014B,0.7255345092951603,69.0,64.0
623104,BBB,2014B,0.9420595667574752,75.71428571428571,0.0
623295,BBB,2014B,0.8109318629875955,56.72727272727273,123.0
623392,BBB,2014B,0.9420595667574752,75.71428571428571,0.0
623548,BBB,2014B,0.9604846291041567,75.71428571428571,0.0
623603,BBB,2014B,0.7269462735788892,65.83333333333333,146.0
623651,BBB,2014B,0.9604846291041567,75.71428571428571,0.0
623911,BBB,2014B,0.8295024620314199,51.25,74.0
623914,BBB,2014B,0.9604846291041567,75.71428571428571,0.0
624202,BBB,2014B,0.9604846291041567,75.71428571428571,0.0
624298,BBB,2014B,0.9420595667574752,75.71428571428571,0.0
624341,BBB,2014B,0.9604846291041567,75.71428571428571,0.0
624350,BBB,2014B,0.8314650031289128,52.0,41.0
624411,BBB,2014B,0.9604846291041567,75.71428571428571,0.0
624415,BBB,2014B,0.7007110983077577,71.1,161.0
624427,BBB,2014B,0.962277938035908,75.71428571428571,0.0
624518,BBB,2014B,0.9722580753855629,75.71428571428571,54.0
624544,BBB,2014B,0.7969961619034468,63.0,68.0
624549,BBB,2014B,0.9420595667574752,75.71428571428571,0.0
624572,BBB,2014B,0.9703505347484379,75.71428571428571,0.0
624598,BBB,2014B,0.7186074686237365,74.0,68.0
624604,BBB,2014B,0.7286878358450215,67.33333333333333,19.0
624663,BBB,2014B,0.9420595667574752,75.71428571428571,0.0
624674,BBB,2014B,0.9420595667574752,75.71428571428571,0.0
624677,BBB,2014B,0.8505673581952928,43.0,14.0
624704,BBB,2014B,0.7221039584770239,71.0,25.0
624722,BBB,2014B,0.9420595667574752,75.71428571428571,0.0
624743,BBB,2014B,0.9510876234949004,75.71428571428571,29.0
624950,BBB,2014B,0.9604846291041567,75.71428571428571,0.0
625027,BBB,2014B,0.9510876234949004,75.71428571428571,8.0
625173,BBB,2014B,0.9420595667574752,75.71428571428571,0.0
625180,BBB,2014B,0.843025929728311,49.333333333333336,2.0
625202,BBB,2014B,0.9420595667574752,75.71428571428571,0.0
625214,BBB,2014B,0.7220911220956995,68.5,95.0
625301,BBB,2014B,0.8442177753966404,50.0,5.0
625307,BBB,2014B,0.9420595667574752,75.71428571428571,0.0
625465,BBB,2014B,0.9604846291041567,75.71428571428571,0.0
625478,BBB,2014B,0.9510876234949004,75.71428571428571,18.0
625493,BBB,2014B,0.9467004203735536,75.71428571428571,0.0
625511,BBB,2014B,0.9420595667574752,75.71428571428571,0.0
625581,BBB,2014B,0.9420595667574752,75.71428571428571,0.0
625619,BBB,2014B,0.9510876234949004,75.71428571428571,21.0
625713,BBB,2014B,0.7281646808475614,63.1,204.0
625751,BBB,2014B,0.9420595667574752,75.71428571428571,0.0
625768,BBB,2014B,0.7460344616353625,66.85714285714286,75.0
625834,BBB,2014B,0.9420595667574752,75.71428571428571,0.0
625853,BBB,2014B,0.7451918036857598,63.0,29.0
625879,BBB,2014B,0.7313418368511861,72.33333333333333,125.0
626330,BBB,2014B,0.9420595667574752,75.71428571428571,0.0
626442,BBB,2014B,0.8515398715855036,42.0,6.0
626460,BBB,2014B,0.9420595667574752,75.71428571428571,0.0
626485,BBB,2014B,0.9420595667574752,75.71428571428571,0.0
626549,BBB,2014B,0.9420595667574752,75.71428571428571,0.0
626597,BBB,2014B,0.9420595667574752,75.71428571428571,0.0
626746,BBB,2014B,0.9420595667574752,75.71428571428571,0.0
626773,BBB,2014B,0.9420595667574752,75.71428571428571,0.0
626806,BBB,2014B,0.9467004203735536,75.71428571428571,0.0
626840,BBB,2014B,0.9420595667574752,75.71428571428571,0.0
626872,BBB,2014B,0.9510876234949004,75.71428571428571,61.0
626876,BBB,2014B,0.9420595667574752,75.71428571428571,0.0
626897,BBB,2014B,0.9510876234949004,75.71428571428571,40.0
626917,BBB,2014B,0.7668805712119954,49.375,483.0
627000,BBB,2014B,0.7835968451716294,59.72727272727273,193.0
627094,BBB,2014B,0.9510876234949004,75.71428571428571,51.0
627228,BBB,2014B,0.9420595667574752,75.71428571428571,0.0
627245,BBB,2014B,0.9545819152472932,75.71428571428571,0.0
627252,BBB,2014B,0.9467004203735536,75.71428571428571,0.0
627256,BBB,2014B,0.9420595667574752,75.71428571428571,0.0
627277,BBB,2014B,0.9516750131578148,75.71428571428571,0.0
627316,BBB,2014B,0.9538683754260314,75.71428571428571,15.0
627321,BBB,2014B,0.8124184365445142,60.0,3.0
627427,BBB,2014B,0.8360289368007328,31.4,175.0
627528,BBB,2014B,0.9510876234949004,75.71428571428571,6.0
627659,BBB,2014B,0.8104558954470212,58.42857142857143,79.0
627670,BBB,2014B,0.9604846291041567,75.71428571428571,0.0
627680,BBB,2014B,0.7307304966979952,64.66666666666667,90.0
627748,BBB,2014B,0.9420595667574752,75.71428571428571,0.0
627948,BBB,2014B,0.739010178663795,58.54545454545455,276.0
628142,BBB,2014B,0.9420595667574752,75.71428571428571,0.0
628327,BBB,2014B,0.9420595667574752,75.71428571428571,0.0
628329,BBB,2014B,0.8442177753966404,48.0,12.0
628341,BBB,2014B,0.9604846291041567,75.71428571428571,0.0
628360,BBB,2014B,0.9420595667574752,75.71428571428571,0.0
628392,BBB,2014B,0.9420595667574752,75.71428571428571,0.0
628402,BBB,2014B,0.9510876234949004,75.71428571428571,45.0
628411,BBB,2014B,0.7194526150227815,67.6,163.0
628442,BBB,2014B,0.7166449275262435,74.0,75.0
628525,BBB,2014B,0.7186074686237365,74.0,27.0
628655,BBB,2014B,0.8124184365445142,58.333333333333336,20.0
628762,BBB,2014B,0.9489829023026207,75.71428571428571,87.0
628765,BBB,2014B,0.9420595667574752,75.71428571428571,0.0
628843,BBB,2014B,0.9420595667574752,75.71428571428571,0.0
628903,BBB,2014B,0.8285174791787128,56.0,98.0
628970,BBB,2014B,0.8062664870233169,57.0,134.0
629029,BBB,2014B,0.7849333012233093,54.63636363636363,0.0
629088,BBB,2014B,0.7289090087796484,64.0,102.0
629094,BBB,2014B,0.7201414173795311,71.71428571428571,90.0
629159,BBB,2014B,0.8104558954470212,59.0,94.0
629340,BBB,2014B,0.9420595667574752,75.71428571428571,0.0
629461,BBB,2014B,0.7019967528537427,73.0,157.0
629484,BBB,2014B,0.9420595667574752,75.71428571428571,0.0
629505,BBB,2014B,0.9420595667574752,75.71428571428571,0.0
629538,BBB,2014B,0.9538683754260314,75.71428571428571,58.0
629554,BBB,2014B,0.7220911220956995,68.72727272727273,110.0
629574,BBB,2014B,0.9420595667574752,75.71428571428571,0.0
629671,BBB,2014B,0.9420595667574752,75.71428571428571,0.0
629870,BBB,2014B,0.8143801250136694,54.0,116.0
629971,BBB,2014B,0.9604846291041567,75.71428571428571,0.0
629983,BBB,2014B,0.9420595667574752,75.71428571428571,0.0
629991,BBB,2014B,0.9420595667574752,75.71428571428571,0.0
630030,BBB,2014B,0.7120960220427223,74.0,141.0
630037,BBB,2014B,0.9604846291041567,75.71428571428571,0.0
630134,BBB,2014B,0.9420595667574752,75.71428571428571,0.0
630182,BBB,2014B,0.9420595667574752,75.71428571428571,0.0
630340,BBB,2014B,0.9420595667574752,75.71428571428571,0.0
630476,BBB,2014B,0.7482704400821077,61.0,68.0
630497,BBB,2014B,0.8531288443216282,40.0,64.0
630586,BBB,2014B,0.7750026639137316,56.0,185.0
630902,BBB,2014B,0.9420595667574752,75.71428571428571,0.0
630920,BBB,2014B,0.9420595667574752,75.71428571428571,0.0
630957,BBB,2014B,0.9420595667574752,75.71428571428571,0.0
630999,BBB,2014B,0.8342479425014245,54.0,44.0
631082,BBB,2014B,0.9420595667574752,75.71428571428571,0.0
631190,BBB,2014B,0.962277938035908,75.71428571428571,0.0
631197,BBB,2014B,0.9467004203735536,75.71428571428571,0.0
631444,BBB,2014B,0.7221039584770239,71.0,22.0
631518,BBB,2014B,0.9420595667574752,75.71428571428571,0.0
631561,BBB,2014B,0.7854834104507638,56.833333333333336,141.0
631941,BBB,2014B,0.9510876234949004,75.71428571428571,52.0
632040,BBB,2014B,0.9604846291041567,75.71428571428571,0.0
632231,BBB,2014B,0.7220911220956995,69.66666666666667,90.0
632470,BBB,2014B,0.8128944040850884,57.0,53.0
632574,BBB,2014B,0.7950243052256338,59.0,144.0
632605,BBB,2014B,0.7112460464880502,1.0,1381.0
632658,BBB,2014B,0.8392145633404584,44.333333333333336,134.0
632712,BBB,2014B,0.7201414173795311,71.45454545454545,96.0
632847,BBB,2014B,0.7286878358450215,65.0,68.0
632911,BBB,2014B,0.9420595667574752,75.71428571428571,0.0
633052,BBB,2014B,0.9489829023026207,75.71428571428571,96.0
633162,BBB,2014B,0.8104558954470212,59.0,78.0
633231,BBB,2014B,0.9510876234949004,75.71428571428571,8.0
633257,BBB,2014B,0.800513453472032,33.44444444444444,454.0
633380,BBB,2014B,0.7332915415673547,69.0,92.0
633462,BBB,2014B,0.9779798020422612,75.71428571428571,23.0
633599,BBB,2014B,0.9420595667574752,75.71428571428571,0.0
633613,BBB,2014B,0.9420595667574752,75.71428571428571,0.0
633865,BBB,2014B,0.7240536631931924,70.0,66.0
633883,BBB,2014B,0.9510876234949004,75.71428571428571,7.0
633890,BBB,2014B,0.9510876234949004,75.71428571428571,25.0
633900,BBB,2014B,0.9420595667574752,75.71428571428571,0.0
633912,BBB,2014B,0.9420595667574752,75.71428571428571,0.0
634188,BBB,2014B,0.7112937045261409,67.63636363636364,151.0
634298,BBB,2014B,0.9538683754260314,75.71428571428571,22.0
634373,BBB,2014B,0.9420595667574752,75.71428571428571,0.0
634396,BBB,2014B,0.9420595667574752,75.71428571428571,0.0
634428,BBB,2014B,0.9420595667574752,75.71428571428571,0.0
634486,BBB,2014B,0.9420595667574752,75.71428571428571,0.0
634615,BBB,2014B,0.9510876234949004,75.71428571428571,6.0
634932,BBB,2014B,0.9510876234949004,75.71428571428571,3.0
635245,BBB,2014B,0.9420595667574752,75.71428571428571,0.0
635246,BBB,2014B,0.7267252947475287,66.125,71.0
635247,BBB,2014B,0.7638123115458453,58.333333333333336,215.0
635432,BBB,2014B,0.7229976865446485,58.75,409.0
635473,BBB,2014B,0.88446699426562,100.0,148.0
635761,BBB,2014B,0.7054305168846946,66.72727272727273,165.0
636271,BBB,2014B,0.9420595667574752,75.71428571428571,0.0
637864,BBB,2014B,0.9420595667574752,75.71428571428571,0.0
1108120,BBB,2014B,0.9510876234949004,75.71428571428571,55.0
1431750,BBB,2014B,0.8657823500813377,47.0,4.0
1508708,BBB,2014B,0.9739993855318783,75.71428571428571,10.0
1759851,BBB,2014B,0.7080656373607279,66.08333333333333,421.0
1863244,BBB,2014B,0.7598374407988114,75.0,20.0
1933555,BBB,2014B,0.9588511739811354,75.71428571428571,0.0
1934118,BBB,2014B,0.9604846291041567,75.71428571428571,0.0
2006364,BBB,2014B,0.9689979935628061,75.71428571428571,25.0
2034455,BBB,2014B,0.9420595667574752,75.71428571428571,0.0
2052966,BBB,2014B,0.9663089122754848,75.71428571428571,0.0
2184026,BBB,2014B,0.9754298658350454,75.71428571428571,13.0
2230457,BBB,2014B,0.7364063399792994,56.714285714285715,263.0
2246708,BBB,2014B,0.9467004203735536,75.71428571428571,0.0
2271743,BBB,2014B,0.7402826920411241,80.5,250.0
2277941,BBB,2014B,0.9510876234949004,75.71428571428571,6.0
2303083,BBB,2014B,0.9722580753855629,75.71428571428571,3.0
2351235,BBB,2014B,0.7166449275262435,75.0,126.0
2353787,BBB,2014B,0.9604890193424273,75.71428571428571,0.0
2363561,BBB,2014B,0.9637484907797561,75.71428571428571,0.0
2409808,BBB,2014B,0.9476842503854818,75.71428571428571,0.0
2410331,BBB,2014B,0.9548946860043899,75.71428571428571,0.0
2417841,BBB,2014B,0.9467004203735536,75.71428571428571,0.0
2421428,BBB,2014B,0.9420595667574752,75.71428571428571,0.0
2437062,BBB,2014B,0.9420595667574752,75.71428571428571,0.0
2438291,BBB,2014B,0.9604846291041567,75.71428571428571,0.0
2439442,BBB,2014B,0.9588064839383145,75.71428571428571,0.0
2444501,BBB,2014B,0.8384211119918086,55.8,102.0
2494258,BBB,2014B,0.7869687894830719,51.8,340.0
2509297,BBB,2014B,0.9824486182425283,75.71428571428571,0.0
2512349,BBB,2014B,0.9420595667574752,75.71428571428571,0.0
2524295,BBB,2014B,0.7308715498771413,64.25,57.0
2538123,BBB,2014B,0.7166449275262435,75.0,84.0
2539641,BBB,2014B,0.7278453469978987,73.42857142857143,125.0
2552149,BBB,2014B,0.9420595667574752,75.71428571428571,0.0
2554464,BBB,2014B,0.9420595667574752,75.71428571428571,0.0
2567352,BBB,2014B,0.9420595667574752,75.71428571428571,0.0
2605113,BBB,2014B,0.9604890193424273,75.71428571428571,0.0
2609574,BBB,2014B,0.8486235885297646,27.0,45.0
2611847,BBB,2014B,0.7267252947475287,67.66666666666667,108.0
2625752,BBB,2014B,0.9781994555246689,75.71428571428571,0.0
2626511,BBB,2014B,0.9467004203735536,75.71428571428571,0.0
2632243,BBB,2014B,0.9604846291041567,75.71428571428571,0.0
2641682,BBB,2014B,0.8249235246582808,49.142857142857146,239.0
2683697,BBB,2014B,0.8743853090198195,50.0,35.0
2687644,BBB,2014B,0.9576631785037318,75.71428571428571,0.0
2690136,BBB,2014B,0.9846832932485385,75.71428571428571,34.0
2690719,BBB,2014B,0.9588064839383145,75.71428571428571,0.0
26734,BBB,2014J,0.7347390695941742,74.33333333333333,210.0
32327,BBB,2014J,0.7896877086431379,31.0,699.0
32930,BBB,2014J,0.7752595953132615,45.0,438.0
34662,BBB,2014J,0.814626921883677,34.5,218.0
38711,BBB,2014J,0.829508586220731,38.75,169.0
47891,BBB,2014J,0.77835863048447,65.66666666666667,118.0
53236,BBB,2014J,0.9810621229997858,75.71428571428571,43.0
57285,BBB,2014J,0.7382763509548848,54.2,283.0
58520,BBB,2014J,0.962277938035908,75.71428571428571,0.0
58653,BBB,2014J,0.7908397165771636,55.2,383.0
61352,BBB,2014J,0.8694569937617901,100.0,181.0
65807,BBB,2014J,0.9789952571085915,75.71428571428571,0.0
70750,BBB,2014J,0.9738270383473427,75.71428571428571,103.0
72349,BBB,2014J,0.9478070902369273,75.71428571428571,134.0
73584,BBB,2014J,0.8387777126093278,28.0,243.0
74574,BBB,2014J,0.962277938035908,75.71428571428571,0.0
82611,BBB,2014J,0.9420595667574752,75.71428571428571,0.0
84541,BBB,2014J,0.8541274435837597,34.0,179.0
98452,BBB,2014J,0.9189495846873754,100.0,35.0
98842,BBB,2014J,0.7257831145196286,59.4,368.0
99088,BBB,2014J,0.8263736823468419,29.666666666666668,359.0
102067,BBB,2014J,0.8935558468200392,100.0,67.0
103998,BBB,2014J,0.9510876234949004,75.71428571428571,49.0
106383,BBB,2014J,0.9420595667574752,75.71428571428571,0.0
106793,BBB,2014J,0.7246463274928506,57.8,404.0
118213,BBB,2014J,0.8541363917156972,30.6,21.0
118877,BBB,2014J,0.9685035715631463,75.71428571428571,4.0
119437,BBB,2014J,0.9588511739811354,75.71428571428571,0.0
119444,BBB,2014J,0.7712597513901556,62.25,83.0
125535,BBB,2014J,0.8603645757804144,38.2,196.0
125874,BBB,2014J,0.9678026791059454,75.71428571428571,45.0
132055,BBB,2014J,0.9420595667574752,75.71428571428571,0.0
132924,BBB,2014J,0.8531288443216282,39.25,21.0
157752,BBB,2014J,0.803484822816221,49.6,368.0
160026,BBB,2014J,0.7617890097265678,71.6,95.0
161811,BBB,2014J,0.9420595667574752,75.71428571428571,0.0
165099,BBB,2014J,0.8161926789433863,44.6,429.0
165498,BBB,2014J,0.9683864447892101,75.71428571428571,164.0
179073,BBB,2014J,0.7825595874228912,75.66666666666667,156.0
179297,BBB,2014J,0.8555550792284365,100.0,108.0
184234,BBB,2014J,0.9604890193424273,75.71428571428571,0.0
184583,BBB,2014J,0.9514240768985363,75.71428571428571,152.0
188766,BBB,2014J,0.7601656092119445,55.6,372.0
191746,BBB,2014J,0.7359089280240764,63.8,313.0
191973,BBB,2014J,0.7180606492477317,48.0,588.0
195221,BBB,2014J,0.8626276682458589,50.0,93.0
195940,BBB,2014J,0.7285528863516406,55.0,381.0
201655,BBB,2014J,0.9420595667574752,75.71428571428571,0.0
205978,BBB,2014J,0.9420595667574752,75.71428571428571,0.0
228235,BBB,2014J,0.9588511739811354,75.71428571428571,0.0
228909,BBB,2014J,0.8039304788723842,42.0,575.0
235371,BBB,2014J,0.7406426361365558,56.4,275.0
249154,BBB,2014J,0.8521738506182044,1.0,90.0
254313,BBB,2014J,0.9729842774568935,75.71428571428571,0.0
254612,BBB,2014J,0.850737738552522,1.0,277.0
255957,BBB,2014J,0.9604890193424273,75.71428571428571,0.0
258268,BBB,2014J,0.718045207191064,68.0,158.0
258840,BBB,2014J,0.7084055265380341,55.6,511.0
260216,BBB,2014J,0.7647796941053899,70.33333333333333,40.0
260777,BBB,2014J,0.9606469019495827,75.71428571428571,0.0
264281,BBB,2014J,0.8882353316626971,75.71428571428571,350.0
264732,BBB,2014J,0.975847926099467,75.71428571428571,43.0
267774,BBB,2014J,0.9510876234949004,75.71428571428571,36.0
270191,BBB,2014J,0.9604846291041567,75.71428571428571,0.0
271047,BBB,2014J,0.9510876234949004,75.71428571428571,7.0
272000,BBB,2014J,0.9593814674421322,75.71428571428571,190.0
272617,BBB,2014J,0.778668783644419,71.8,97.0
279238,BBB,2014J,0.9510876234949004,75.71428571428571,9.0
285992,BBB,2014J,0.9420595667574752,75.71428571428571,0.0
288655,BBB,2014J,0.8743638806575323,100.0,64.0
292813,BBB,2014J,0.9656809029062832,75.71428571428571,0.0
293989,BBB,2014J,0.8061114422354505,23.0,277.0
297806,BBB,2014J,0.8521738506182044,1.0,126.0
298961,BBB,2014J,0.7270179091327345,57.0,481.0
306880,BBB,2014J,0.8800658360637656,100.0,132.0
308850,BBB,2014J,0.8701230653254277,1.0,114.0
314675,BBB,2014J,0.7285528863516406,55.0,409.0
316421,BBB,2014J,0.9604890193424273,75.71428571428571,0.0
321450,BBB,2014J,0.741465373474537,66.4,237.0
322574,BBB,2014J,0.8486235885297646,1.0,25.0
327224,BBB,2014J,0.7073424367831916,75.0,201.0
330981,BBB,2014J,0.9420595667574752,75.71428571428571,0.0
335765,BBB,2014J,0.9604890193424273,75.71428571428571,0.0
338554,BBB,2014J,0.7313291308024813,55.8,285.0
340592,BBB,2014J,0.8909195559203589,100.0,219.0
340899,BBB,2014J,0.7259417863943192,67.8,4.0
341611,BBB,2014J,0.7809090030930532,62.0,249.0
342192,BBB,2014J,0.7539035281130663,63.6,223.0
349924,BBB,2014J,0.8743395920618516,1.0,40.0
353617,BBB,2014J,0.9420595667574752,75.71428571428571,0.0
357901,BBB,2014J,0.8554798066973721,37.75,304.0
366791,BBB,2014J,0.9679523038968979,75.71428571428571,0.0
369234,BBB,2014J,0.8308123021376242,28.666666666666668,576.0
372602,BBB,2014J,0.7490709239501507,63.2,114.0
373846,BBB,2014J,0.7402186363830373,39.5,1028.0
376117,BBB,2014J,0.9510876234949004,75.71428571428571,2.0
379720,BBB,2014J,0.7002778169154773,52.8,556.0
380515,BBB,2014J,0.897005788496895,100.0,21.0
381882,BBB,2014J,0.78342485138271,48.8,566.0
384266,BBB,2014J,0.8743638806575323,100.0,13.0
385341,BBB,2014J,0.8408845770481105,39.5,147.0
387276,BBB,2014J,0.9564198806241673,75.71428571428571,0.0
387406,BBB,2014J,0.7245534866296165,60.6,389.0
393529,BBB,2014J,0.959814392839091,75.71428571428571,0.0
395169,BBB,2014J,0.8828971690371371,100.0,175.0
396016,BBB,2014J,0.8531288443216282,39.333333333333336,30.0
396673,BBB,2014J,0.7992906763156442,49.0,471.0
398071,BBB,2014J,0.9420595667574752,75.71428571428571,0.0
401317,BBB,2014J,0.7122265077737269,42.0,1097.0
411105,BBB,2014J,0.7496484595318148,65.1,64.0
411150,BBB,2014J,0.8422552342991476,48.0,101.0
412343,BBB,2014J,0.750692276793751,54.2,228.0
414663,BBB,2014J,0.9604846291041567,75.71428571428571,0.0
417978,BBB,2014J,0.8581440771178154,75.71428571428571,324.0
418206,BBB,2014J,0.962277938035908,75.71428571428571,0.0
418502,BBB,2014J,0.9420595667574752,75.71428571428571,0.0
423613,BBB,2014J,0.9156076899123012,100.0,91.0
424586,BBB,2014J,0.9604846291041567,75.71428571428571,0.0
425314,BBB,2014J,0.897005788496895,100.0,12.0
425772,BBB,2014J,0.7835267201882568,46.2,460.0
426340,BBB,2014J,0.9663089122754848,75.71428571428571,0.0
433064,BBB,2014J,0.7494592403751308,61.0,14.0
435287,BBB,2014J,0.7703390605120535,67.6,43.0
440912,BBB,2014J,0.97243345019087,75.71428571428571,41.0
442685,BBB,2014J,0.9420595667574752,75.71428571428571,0.0
442745,BBB,2014J,0.7221039584770239,71.5,12.0
445647,BBB,2014J,0.8647888408859239,100.0,125.0
446619,BBB,2014J,0.8743638806575323,100.0,21.0
447324,BBB,2014J,0.8098786844623943,33.0,239.0
469579,BBB,2014J,0.8124184365445142,60.0,33.0
469803,BBB,2014J,0.962277938035908,75.71428571428571,0.0
473444,BBB,2014J,0.9420595667574752,75.71428571428571,0.0
475363,BBB,2014J,0.7958136643375141,49.2,329.0
476253,BBB,2014J,0.9703505347484379,75.71428571428571,0.0
480988,BBB,2014J,0.9588511739811354,75.71428571428571,0.0
483674,BBB,2014J,0.8521738506182044,1.0,78.0
484158,BBB,2014J,0.9604846291041567,75.71428571428571,0.0
484443,BBB,2014J,0.9604890193424273,75.71428571428571,0.0
484550,BBB,2014J,0.896297900637546,100.0,78.0
485439,BBB,2014J,0.8274893347787493,41.25,337.0
485853,BBB,2014J,0.9090785210410972,100.0,32.0
486516,BBB,2014J,0.7229976865446485,59.2,412.0
488242,BBB,2014J,0.9604846291041567,75.71428571428571,0.0
488854,BBB,2014J,0.9420595667574752,75.71428571428571,0.0
490299,BBB,2014J,0.8541363917156972,1.0,45.0
490648,BBB,2014J,0.9604846291041567,75.71428571428571,0.0
491001,BBB,2014J,0.9604846291041567,75.71428571428571,0.0
492579,BBB,2014J,0.8515002215635538,100.0,240.0
492676,BBB,2014J,0.7599957063370073,66.0,229.0
492979,BBB,2014J,0.7495416370031975,54.6,234.0
493443,BBB,2014J,0.7419303910409636,32.4,945.0
493609,BBB,2014J,0.8736559927981833,100.0,84.0
493763,BBB,2014J,0.7601815174539496,74.45454545454545,82.0
495239,BBB,2014J,0.7974439784285984,43.333333333333336,391.0
495786,BBB,2014J,0.9678026791059454,75.71428571428571,66.0
496373,BBB,2014J,0.9709370633458453,75.71428571428571,0.0
501414,BBB,2014J,0.9420595667574752,75.71428571428571,0.0
503159,BBB,2014J,0.8581440771178154,75.71428571428571,315.0
503663,BBB,2014J,0.7021919444097254,71.375,160.0
504066,BBB,2014J,0.9604846291041567,75.71428571428571,0.0
505595,BBB,2014J,0.8134407584709732,46.166666666666664,454.0
505692,BBB,2014J,0.9604846291041567,75.71428571428571,0.0
505878,BBB,2014J,0.8143801250136694,54.8,113.0
507386,BBB,2014J,0.8016167963327527,28.5,341.0
508431,BBB,2014J,0.9510876234949004,75.71428571428571,15.0
509466,BBB,2014J,0.7686313010808868,66.66666666666667,101.0
510068,BBB,2014J,0.7616023796774478,71.66666666666667,123.0
511295,BBB,2014J,0.8743638806575323,100.0,36.0
511424,BBB,2014J,0.9420595667574752,75.71428571428571,0.0
511962,BBB,2014J,0.9420595667574752,75.71428571428571,0.0
512493,BBB,2014J,0.9604846291041567,75.71428571428571,0.0
514006,BBB,2014J,0.9803438384252088,75.71428571428571,7.0
514581,BBB,2014J,0.9604846291041567,75.71428571428571,0.0
517112,BBB,2014J,0.9679523038968979,75.71428571428571,0.0
519995,BBB,2014J,0.9803438384252088,75.71428571428571,6.0
520024,BBB,2014J,0.7605392309604825,59.30769230769231,323.0
522478,BBB,2014J,0.8800411953120105,1.0,205.0
522784,BBB,2014J,0.9604846291041567,75.71428571428571,0.0
526789,BBB,2014J,0.9604846291041567,75.71428571428571,0.0
526844,BBB,2014J,0.9588511739811354,75.71428571428571,0.0
528702,BBB,2014J,0.7302434008900914,47.666666666666664,660.0
530960,BBB,2014J,0.9604846291041567,75.71428571428571,0.0
532794,BBB,2014J,0.9604846291041567,75.71428571428571,0.0
534428,BBB,2014J,0.7908655571772727,46.8,524.0
534588,BBB,2014J,0.8875254473534252,1.0,114.0
536767,BBB,2014J,0.798434580039672,57.75,67.0
537221,BBB,2014J,0.9604363035657241,75.71428571428571,0.0
539657,BBB,2014J,0.9679523038968979,75.71428571428571,0.0
541123,BBB,2014J,0.9722580753855629,75.71428571428571,28.0
541315,BBB,2014J,0.8165535628574392,41.4,654.0
541995,BBB,2014J,0.9517636542337519,75.71428571428571,116.0
544177,BBB,2014J,0.9604846291041567,75.71428571428571,0.0
546114,BBB,2014J,0.9420595667574752,75.71428571428571,0.0
549288,BBB,2014J,0.897005788496895,100.0,54.0
549839,BBB,2014J,0.9703505347484379,75.71428571428571,0.0
551000,BBB,2014J,0.845600229790516,37.25,546.0
551237,BBB,2014J,0.8156280264657237,1.0,209.0
553196,BBB,2014J,0.9765602134711595,75.71428571428571,40.0
556290,BBB,2014J,0.867134927183715,1.0,144.0
559344,BBB,2014J,0.7286437098843858,58.2,501.0
559973,BBB,2014J,0.7287228684291829,57.0,313.0
561608,BBB,2014J,0.7394734005112678,35.4,938.0
561773,BBB,2014J,0.9604846291041567,75.71428571428571,0.0
561798,BBB,2014J,0.9420595667574752,75.71428571428571,0.0
561979,BBB,2014J,0.7652836353682676,68.8,65.0
562769,BBB,2014J,0.9604846291041567,75.71428571428571,0.0
569157,BBB,2014J,0.9703505347484379,75.71428571428571,0.0
569256,BBB,2014J,0.9420595667574752,75.71428571428571,0.0
570692,BBB,2014J,0.8613570858340966,100.0,123.0
571395,BBB,2014J,0.84505455500936,43.4,40.0
571868,BBB,2014J,0.9773111132172037,75.71428571428571,43.0
572306,BBB,2014J,0.7467657625415085,58.6,237.0
572371,BBB,2014J,0.8013059783346673,34.5,341.0
573252,BBB,2014J,0.8541363917156972,1.0,27.0
573554,BBB,2014J,0.7812476456097699,56.25,0.0
573873,BBB,2014J,0.9510876234949004,75.71428571428571,32.0
574306,BBB,2014J,0.9604846291041567,75.71428571428571,0.0
575404,BBB,2014J,0.7183116830031854,55.5,500.0
575892,BBB,2014J,0.9586026888605064,75.71428571428571,142.0
576203,BBB,2014J,0.8743638806575323,100.0,48.0
577354,BBB,2014J,0.8315323979249001,100.0,256.0
577728,BBB,2014J,0.8405811056588479,42.0,140.0
577934,BBB,2014J,0.9722580753855629,75.71428571428571,70.0
578418,BBB,2014J,0.7974439784285984,43.75,408.0
578439,BBB,2014J,0.8438799393047369,45.0,73.0
578445,BBB,2014J,0.9545819152472932,75.71428571428571,0.0
579031,BBB,2014J,0.9703505347484379,75.71428571428571,0.0
579251,BBB,2014J,0.7040231090529773,68.0,172.0
579409,BBB,2014J,0.7732142069573605,48.6,330.0
579486,BBB,2014J,0.9689979935628061,75.71428571428571,60.0
581672,BBB,2014J,0.9604890193424273,75.71428571428571,0.0
582816,BBB,2014J,0.897005788496895,100.0,52.0
582933,BBB,2014J,0.7921138932259106,47.5,234.0
583179,BBB,2014J,0.9689979935628061,75.71428571428571,48.0
583954,BBB,2014J,0.7508321848171847,51.8,422.0
584274,BBB,2014J,0.9604846291041567,75.71428571428571,0.0
584283,BBB,2014J,0.9604846291041567,75.71428571428571,0.0
584595,BBB,2014J,0.9420595667574752,75.71428571428571,0.0
584664,BBB,2014J,0.962277938035908,75.71428571428571,0.0
585074,BBB,2014J,0.8743395920618516,30.2,21.0
586180,BBB,2014J,0.7262787849656114,56.4,396.0
586398,BBB,2014J,0.897005788496895,100.0,14.0
586561,BBB,2014J,0.8499294026519117,50.0,184.0
586652,BBB,2014J,0.7678019185670046,46.0,633.0
587037,BBB,2014J,0.8698122473273423,35.5,100.0
587434,BBB,2014J,0.8418921244421794,1.0,153.0
587860,BBB,2014J,0.869848980583519,40.6,123.0
588062,BBB,2014J,0.8817680814907249,100.0,158.0
588166,BBB,2014J,0.8343922780644245,39.0,179.0
588207,BBB,2014J,0.8402792770033805,100.0,405.0
588251,BBB,2014J,0.7192066147010304,46.4,619.0
588991,BBB,2014J,0.897005788496895,100.0,37.0
589935,BBB,2014J,0.7333951986056211,72.0,79.0
589968,BBB,2014J,0.8521738506182044,1.0,72.0
590416,BBB,2014J,0.8267575681336949,36.5,442.0
590444,BBB,2014J,0.7068583717949218,59.75,446.0
590764,BBB,2014J,0.7201414173795311,72.88888888888889,93.0
590867,BBB,2014J,0.8663345220170303,0.0,178.0
591986,BBB,2014J,0.7787503279146469,75.66666666666667,241.0
592090,BBB,2014J,0.9604846291041567,75.71428571428571,0.0
592262,BBB,2014J,0.8454020588566918,100.0,192.0
593000,BBB,2014J,0.8109318629875955,56.2,127.0
593583,BBB,2014J,0.7332915415673547,69.66666666666667,86.0
593791,BBB,2014J,0.9510876234949004,75.71428571428571,32.0
593819,BBB,2014J,0.7166449275262435,74.5,76.0
595018,BBB,2014J,0.9420595667574752,75.71428571428571,0.0
595137,BBB,2014J,0.8691085937139499,43.333333333333336,119.0
595850,BBB,2014J,0.9604846291041567,75.71428571428571,0.0
596072,BBB,2014J,0.8743638806575323,100.0,8.0
596151,BBB,2014J,0.8418921244421794,25.0,149.0
596496,BBB,2014J,0.8739580532858534,100.0,42.0
596744,BBB,2014J,0.9604846291041567,75.71428571428571,0.0
597539,BBB,2014J,0.8736559927981833,100.0,96.0
597744,BBB,2014J,0.8473664891880298,32.333333333333336,175.0
598035,BBB,2014J,0.7220911220956995,69.2,116.0
598201,BBB,2014J,0.7229976865446485,59.6,414.0
598317,BBB,2014J,0.9604846291041567,75.71428571428571,0.0
598395,BBB,2014J,0.9538683754260314,75.71428571428571,6.0
598769,BBB,2014J,0.7158708033449385,79.5,296.0
599232,BBB,2014J,0.9420595667574752,75.71428571428571,0.0
599323,BBB,2014J,0.8582562713185614,75.71428571428571,407.0
599644,BBB,2014J,0.7347005329596544,60.8,421.0
600398,BBB,2014J,0.7404565729820182,51.4,443.0
600404,BBB,2014J,0.8613570858340966,100.0,134.0
600463,BBB,2014J,0.7131151924444878,65.4,147.0
600658,BBB,2014J,0.9098825969431619,100.0,89.0
601285,BBB,2014J,0.9467004203735536,75.71428571428571,0.0
601316,BBB,2014J,0.8587998530158814,40.5,142.0
601882,BBB,2014J,0.962277938035908,75.71428571428571,0.0
602109,BBB,2014J,0.7267252947475287,65.2,128.0
602448,BBB,2014J,0.8044679320049021,57.5,0.0
602570,BBB,2014J,0.8575464117638547,37.8,277.0
602666,BBB,2014J,0.8248145638015575,58.2,174.0
603121,BBB,2014J,0.8124184365445142,58.0,34.0
603200,BBB,2014J,0.7259804655458375,59.8,365.0
603203,BBB,2014J,0.9604846291041567,75.71428571428571,0.0
605089,BBB,2014J,0.704906204357288,62.8,407.0
605186,BBB,2014J,0.9722580753855629,75.71428571428571,50.0
605383,BBB,2014J,0.8898540524854661,1.0,19.0
606004,BBB,2014J,0.9722580753855629,75.71428571428571,15.0
606105,BBB,2014J,0.7923185779672974,56.6,170.0
606517,BBB,2014J,0.7458680376823146,54.0,231.0
606531,BBB,2014J,0.8798068600310422,30.5,7.0
606914,BBB,2014J,0.87209444862398,35.0,37.0
607062,BBB,2014J,0.8310109675747874,37.2,571.0
608068,BBB,2014J,0.8370602966589539,46.333333333333336,223.0
608319,BBB,2014J,0.9576631785037318,75.71428571428571,0.0
610437,BBB,2014J,0.9604846291041567,75.71428571428571,0.0
610494,BBB,2014J,0.8723770509643587,1.0,85.0
611275,BBB,2014J,0.8101895024604795,27.5,244.0
612337,BBB,2014J,0.8701230653254277,1.0,121.0
612473,BBB,2014J,0.8614673818590936,100.0,42.0
613135,BBB,2014J,0.8019078147352894,34.8,285.0
613380,BBB,2014J,0.9420595667574752,75.71428571428571,0.0
614159,BBB,2014J,0.7969472905884206,45.4,262.0
614405,BBB,2014J,0.9420595667574752,75.71428571428571,0.0
615016,BBB,2014J,0.9679523038968979,75.71428571428571,0.0
617671,BBB,2014J,0.9420595667574752,75.71428571428571,0.0
617804,BBB,2014J,0.9604846291041567,75.71428571428571,0.0
617811,BBB,2014J,0.8867997808920793,100.0,122.0
618858,BBB,2014J,0.9604890193424273,75.71428571428571,0.0
619052,BBB,2014J,0.8541363917156972,1.0,51.0
620135,BBB,2014J,0.9604846291041567,75.71428571428571,0.0
620550,BBB,2014J,0.9420595667574752,75.71428571428571,0.0
620655,BBB,2014J,0.8898076486500629,1.0,4.0
621487,BBB,2014J,0.7398182389441008,73.2,153.0
621826,BBB,2014J,0.7204889286901753,62.6,265.0
621856,BBB,2014J,0.9420595667574752,75.71428571428571,0.0
621899,BBB,2014J,0.9689979935628061,75.71428571428571,67.0
621935,BBB,2014J,0.9604846291041567,75.71428571428571,0.0
622117,BBB,2014J,0.7494592403751308,60.75,34.0
622313,BBB,2014J,0.80291552898168,52.8,139.0
622722,BBB,2014J,0.9420595667574752,75.71428571428571,0.0
623319,BBB,2014J,0.9779798020422612,75.71428571428571,1.0
624709,BBB,2014J,0.9342415255850467,75.71428571428571,195.0
626075,BBB,2014J,0.8126029739832998,58.0,181.0
626597,BBB,2014J,0.9604890193424273,75.71428571428571,0.0
626660,BBB,2014J,0.9722580753855629,75.71428571428571,27.0
626835,BBB,2014J,0.9420595667574752,75.71428571428571,0.0
627119,BBB,2014J,0.8449086553443458,1.0,179.0
627968,BBB,2014J,0.7949678706191363,35.25,1166.0
628435,BBB,2014J,0.9420595667574752,75.71428571428571,0.0
628656,BBB,2014J,0.7311225923343656,44.2,609.0
628819,BBB,2014J,0.9604846291041567,75.71428571428571,0.0
630274,BBB,2014J,0.9604890193424273,75.71428571428571,0.0
630286,BBB,2014J,0.8608913515050629,100.0,232.0
630465,BBB,2014J,0.9420595667574752,75.71428571428571,0.0
630597,BBB,2014J,0.7240536631931924,69.2,23.0
630773,BBB,2014J,0.7166449275262435,75.0,84.0
631266,BBB,2014J,0.8442499859403444,1.0,162.0
631416,BBB,2014J,0.8143801250136694,55.0,94.0
631561,BBB,2014J,0.8459476712413422,56.833333333333336,141.0
631775,BBB,2014J,0.8023193790006999,33.666666666666664,474.0
632144,BBB,2014J,0.9604890193424273,75.71428571428571,0.0
632255,BBB,2014J,0.70727019592379,45.0,1163.0
632431,BBB,2014J,0.9604890193424273,75.71428571428571,0.0
632473,BBB,2014J,0.8366406860037681,100.0,464.0
632605,BBB,2014J,0.7120347351640599,1.0,1381.0
632632,BBB,2014J,0.753556033344292,37.4,739.0
632722,BBB,2014J,0.8019693131406462,35.0,314.0
633016,BBB,2014J,0.9604890193424273,75.71428571428571,0.0
633206,BBB,2014J,0.9510876234949004,75.71428571428571,5.0
635251,BBB,2014J,0.9420595667574752,75.71428571428571,0.0
635328,BBB,2014J,0.8373024167382259,48.2,204.0
635425,BBB,2014J,0.9420595667574752,75.71428571428571,0.0
635561,BBB,2014J,0.7085806302217403,66.0,156.0
635716,BBB,2014J,0.9420595667574752,75.71428571428571,0.0
635921,BBB,2014J,0.7007300294397768,73.6,218.0
636064,BBB,2014J,0.9420595667574752,75.71428571428571,0.0
636660,BBB,2014J,0.9420595667574752,75.71428571428571,0.0
636807,BBB,2014J,0.9420595667574752,75.71428571428571,0.0
636953,BBB,2014J,0.8582381030687516,1.0,145.0
637295,BBB,2014J,0.962277938035908,75.71428571428571,0.0
637348,BBB,2014J,0.8319657412047867,54.0,106.0
637820,BBB,2014J,0.82920916599361,37.5,645.0
637867,BBB,2014J,0.7197610266747971,75.71428571428571,500.0
638036,BBB,2014J,0.8288557823250582,34.5,554.0
638417,BBB,2014J,0.9715501875262137,75.71428571428571,71.0
638554,BBB,2014J,0.8515002215635538,100.0,233.0
638575,BBB,2014J,0.9722580753855629,75.71428571428571,17.0
638756,BBB,2014J,0.7111362804044803,70.8,173.0
638818,BBB,2014J,0.9604846291041567,75.71428571428571,0.0
639659,BBB,2014J,0.9604846291041567,75.71428571428571,0.0
640265,BBB,2014J,0.7980505570736526,27.5,930.0
640289,BBB,2014J,0.8008242714701173,23.666666666666668,433.0
640291,BBB,2014J,0.8258219910494518,25.5,662.0
640330,BBB,2014J,0.9420595667574752,75.71428571428571,0.0
640455,BBB,2014J,0.7267252947475287,64.8,125.0
640501,BBB,2014J,0.9604846291041567,75.71428571428571,0.0
640712,BBB,2014J,0.9722580753855629,75.71428571428571,15.0
640753,BBB,2014J,0.8531288443216282,40.666666666666664,66.0
641045,BBB,2014J,0.9604846291041567,75.71428571428571,0.0
641262,BBB,2014J,0.9420595667574752,75.71428571428571,0.0
641540,BBB,2014J,0.962277938035908,75.71428571428571,0.0
641795,BBB,2014J,0.9779798020422612,75.71428571428571,5.0
641992,BBB,2014J,0.7977081915521782,38.5,452.0
642075,BBB,2014J,0.8530077867500158,100.0,222.0
642292,BBB,2014J,0.9604846291041567,75.71428571428571,0.0
642439,BBB,2014J,0.8046940295289636,55.6,202.0
642633,BBB,2014J,0.9489829023026207,75.71428571428571,108.0
642731,BBB,2014J,0.9420595667574752,75.71428571428571,0.0
642802,BBB,2014J,0.9510876234949004,75.71428571428571,52.0
642836,BBB,2014J,0.9420595667574752,75.71428571428571,0.0
642988,BBB,2014J,0.9510876234949004,75.71428571428571,20.0
643953,BBB,2014J,0.7551470689762455,65.33333333333333,185.0
644069,BBB,2014J,0.7672403050517239,48.0,499.0
644101,BBB,2014J,0.8117520787564458,41.0,212.0
644482,BBB,2014J,0.8693638806575325,100.0,4.0
644599,BBB,2014J,0.8295024620314199,52.0,96.0
644883,BBB,2014J,0.8541363917156972,1.0,38.0
644975,BBB,2014J,0.9420595667574752,75.71428571428571,0.0
645042,BBB,2014J,0.7687142998445546,44.75,636.0
645052,BBB,2014J,0.9722580753855629,75.71428571428571,14.0
645183,BBB,2014J,0.7267252947475287,67.0,111.0
645248,BBB,2014J,0.8022186327333748,21.5,293.0
645371,BBB,2014J,0.8743638806575323,100.0,61.0
645420,BBB,2014J,0.8295024620314199,50.75,122.0
645510,BBB,2014J,0.9420595667574752,75.71428571428571,0.0
645639,BBB,2014J,0.701213337304856,73.2,147.0
645753,BBB,2014J,0.8662995934279496,75.71428571428571,289.0
645793,BBB,2014J,0.9510876234949004,75.71428571428571,17.0
645996,BBB,2014J,0.9604846291041567,75.71428571428571,0.0
646004,BBB,2014J,0.7804045375463161,47.0,289.0
646075,BBB,2014J,0.9604846291041567,75.71428571428571,0.0
646133,BBB,2014J,0.9420595667574752,75.71428571428571,0.0
646151,BBB,2014J,0.9420595667574752,75.71428571428571,0.0
646352,BBB,2014J,0.8334174924359029,100.0,481.0
646415,BBB,2014J,0.8285992887123987,41.6,354.0
646445,BBB,2014J,0.9420595667574752,75.71428571428571,0.0
646455,BBB,2014J,0.9510876234949004,75.71428571428571,1.0
646515,BBB,2014J,0.9604846291041567,75.71428571428571,0.0
646580,BBB,2014J,0.9420595667574752,75.71428571428571,0.0
646636,BBB,2014J,0.9420595667574752,75.71428571428571,0.0
646770,BBB,2014J,0.9420595667574752,75.71428571428571,0.0
646776,BBB,2014J,0.7201414173795311,72.2,106.0
646901,BBB,2014J,0.7250452209723893,61.8,171.0
646906,BBB,2014J,0.9420595667574752,75.71428571428571,0.0
647126,BBB,2014J,0.9510876234949004,75.71428571428571,12.0
647220,BBB,2014J,0.9604846291041567,75.71428571428571,0.0
647312,BBB,2014J,0.8481388755362655,1.0,213.0
647502,BBB,2014J,0.7662675231443999,51.0,275.0
647511,BBB,2014J,0.9420595667574752,75.71428571428571,0.0
647711,BBB,2014J,0.731346820016412,28.666666666666668,751.0
647740,BBB,2014J,0.9420595667574752,75.71428571428571,0.0
647774,BBB,2014J,0.897005788496895,100.0,31.0
647807,BBB,2014J,0.9420595667574752,75.71428571428571,0.0
647864,BBB,2014J,0.9604846291041567,75.71428571428571,0.0
647876,BBB,2014J,0.9604846291041567,75.71428571428571,0.0
647940,BBB,2014J,0.9420595667574752,75.71428571428571,0.0
647964,BBB,2014J,0.9604846291041567,75.71428571428571,0.0
647993,BBB,2014J,0.9420595667574752,75.71428571428571,0.0
647999,BBB,2014J,0.9420595667574752,75.71428571428571,0.0
648082,BBB,2014J,0.8608913515050629,100.0,236.0
648119,BBB,2014J,0.8357181188026475,34.0,171.0
648120,BBB,2014J,0.8350213894066638,36.5,166.0
648127,BBB,2014J,0.8210389300007332,27.5,610.0
648131,BBB,2014J,0.8521738506182044,1.0,88.0
648203,BBB,2014J,0.9420595667574752,75.71428571428571,0.0
648238,BBB,2014J,0.9420595667574752,75.71428571428571,0.0
648247,BBB,2014J,0.9604846291041567,75.71428571428571,0.0
648262,BBB,2014J,0.7047309103157582,55.2,479.0
648317,BBB,2014J,0.9588064839383145,75.71428571428571,0.0
648335,BBB,2014J,0.8521738506182044,1.0,111.0
648391,BBB,2014J,0.941347145365399,75.71428571428571,158.0
648476,BBB,2014J,0.7463399988352232,61.8,125.0
648519,BBB,2014J,0.8719436729484071,36.5,183.0
648556,BBB,2014J,0.9604846291041567,75.71428571428571,0.0
648585,BBB,2014J,0.7594792731112142,54.2,420.0
648589,BBB,2014J,0.9604846291041567,75.71428571428571,0.0
648596,BBB,2014J,0.9510876234949004,75.71428571428571,45.0
648640,BBB,2014J,0.9420595667574752,75.71428571428571,0.0
648676,BBB,2014J,0.7467657625415085,58.25,251.0
648754,BBB,2014J,0.8724052666220653,1.0,27.0
648820,BBB,2014J,0.9703505347484379,75.71428571428571,0.0
648928,BBB,2014J,0.8541363917156972,28.5,57.0
648961,BBB,2014J,0.9420595667574752,75.71428571428571,0.0
648985,BBB,2014J,0.8458424804022299,44.2,43.0
649000,BBB,2014J,0.88446699426562,100.0,147.0
649119,BBB,2014J,0.7781563532213572,40.6,635.0
649209,BBB,2014J,0.9604846291041567,75.71428571428571,0.0
649247,BBB,2014J,0.9420595667574752,75.71428571428571,0.0
649278,BBB,2014J,0.9420595667574752,75.71428571428571,0.0
649351,BBB,2014J,0.9467004203735536,75.71428571428571,0.0
649444,BBB,2014J,0.8760175991772227,1.0,145.0
649542,BBB,2014J,0.7240536631931924,70.0,20.0
649543,BBB,2014J,0.8104558954470212,59.0,94.0
649621,BBB,2014J,0.8056109417558752,40.0,495.0
649638,BBB,2014J,0.8329653786595402,100.0,363.0
649686,BBB,2014J,0.9420595667574752,75.71428571428571,0.0
649692,BBB,2014J,0.8128944040850884,56.25,60.0
649731,BBB,2014J,0.9604846291041567,75.71428571428571,0.0
649886,BBB,2014J,0.9420595667574752,75.71428571428571,0.0
650050,BBB,2014J,0.9510876234949004,75.71428571428571,57.0
650090,BBB,2014J,0.9604846291041567,75.71428571428571,0.0
650121,BBB,2014J,0.9420595667574752,75.71428571428571,0.0
650181,BBB,2014J,0.9420595667574752,75.71428571428571,0.0
650354,BBB,2014J,0.8445878271640861,46.0,70.0
650357,BBB,2014J,0.9604846291041567,75.71428571428571,0.0
650433,BBB,2014J,0.8322325668307521,41.666666666666664,305.0
650517,BBB,2014J,0.9722580753855629,75.71428571428571,22.0
650531,BBB,2014J,0.8730368798369952,47.8,67.0
650548,BBB,2014J,0.9420595667574752,75.71428571428571,0.0
650676,BBB,2014J,0.9420595667574752,75.71428571428571,0.0
650746,BBB,2014J,0.9779798020422612,75.71428571428571,38.0
650953,BBB,2014J,0.8474806351194459,44.0,109.0
650961,BBB,2014J,0.8521738506182044,21.5,71.0
650964,BBB,2014J,0.9510876234949004,75.71428571428571,61.0
651004,BBB,2014J,0.8354355916533645,48.0,221.0
651027,BBB,2014J,0.8022801311387316,32.2,327.0
651030,BBB,2014J,0.9604846291041567,75.71428571428571,0.0
651087,BBB,2014J,0.9491250823974074,75.71428571428571,71.0
651209,BBB,2014J,0.8010130655373255,35.8,286.0
651394,BBB,2014J,0.7976933873544718,38.0,740.0
651520,BBB,2014J,0.9420595667574752,75.71428571428571,0.0
651586,BBB,2014J,0.9604846291041567,75.71428571428571,0.0
651609,BBB,2014J,0.8701230653254277,1.0,103.0
651610,BBB,2014J,0.9420595667574752,75.71428571428571,0.0
651778,BBB,2014J,0.9420595667574752,75.71428571428571,0.0
651798,BBB,2014J,0.9604846291041567,75.71428571428571,0.0
651801,BBB,2014J,0.9489829023026207,75.71428571428571,113.0
651814,BBB,2014J,0.9420595667574752,75.71428571428571,0.0
651831,BBB,2014J,0.9722580753855629,75.71428571428571,1.0
651883,BBB,2014J,0.7579107660026532,50.6,310.0
651974,BBB,2014J,0.9687740005157021,75.71428571428571,127.0
651979,BBB,2014J,0.7402882124571404,59.0,257.0
652006,BBB,2014J,0.9604846291041567,75.71428571428571,0.0
652017,BBB,2014J,0.9604846291041567,75.71428571428571,0.0
652105,BBB,2014J,0.9420595667574752,75.71428571428571,0.0
652114,BBB,2014J,0.9420595667574752,75.71428571428571,0.0
652130,BBB,2014J,0.8662995934279496,75.71428571428571,296.0
652315,BBB,2014J,0.9604846291041567,75.71428571428571,0.0
652366,BBB,2014J,0.9420595667574752,75.71428571428571,0.0
652522,BBB,2014J,0.8360289368007328,25.5,175.0
652533,BBB,2014J,0.9420595667574752,75.71428571428571,0.0
652553,BBB,2014J,0.8531288443216282,40.6,60.0
652558,BBB,2014J,0.9420595667574752,75.71428571428571,0.0
652584,BBB,2014J,0.9604846291041567,75.71428571428571,0.0
652605,BBB,2014J,0.7267765426981058,68.6,133.0
652731,BBB,2014J,0.9722580753855629,75.71428571428571,11.0
652744,BBB,2014J,0.9703505347484379,75.71428571428571,0.0
652754,BBB,2014J,0.9510876234949004,75.71428571428571,36.0
652803,BBB,2014J,0.8724052666220653,1.0,20.0
652886,BBB,2014J,0.8397984625866484,52.6,116.0
652906,BBB,2014J,0.9467004203735536,75.71428571428571,0.0
652933,BBB,2014J,0.8661381503765768,1.0,267.0
653027,BBB,2014J,0.775177261079345,59.6,176.0
653034,BBB,2014J,0.8724052666220653,1.0,70.0
653052,BBB,2014J,0.7244617045708207,52.6,582.0
653059,BBB,2014J,0.8466610474322717,1.0,84.0
653097,BBB,2014J,0.9510876234949004,75.71428571428571,36.0
653188,BBB,2014J,0.7968735947079779,42.25,314.0
653193,BBB,2014J,0.9420595667574752,75.71428571428571,0.0
653244,BBB,2014J,0.9510876234949004,75.71428571428571,48.0
653262,BBB,2014J,0.7048368943589012,70.6,203.0
653295,BBB,2014J,0.9467004203735536,75.71428571428571,0.0
653385,BBB,2014J,0.8701230653254277,1.0,110.0
653465,BBB,2014J,0.8008242714701173,22.5,443.0
653551,BBB,2014J,0.9703505347484379,75.71428571428571,0.0
653702,BBB,2014J,0.787108340321979,44.0,488.0
653730,BBB,2014J,0.9420595667574752,75.71428571428571,0.0
653752,BBB,2014J,0.8613570858340966,100.0,112.0
653826,BBB,2014J,0.9722580753855629,75.71428571428571,42.0
653944,BBB,2014J,0.8342479425014245,53.8,29.0
653952,BBB,2014J,0.7811883918879787,100.0,488.0
654001,BBB,2014J,0.9722580753855629,75.71428571428571,33.0
654071,BBB,2014J,0.8022801311387316,1.0,317.0
654214,BBB,2014J,0.8541363917156972,1.0,4.0
654256,BBB,2014J,0.9604846291041567,75.71428571428571,0.0
654259,BBB,2014J,0.9604846291041567,75.71428571428571,0.0
654265,BBB,2014J,0.8684515780268757,100.0,109.0
654333,BBB,2014J,0.9420595667574752,75.71428571428571,0.0
654422,BBB,2014J,0.9510876234949004,75.71428571428571,31.0
654585,BBB,2014J,0.832269095379441,1.0,350.0
654639,BBB,2014J,0.9722580753855629,75.71428571428571,53.0
654657,BBB,2014J,0.7023352336582117,54.0,525.0
654678,BBB,2014J,0.8321217350452276,100.0,381.0
654796,BBB,2014J,0.962277938035908,75.71428571428571,0.0
654913,BBB,2014J,0.9604846291041567,75.71428571428571,0.0
654923,BBB,2014J,0.8541363917156972,1.0,5.0
654958,BBB,2014J,0.9779798020422612,75.71428571428571,27.0
655086,BBB,2014J,0.9489829023026207,75.71428571428571,107.0
655152,BBB,2014J,0.8867997808920793,100.0,119.0
655224,BBB,2014J,0.9420595667574752,75.71428571428571,0.0
655230,BBB,2014J,0.8324603256415312,39.5,327.0
655296,BBB,2014J,0.7743184629941302,49.4,558.0
655406,BBB,2014J,0.9715501875262137,75.71428571428571,72.0
655414,BBB,2014J,0.9420595667574752,75.71428571428571,0.0
655605,BBB,2014J,0.8743638806575323,100.0,10.0
655613,BBB,2014J,0.7810364196722936,46.8,391.0
655662,BBB,2014J,0.8541363917156972,1.0,12.0
655829,BBB,2014J,0.9420595667574752,75.71428571428571,0.0
655878,BBB,2014J,0.9467004203735536,75.71428571428571,0.0
655992,BBB,2014J,0.9420595667574752,75.71428571428571,0.0
656067,BBB,2014J,0.8104558954470212,59.4,117.0
656112,BBB,2014J,0.9703505347484379,75.71428571428571,0.0
656122,BBB,2014J,0.8075306197013262,0.0,283.0
656129,BBB,2014J,0.9604846291041567,75.71428571428571,0.0
656181,BBB,2014J,0.7837450264026571,46.333333333333336,390.0
656194,BBB,2014J,0.7414201010084792,67.2,29.0
656204,BBB,2014J,0.706659531874312,68.66666666666667,143.0
656206,BBB,2014J,0.7211310406449541,70.4,79.0
656208,BBB,2014J,0.7250452209723893,62.0,169.0
656217,BBB,2014J,0.7952800958388729,50.2,215.0
656228,BBB,2014J,0.9604846291041567,75.71428571428571,0.0
656276,BBB,2014J,0.8521738506182044,1.0,103.0
656412,BBB,2014J,0.9722580753855629,75.71428571428571,20.0
656453,BBB,2014J,0.9510876234949004,75.71428571428571,20.0
656455,BBB,2014J,0.9510876234949004,75.71428571428571,3.0
656472,BBB,2014J,0.8743638806575323,100.0,22.0
656475,BBB,2014J,0.812759626150515,28.4,212.0
656549,BBB,2014J,0.8111836086955252,22.2,257.0
656576,BBB,2014J,0.9779798020422612,75.71428571428571,17.0
656711,BBB,2014J,0.728059533623204,55.4,348.0
656755,BBB,2014J,0.8531288443216282,40.0,9.0
657099,BBB,2014J,0.8780237567569911,35.0,112.0
674201,BBB,2014J,0.8353998254584936,1.0,179.0
674280,BBB,2014J,0.9604846291041567,75.71428571428571,0.0
674319,BBB,2014J,0.859662901107094,100.0,155.0
674322,BBB,2014J,0.7578878886417736,51.6,282.0
674323,BBB,2014J,0.8743638806575323,100.0,61.0
674501,BBB,2014J,0.9467004203735536,75.71428571428571,0.0
674502,BBB,2014J,0.9420595667574752,75.71428571428571,0.0
674548,BBB,2014J,0.9420595667574752,75.71428571428571,0.0
674616,BBB,2014J,0.8442177753966404,48.25,37.0
674643,BBB,2014J,0.9604846291041567,75.71428571428571,0.0
674746,BBB,2014J,0.8817680814907249,100.0,183.0
674748,BBB,2014J,0.8505097078999829,100.0,304.0
674758,BBB,2014J,0.8541363917156972,28.5,46.0
674922,BBB,2014J,0.7023352336582117,52.8,526.0
674960,BBB,2014J,0.8274650026525089,43.6,198.0
675047,BBB,2014J,0.9420595667574752,75.71428571428571,0.0
675059,BBB,2014J,0.9510876234949004,75.71428571428571,53.0
675094,BBB,2014J,0.84164332923886,25.5,290.0
675116,BBB,2014J,0.9709370633458453,75.71428571428571,0.0
675161,BBB,2014J,0.962277938035908,75.71428571428571,0.0
675165,BBB,2014J,0.8541363917156972,1.0,12.0
675178,BBB,2014J,0.9420595667574752,75.71428571428571,0.0
675246,BBB,2014J,0.9420595667574752,75.71428571428571,0.0
675627,BBB,2014J,0.9604846291041567,75.71428571428571,0.0
675671,BBB,2014J,0.8743638806575323,100.0,44.0
675673,BBB,2014J,0.9420595667574752,75.71428571428571,0.0
675728,BBB,2014J,0.8486048170977999,42.8,126.0
675922,BBB,2014J,0.8521738506182044,1.0,106.0
675929,BBB,2014J,0.8538255737176119,34.0,19.0
676011,BBB,2014J,0.9722580753855629,75.71428571428571,43.0
676093,BBB,2014J,0.9420595667574752,75.71428571428571,0.0
676169,BBB,2014J,0.7286878358450215,65.0,47.0
676258,BBB,2014J,0.897005788496895,100.0,46.0
676350,BBB,2014J,0.9420595667574752,75.71428571428571,0.0
676376,BBB,2014J,0.9703505347484379,75.71428571428571,0.0
676420,BBB,2014J,0.8666220339714126,1.0,138.0
676785,BBB,2014J,0.9420595667574752,75.71428571428571,0.0
676969,BBB,2014J,0.9420595667574752,75.71428571428571,0.0
676973,BBB,2014J,0.9420595667574752,75.71428571428571,0.0
677039,BBB,2014J,0.9420595667574752,75.71428571428571,0.0
677190,BBB,2014J,0.9420595667574752,75.71428571428571,0.0
677230,BBB,2014J,0.9467004203735536,75.71428571428571,0.0
677338,BBB,2014J,0.8965310958987932,100.0,186.0
677411,BBB,2014J,0.9420595667574752,75.71428571428571,0.0
677706,BBB,2014J,0.9703505347484379,75.71428571428571,0.0
677744,BBB,2014J,0.9604846291041567,75.71428571428571,0.0
677864,BBB,2014J,0.9703505347484379,75.71428571428571,0.0
677879,BBB,2014J,0.8116877946501738,33.2,215.0
677950,BBB,2014J,0.9420595667574752,75.71428571428571,0.0
677997,BBB,2014J,0.8416717700713945,100.0,279.0
678016,BBB,2014J,0.972520431542183,75.71428571428571,6.0
678080,BBB,2014J,0.8550673729240843,1.0,176.0
678107,BBB,2014J,0.8635507708496803,1.0,137.0
678109,BBB,2014J,0.9420595667574752,75.71428571428571,0.0
678110,BBB,2014J,0.7262787849656114,56.2,388.0
678114,BBB,2014J,0.9420595667574752,75.71428571428571,0.0
678144,BBB,2014J,0.840988124073924,40.5,132.0
678212,BBB,2014J,0.9604846291041567,75.71428571428571,0.0
678213,BBB,2014J,0.801791930893461,31.0,400.0
678278,BBB,2014J,0.8025396968612669,33.25,389.0
678283,BBB,2014J,0.869848980583519,40.5,100.0
678327,BBB,2014J,0.8736559927981833,100.0,91.0
678328,BBB,2014J,0.9420595667574752,75.71428571428571,0.0
678335,BBB,2014J,0.8067719553158476,32.5,276.0
678398,BBB,2014J,0.9420595667574752,75.71428571428571,0.0
678444,BBB,2014J,0.7166449275262435,73.33333333333333,73.0
678550,BBB,2014J,0.9604846291041567,75.71428571428571,0.0
678575,BBB,2014J,0.7054305168846946,67.0,166.0
678578,BBB,2014J,0.8521738506182044,10.0,78.0
678585,BBB,2014J,0.9420595667574752,75.71428571428571,0.0
678702,BBB,2014J,0.9538683754260314,75.71428571428571,65.0
678770,BBB,2014J,0.8743638806575323,100.0,8.0
678795,BBB,2014J,0.9604846291041567,75.71428571428571,0.0
678801,BBB,2014J,0.8541363917156972,29.5,27.0
678953,BBB,2014J,0.8740768821245442,1.0,34.0
678975,BBB,2014J,0.9420595667574752,75.71428571428571,0.0
679057,BBB,2014J,0.9604846291041567,75.71428571428571,0.0
679218,BBB,2014J,0.7946221126031812,41.8,286.0
679504,BBB,2014J,0.9420595667574752,75.71428571428571,0.0
679528,BBB,2014J,0.9420595667574752,75.71428571428571,0.0
679568,BBB,2014J,0.9709370633458453,75.71428571428571,0.0
679675,BBB,2014J,0.9420595667574752,75.71428571428571,0.0
679726,BBB,2014J,0.9510876234949004,75.71428571428571,25.0
679747,BBB,2014J,0.9420595667574752,75.71428571428571,0.0
679918,BBB,2014J,0.7979059105662902,40.6,508.0
679919,BBB,2014J,0.9420595667574752,75.71428571428571,0.0
679971,BBB,2014J,0.8215792485135929,49.8,186.0
680110,BBB,2014J,0.9604846291041567,75.71428571428571,0.0
680453,BBB,2014J,0.7965226358388908,46.4,245.0
680522,BBB,2014J,0.9510876234949004,75.71428571428571,36.0
680530,BBB,2014J,0.7197718923599092,65.0,221.0
680560,BBB,2014J,0.9420595667574752,75.71428571428571,0.0
680732,BBB,2014J,0.9703505347484379,75.71428571428571,0.0
680816,BBB,2014J,0.9420595667574752,75.71428571428571,0.0
680862,BBB,2014J,0.7255345092951603,68.2,64.0
680878,BBB,2014J,0.8541363917156972,1.0,7.0
680959,BBB,2014J,0.9420595667574752,75.71428571428571,0.0
680991,BBB,2014J,0.9420595667574752,75.71428571428571,0.0
681016,BBB,2014J,0.9604846291041567,75.71428571428571,0.0
681089,BBB,2014J,0.9604846291041567,75.71428571428571,0.0
681166,BBB,2014J,0.9420595667574752,75.71428571428571,0.0
681384,BBB,2014J,0.9722580753855629,75.71428571428571,30.0
681710,BBB,2014J,0.9182416968280264,100.0,77.0
681752,BBB,2014J,0.8936638937218209,100.0,97.0
681961,BBB,2014J,0.8904059577270064,1.0,92.0
681964,BBB,2014J,0.9604846291041567,75.71428571428571,0.0
681971,BBB,2014J,0.9420595667574752,75.71428571428571,0.0
681984,BBB,2014J,0.8486048170977999,43.6,82.0
682163,BBB,2014J,0.9420595667574752,75.71428571428571,0.0
682289,BBB,2014J,0.962277938035908,75.71428571428571,0.0
682366,BBB,2014J,0.9604846291041567,75.71428571428571,0.0
682375,BBB,2014J,0.8724052666220653,1.0,26.0
682480,BBB,2014J,0.8104558954470212,59.0,75.0
682538,BBB,2014J,0.8582381030687516,1.0,153.0
682728,BBB,2014J,0.8518388859935588,100.0,296.0
682731,BBB,2014J,0.8732501654265044,100.0,71.0
682913,BBB,2014J,0.7669392474985942,46.0,542.0
683054,BBB,2014J,0.9803438384252088,75.71428571428571,43.0
683172,BBB,2014J,0.9709370633458453,75.71428571428571,0.0
683275,BBB,2014J,0.8144416776006167,53.0,170.0
683301,BBB,2014J,0.9510876234949004,75.71428571428571,35.0
683315,BBB,2014J,0.9420595667574752,75.71428571428571,0.0
683338,BBB,2014J,0.9420595667574752,75.71428571428571,0.0
683465,BBB,2014J,0.9604846291041567,75.71428571428571,0.0
683536,BBB,2014J,0.9604846291041567,75.71428571428571,0.0
683768,BBB,2014J,0.9722580753855629,75.71428571428571,41.0
683792,BBB,2014J,0.8541363917156972,1.0,50.0
683802,BBB,2014J,0.9604846291041567,75.71428571428571,0.0
683993,BBB,2014J,0.9604846291041567,75.71428571428571,0.0
684098,BBB,2014J,0.8156280264657237,30.5,208.0
684250,BBB,2014J,0.7923185779672974,56.4,183.0
684420,BBB,2014J,0.8128944040850884,56.2,14.0
684467,BBB,2014J,0.9420595667574752,75.71428571428571,0.0
684502,BBB,2014J,0.9604846291041567,75.71428571428571,0.0
684525,BBB,2014J,0.9604846291041567,75.71428571428571,0.0
684607,BBB,2014J,0.9604846291041567,75.71428571428571,0.0
684641,BBB,2014J,0.9604846291041567,75.71428571428571,0.0
684681,BBB,2014J,0.812759626150515,31.5,213.0
684736,BBB,2014J,0.8541363917156972,1.0,47.0
684890,BBB,2014J,0.801477947795166,1.0,0.0
684971,BBB,2014J,0.7878172351487123,31.8,592.0
684982,BBB,2014J,0.9420595667574752,75.71428571428571,0.0
685228,BBB,2014J,0.8206607873783092,36.4,670.0
685257,BBB,2014J,0.7166449275262435,73.33333333333333,115.0
685506,BBB,2014J,0.9604846291041567,75.71428571428571,0.0
685599,BBB,2014J,0.9420595667574752,75.71428571428571,0.0
685602,BBB,2014J,0.8321217350452276,100.0,427.0
685653,BBB,2014J,0.8357181188026475,32.666666666666664,173.0
685740,BBB,2014J,0.9420595667574752,75.71428571428571,0.0
685776,BBB,2014J,0.859662901107094,100.0,156.0
685841,BBB,2014J,0.9510876234949004,75.71428571428571,1.0
685861,BBB,2014J,0.9510876234949004,75.71428571428571,3.0
685900,BBB,2014J,0.8290334833866544,100.0,374.0
686093,BBB,2014J,0.8186349272596398,1.0,705.0
686201,BBB,2014J,0.9510876234949004,75.71428571428571,44.0
686266,BBB,2014J,0.9420595667574752,75.71428571428571,0.0
686286,BBB,2014J,0.8736559927981833,100.0,105.0
686530,BBB,2014J,0.9420595667574752,75.71428571428571,0.0
686596,BBB,2014J,0.7151061982806755,56.25,434.0
686633,BBB,2014J,0.9510876234949004,75.71428571428571,64.0
686703,BBB,2014J,0.897005788496895,100.0,15.0
686752,BBB,2014J,0.8743638806575323,100.0,19.0
687004,BBB,2014J,0.8541363917156972,1.0,6.0
687030,BBB,2014J,0.8418921244421794,30.5,150.0
687105,BBB,2014J,0.9420595667574752,75.71428571428571,0.0
687154,BBB,2014J,0.8693638806575325,100.0,3.0
687217,BBB,2014J,0.8440883579234331,100.0,258.0
687256,BBB,2014J,0.8724052666220653,1.0,10.0
687301,BBB,2014J,0.7854232066700549,45.2,231.0
687326,BBB,2014J,0.7489253422453238,59.4,293.0
687369,BBB,2014J,0.9510876234949004,75.71428571428571,4.0
687404,BBB,2014J,0.8541363917156972,1.0,8.0
687444,BBB,2014J,0.9420595667574752,75.71428571428571,0.0
687578,BBB,2014J,0.9420595667574752,75.71428571428571,0.0
687822,BBB,2014J,0.9491250823974074,75.71428571428571,77.0
687977,BBB,2014J,0.9510876234949004,75.71428571428571,12.0
687978,BBB,2014J,0.8541363917156972,1.0,19.0
688000,BBB,2014J,0.9604846291041567,75.71428571428571,0.0
688130,BBB,2014J,0.840329677216297,45.4,64.0
688263,BBB,2014J,0.8743638806575323,100.0,63.0
688301,BBB,2014J,0.8736559927981833,100.0,87.0
688398,BBB,2014J,0.8568993460752421,100.0,187.0
688522,BBB,2014J,0.9604846291041567,75.71428571428571,0.0
688545,BBB,2014J,0.9510876234949004,75.71428571428571,6.0
688599,BBB,2014J,0.8307066099597351,44.0,183.0
688600,BBB,2014J,0.8686083703208702,75.71428571428571,418.0
688710,BBB,2014J,0.9722580753855629,75.71428571428571,1.0
688927,BBB,2014J,0.9604846291041567,75.71428571428571,0.0
688997,BBB,2014J,0.9755325223772866,75.71428571428571,91.0
689069,BBB,2014J,0.8012215471728404,31.0,315.0
689089,BBB,2014J,0.8429631221584967,49.8,70.0
689107,BBB,2014J,0.8296142584288246,100.0,1.0
689112,BBB,2014J,0.9420595667574752,75.71428571428571,0.0
689113,BBB,2014J,0.7211310406449541,70.4,103.0
689141,BBB,2014J,0.721005699008128,57.2,423.0
689173,BBB,2014J,0.9510876234949004,75.71428571428571,49.0
689180,BBB,2014J,0.9420595667574752,75.71428571428571,0.0
689298,BBB,2014J,0.97243345019087,75.71428571428571,19.0
689329,BBB,2014J,0.7213026625654279,55.0,389.0
689350,BBB,2014J,0.9604846291041567,75.71428571428571,0.0
689397,BBB,2014J,0.7820867215682438,57.8,199.0
689478,BBB,2014J,0.9604846291041567,75.71428571428571,0.0
689628,BBB,2014J,0.9420595667574752,75.71428571428571,0.0
689778,BBB,2014J,0.9687740005157021,75.71428571428571,92.0
689828,BBB,2014J,0.8104558954470212,60.0,111.0
689896,BBB,2014J,0.7694116653765143,47.0,462.0
689925,BBB,2014J,0.7076142309168144,64.66666666666667,183.0
689952,BBB,2014J,0.9604846291041567,75.71428571428571,0.0
690102,BBB,2014J,0.9420595667574752,75.71428571428571,0.0
690235,BBB,2014J,0.9722580753855629,75.71428571428571,4.0
690329,BBB,2014J,0.9604846291041567,75.71428571428571,0.0
690366,BBB,2014J,0.721005699008128,57.5,425.0
690430,BBB,2014J,0.7858317820137315,28.0,651.0
690548,BBB,2014J,0.8743638806575323,100.0,61.0
690554,BBB,2014J,0.8541363917156972,1.0,16.0
690825,BBB,2014J,0.9604846291041567,75.71428571428571,0.0
690940,BBB,2014J,0.8416717700713945,100.0,288.0
691028,BBB,2014J,0.825379873500878,100.0,277.0
691106,BBB,2014J,0.8128944040850884,55.4,65.0
691272,BBB,2014J,0.9722580753855629,75.71428571428571,49.0
691286,BBB,2014J,0.8743638806575323,100.0,20.0
691343,BBB,2014J,0.8739580532858534,100.0,58.0
691367,BBB,2014J,0.9604846291041567,75.71428571428571,0.0
691411,BBB,2014J,0.832269095379441,30.5,331.0
691509,BBB,2014J,0.9604846291041567,75.71428571428571,0.0
691514,BBB,2014J,0.7221039584770239,71.2,40.0
691663,BBB,2014J,0.9722580753855629,75.71428571428571,33.0
691815,BBB,2014J,0.9545819152472932,75.71428571428571,0.0
691867,BBB,2014J,0.9510876234949004,75.71428571428571,29.0
691997,BBB,2014J,0.7289090087796484,63.6,105.0
692207,BBB,2014J,0.7954686913043431,55.2,155.0
692384,BBB,2014J,0.805876991892233,35.666666666666664,643.0
692392,BBB,2014J,0.9604846291041567,75.71428571428571,0.0
692479,BBB,2014J,0.7596591274460447,50.5,402.0
692482,BBB,2014J,0.9510876234949004,75.71428571428571,26.0
692515,BBB,2014J,0.9420595667574752,75.71428571428571,0.0
692521,BBB,2014J,0.8531288443216282,37.0,21.0
692528,BBB,2014J,0.9420595667574752,75.71428571428571,0.0
692532,BBB,2014J,0.9420595667574752,75.71428571428571,0.0
692537,BBB,2014J,0.9420595667574752,75.71428571428571,0.0
692540,BBB,2014J,0.9420595667574752,75.71428571428571,0.0
692542,BBB,2014J,0.9420595667574752,75.71428571428571,0.0
692544,BBB,2014J,0.801644947663303,38.2,414.0
692547,BBB,2014J,0.9510876234949004,75.71428571428571,15.0
692625,BBB,2014J,0.9420595667574752,75.71428571428571,0.0
692629,BBB,2014J,0.8743638806575323,100.0,45.0
692826,BBB,2014J,0.8521738506182044,1.0,81.0
692855,BBB,2014J,0.9604846291041567,75.71428571428571,0.0
692871,BBB,2014J,0.9420595667574752,75.71428571428571,0.0
692897,BBB,2014J,0.8101895024604795,1.0,235.0
692907,BBB,2014J,0.7742188862747483,49.4,371.0
692914,BBB,2014J,0.9604846291041567,75.71428571428571,0.0
692920,BBB,2014J,0.7146317345473487,54.2,445.0
692936,BBB,2014J,0.7267252947475287,66.0,92.0
692961,BBB,2014J,0.9604846291041567,75.71428571428571,0.0
693116,BBB,2014J,0.9604846291041567,75.71428571428571,0.0
693127,BBB,2014J,0.9722580753855629,75.71428571428571,12.0
693230,BBB,2014J,0.7382763509548848,54.8,282.0
693269,BBB,2014J,0.9582867198052278,75.71428571428571,0.0
693333,BBB,2014J,0.9604846291041567,75.71428571428571,0.0
693352,BBB,2014J,0.9420595667574752,75.71428571428571,0.0
693615,BBB,2014J,0.9510876234949004,75.71428571428571,61.0
693620,BBB,2014J,0.9510876234949004,75.71428571428571,4.0
693635,BBB,2014J,0.798916953330417,54.4,156.0
693643,BBB,2014J,0.9420595667574752,75.71428571428571,0.0
693692,BBB,2014J,0.8541363917156972,29.5,53.0
693709,BBB,2014J,0.9420595667574752,75.71428571428571,0.0
693744,BBB,2014J,0.9420595667574752,75.71428571428571,0.0
693793,BBB,2014J,0.7656622286946099,50.4,231.0
693871,BBB,2014J,0.797433463760819,56.0,232.0
693899,BBB,2014J,0.8511663032241352,36.333333333333336,101.0
693934,BBB,2014J,0.9722580753855629,75.71428571428571,1.0
693983,BBB,2014J,0.9444599654927714,75.71428571428571,142.0
694001,BBB,2014J,0.9703505347484379,75.71428571428571,0.0
694003,BBB,2014J,0.9420595667574752,75.71428571428571,0.0
694222,BBB,2014J,0.9420595667574752,75.71428571428571,0.0
694329,BBB,2014J,0.9420595667574752,75.71428571428571,0.0
694339,BBB,2014J,0.8541363917156972,1.0,35.0
694380,BBB,2014J,0.8101895024604795,1.0,253.0
694404,BBB,2014J,0.8440883579234331,100.0,256.0
694448,BBB,2014J,0.9491250823974074,75.71428571428571,81.0
694458,BBB,2014J,0.9420595667574752,75.71428571428571,0.0
694476,BBB,2014J,0.7876059949852136,42.333333333333336,428.0
694616,BBB,2014J,0.7144701030478119,47.666666666666664,736.0
694682,BBB,2014J,0.9732746996012497,75.71428571428571,0.0
694857,BBB,2014J,0.8521738506182044,29.5,117.0
694951,BBB,2014J,0.9604846291041567,75.71428571428571,0.0
695015,BBB,2014J,0.9420595667574752,75.71428571428571,0.0
695035,BBB,2014J,0.9420595667574752,75.71428571428571,0.0
695049,BBB,2014J,0.72323578622543,70.2,9.0
695051,BBB,2014J,0.9604846291041567,75.71428571428571,0.0
695125,BBB,2014J,0.9420595667574752,75.71428571428571,0.0
695144,BBB,2014J,0.7552676074742987,60.2,173.0
695186,BBB,2014J,0.8541363917156972,1.0,7.0
695356,BBB,2014J,0.9538683754260314,75.71428571428571,36.0
695405,BBB,2014J,0.767926104394016,47.666666666666664,448.0
695411,BBB,2014J,0.9604846291041567,75.71428571428571,0.0
695461,BBB,2014J,0.7463399988352232,62.0,117.0
695516,BBB,2014J,0.8122869486029844,33.5,223.0
695528,BBB,2014J,0.7186074686237365,74.0,11.0
695613,BBB,2014J,0.8242502484628318,45.2,193.0
695695,BBB,2014J,0.9420595667574752,75.71428571428571,0.0
695941,BBB,2014J,0.859662901107094,100.0,167.0
695981,BBB,2014J,0.8743638806575323,100.0,66.0
695982,BBB,2014J,0.9510876234949004,75.71428571428571,22.0
696316,BBB,2014J,0.8461529318132561,43.666666666666664,229.0
696348,BBB,2014J,0.7235719681976674,69.5,85.0
696481,BBB,2014J,0.9420595667574752,75.71428571428571,0.0
696527,BBB,2014J,0.9716235341701983,75.71428571428571,5.0
696569,BBB,2014J,0.9420595667574752,75.71428571428571,0.0
696595,BBB,2014J,0.8528817384775534,1.0,69.0
696634,BBB,2014J,0.9467004203735536,75.71428571428571,0.0
696716,BBB,2014J,0.8701230653254277,1.0,127.0
696799,BBB,2014J,0.8515398715855036,42.0,18.0
696890,BBB,2014J,0.8465649382218122,100.0,324.0
697065,BBB,2014J,0.9467004203735536,75.71428571428571,0.0
697119,BBB,2014J,0.8743638806575323,100.0,45.0
697136,BBB,2014J,0.8817680814907249,100.0,176.0
697148,BBB,2014J,0.9420595667574752,75.71428571428571,0.0
697298,BBB,2014J,0.9722580753855629,75.71428571428571,3.0
697319,BBB,2014J,0.9420595667574752,75.71428571428571,0.0
697337,BBB,2014J,0.9510876234949004,75.71428571428571,14.0
697345,BBB,2014J,0.7999919972756065,28.666666666666668,500.0
697514,BBB,2014J,0.9420595667574752,75.71428571428571,0.0
697868,BBB,2014J,0.9588064839383145,75.71428571428571,0.0
697893,BBB,2014J,0.8701230653254277,1.0,127.0
697909,BBB,2014J,0.8518630326201191,34.5,97.0
697912,BBB,2014J,0.8817680814907249,100.0,160.0
698025,BBB,2014J,0.9420595667574752,75.71428571428571,0.0
698200,BBB,2014J,0.8538255737176119,34.5,63.0
698203,BBB,2014J,0.7082611814361485,70.6,136.0
698206,BBB,2014J,0.801644947663303,39.8,391.0
698208,BBB,2014J,0.7375448939633625,52.25,438.0
698352,BBB,2014J,0.9510876234949004,75.71428571428571,15.0
698357,BBB,2014J,0.7287228684291829,56.333333333333336,322.0
698432,BBB,2014J,0.8028505148593523,27.666666666666668,423.0
698490,BBB,2014J,0.9420595667574752,75.71428571428571,0.0
698498,BBB,2014J,0.9420595667574752,75.71428571428571,0.0
698586,BBB,2014J,0.97243345019087,75.71428571428571,16.0
699493,BBB,2014J,0.9722580753855629,75.71428571428571,15.0
699503,BBB,2014J,0.7373615377155929,59.6,270.0
699875,BBB,2014J,0.9420595667574752,75.71428571428571,0.0
700458,BBB,2014J,0.8416717700713945,100.0,277.0
1419671,BBB,2014J,0.8521738506182044,1.0,113.0
1453140,BBB,2014J,0.8063556991859204,58.0,227.0
1486048,BBB,2014J,0.7333340615174763,51.333333333333336,588.0
1585768,BBB,2014J,0.8062831521980048,50.666666666666664,195.0
1874935,BBB,2014J,0.7072572589720053,62.2,285.0
1888723,BBB,2014J,0.9420595667574752,75.71428571428571,0.0
1891028,BBB,2014J,0.8710589445640784,36.5,109.0
1926542,BBB,2014J,0.7254417700082197,59.2,320.0
1928536,BBB,2014J,0.8442177753966404,48.25,25.0
1929491,BBB,2014J,0.9420595667574752,75.71428571428571,0.0
1993672,BBB,2014J,0.7116447558662224,48.8,1503.0
2003628,BBB,2014J,0.9510876234949004,75.71428571428571,21.0
2045569,BBB,2014J,0.8360289368007328,1.0,165.0
2049740,BBB,2014J,0.8008242714701173,24.5,442.0
2051809,BBB,2014J,0.9604846291041567,75.71428571428571,0.0
2093092,BBB,2014J,0.9604846291041567,75.71428571428571,0.0
2103305,BBB,2014J,0.7347530532313448,72.5,214.0
2108914,BBB,2014J,0.9604846291041567,75.71428571428571,0.0
2145101,BBB,2014J,0.9604846291041567,75.71428571428571,0.0
2159336,BBB,2014J,0.9604890193424273,75.71428571428571,0.0
2169127,BBB,2014J,0.9420595667574752,75.71428571428571,0.0
2177423,BBB,2014J,0.8479438344193138,100.0,334.0
2192113,BBB,2014J,0.8308505012138068,1.0,312.0
2213814,BBB,2014J,0.8456535000382026,39.5,88.0
2218789,BBB,2014J,0.9604846291041567,75.71428571428571,0.0
2239766,BBB,2014J,0.9604846291041567,75.71428571428571,0.0
2241250,BBB,2014J,0.945742094303186,75.71428571428571,136.0
2263129,BBB,2014J,0.9604846291041567,75.71428571428571,0.0
2264569,BBB,2014J,0.8521738506182044,1.0,73.0
2269561,BBB,2014J,0.8357181188026475,35.25,171.0
2276854,BBB,2014J,0.9047560825814123,1.0,19.0
2285017,BBB,2014J,0.9420595667574752,75.71428571428571,0.0
2292824,BBB,2014J,0.9420595667574752,75.71428571428571,0.0
2296716,BBB,2014J,0.8325441597762991,1.0,191.0
2299745,BBB,2014J,0.8075306197013262,27.5,282.0
2318161,BBB,2014J,0.7339180155513485,53.2,395.0
2326401,BBB,2014J,0.7015285562588507,66.0,188.0
2344216,BBB,2014J,0.9604846291041567,75.71428571428571,0.0
2349805,BBB,2014J,0.9510876234949004,75.71428571428571,25.0
2357372,BBB,2014J,0.9703505347484379,75.71428571428571,0.0
2394741,BBB,2014J,0.8274718518524683,25.5,312.0
2399380,BBB,2014J,0.9203235183366641,100.0,38.0
2423078,BBB,2014J,0.7657012555402293,70.0,17.0
2426442,BBB,2014J,0.8124488081524297,35.5,211.0
2426864,BBB,2014J,0.7719964854272873,46.6,372.0
2454351,BBB,2014J,0.9731870860832271,75.71428571428571,58.0
2459279,BBB,2014J,0.9722580753855629,75.71428571428571,52.0
2464901,BBB,2014J,0.8806167760517141,1.0,19.0
2487430,BBB,2014J,0.7146317345473487,54.4,440.0
2494258,BBB,2014J,0.7677216321551381,51.8,340.0
2497189,BBB,2014J,0.9014669024355401,100.0,23.0
2537934,BBB,2014J,0.8439966145958568,46.333333333333336,156.0
2542310,BBB,2014J,0.8744835714758196,100.0,127.0
2603061,BBB,2014J,0.9604846291041567,75.71428571428571,0.0
2603534,BBB,2014J,0.9467004203735536,75.71428571428571,0.0
2609768,BBB,2014J,0.9510876234949004,75.71428571428571,41.0
2610170,BBB,2014J,0.9420595667574752,75.71428571428571,0.0
2614271,BBB,2014J,0.9679523038968979,75.71428571428571,0.0
2627398,BBB,2014J,0.798575659503639,57.666666666666664,138.0
2627493,BBB,2014J,0.9604846291041567,75.71428571428571,0.0
2629503,BBB,2014J,0.9074518636033433,100.0,29.0
2660510,BBB,2014J,0.7945506649727925,41.6,333.0
2681505,BBB,2014J,0.8163426661111624,54.8,61.0
2682693,BBB,2014J,0.8560666929988759,1.0,158.0
2684107,BBB,2014J,0.9604846291041567,75.71428571428571,0.0
2687739,BBB,2014J,0.9722580753855629,75.71428571428571,31.0
2698591,BBB,2014J,0.9703505347484379,75.71428571428571,0.0
28418,CCC,2014B,0.8306264012745871,31.5,328.0
40333,CCC,2014B,0.9607536253596051,75.71428571428571,174.0
54391,CCC,2014B,0.8271059141450262,44.5,179.0
59541,CCC,2014B,0.8062879964382454,40.0,441.0
69489,CCC,2014B,0.9530376937788806,75.71428571428571,215.0
70771,CCC,2014B,0.8254812091394368,50.0,181.0
74290,CCC,2014B,0.8070827733139329,10.0,271.0
75469,CCC,2014B,0.9709523573765612,75.71428571428571,0.0
79461,CCC,2014B,0.767321263216981,33.714285714285715,810.0
83453,CCC,2014B,0.8250490512319807,30.0,382.0
88758,CCC,2014B,0.9808271098006736,75.71428571428571,51.0
96538,CCC,2014B,0.8343922780644245,36.0,182.0
97486,CCC,2014B,0.9510876234949004,75.71428571428571,13.0
100621,CCC,2014B,0.9510876234949004,75.71428571428571,59.0
107028,CCC,2014B,0.7742041584070478,62.625,85.0
108947,CCC,2014B,0.9604846291041567,75.71428571428571,0.0
116174,CCC,2014B,0.972479198223878,75.71428571428571,76.0
118098,CCC,2014B,0.811886360573024,35.22222222222222,537.0
119729,CCC,2014B,0.8005699379497361,10.0,573.0
124124,CCC,2014B,0.9510876234949004,75.71428571428571,21.0
129198,CCC,2014B,0.7341575161097292,44.0,1516.0
129638,CCC,2014B,0.7205103984420266,33.0,921.0
129878,CCC,2014B,0.79385530299515,19.666666666666668,251.0
131695,CCC,2014B,0.8370602966589539,46.0,223.0
132191,CCC,2014B,0.9519058343285386,75.71428571428571,79.0
153687,CCC,2014B,0.9714203347213101,75.71428571428571,0.0
155067,CCC,2014B,0.7891803054553082,48.5,75.0
162650,CCC,2014B,0.8238434840359313,36.0,399.0
165647,CCC,2014B,0.7730189333349773,43.916666666666664,710.0
172301,CCC,2014B,0.9510876234949004,75.71428571428571,35.0
174807,CCC,2014B,0.9545819152472932,75.71428571428571,0.0
178654,CCC,2014B,0.9325408288639665,75.71428571428571,0.0
194377,CCC,2014B,0.9420595667574752,75.71428571428571,0.0
227833,CCC,2014B,0.9420595667574752,75.71428571428571,0.0
228153,CCC,2014B,0.8722929467238602,30.0,128.0
228743,CCC,2014B,0.9545819152472932,75.71428571428571,0.0
229499,CCC,2014B,0.9731870860832271,75.71428571428571,51.0
230340,CCC,2014B,0.9420595667574752,75.71428571428571,0.0
232833,CCC,2014B,0.8319735081231227,48.0,151.0
234068,CCC,2014B,0.7436630303034683,70.0,2.0
235175,CCC,2014B,0.9582867198052278,75.71428571428571,0.0
239707,CCC,2014B,0.7666301730303335,49.0,444.0
241955,CCC,2014B,0.8022801311387316,30.0,313.0
243351,CCC,2014B,0.9545819152472932,75.71428571428571,0.0
244902,CCC,2014B,0.8455869182705581,0.0,134.0
246248,CCC,2014B,0.9510876234949004,75.71428571428571,4.0
248252,CCC,2014B,0.8574040619910853,23.0,239.0
250092,CCC,2014B,0.9478070902369273,75.71428571428571,134.0
255140,CCC,2014B,0.9709695423649235,75.71428571428571,83.0
256532,CCC,2014B,0.9616663814098197,75.71428571428571,41.0
261042,CCC,2014B,0.9604846291041567,75.71428571428571,0.0
262391,CCC,2014B,0.7553520525942607,59.0,463.0
264285,CCC,2014B,0.9420595667574752,75.71428571428571,0.0
266915,CCC,2014B,0.7698723439262164,46.0,537.0
267118,CCC,2014B,0.7141037728961696,72.66666666666667,318.0
268127,CCC,2014B,0.9420595667574752,75.71428571428571,0.0
272103,CCC,2014B,0.9582867198052278,75.71428571428571,0.0
277577,CCC,2014B,0.7306065966116826,74.58333333333333,6.0
277809,CCC,2014B,0.9420595667574752,75.71428571428571,0.0
279883,CCC,2014B,0.8403571370289796,49.0,167.0
294578,CCC,2014B,0.9420595667574752,75.71428571428571,0.0
295893,CCC,2014B,0.8100798841183412,24.4,541.0
300059,CCC,2014B,0.8240147737791347,47.75,293.0
300594,CCC,2014B,0.8011600487674836,32.0,293.0
305974,CCC,2014B,0.9604846291041567,75.71428571428571,0.0
308391,CCC,2014B,0.7662675231443999,52.0,273.0
308918,CCC,2014B,0.785980711004703,56.5,267.0
309515,CCC,2014B,0.9420595667574752,75.71428571428571,0.0
312886,CCC,2014B,0.9510876234949004,75.71428571428571,10.0
314555,CCC,2014B,0.9605806407037129,75.71428571428571,169.0
315322,CCC,2014B,0.8100094480554805,7.0,261.0
318574,CCC,2014B,0.9702012771093199,75.71428571428571,95.0
321112,CCC,2014B,0.9420595667574752,75.71428571428571,0.0
328261,CCC,2014B,0.8336319102086466,46.0,197.0
330862,CCC,2014B,0.7498633643913268,51.25,568.0
330994,CCC,2014B,0.9666797665082801,75.71428571428571,48.0
335648,CCC,2014B,0.855412829430323,50.0,108.0
338604,CCC,2014B,0.748822295973455,59.44444444444444,342.0
339353,CCC,2014B,0.9604846291041567,75.71428571428571,0.0
342089,CCC,2014B,0.9731870860832271,75.71428571428571,31.0
344396,CCC,2014B,0.83161785480141,50.0,169.0
347257,CCC,2014B,0.9604846291041567,75.71428571428571,0.0
347764,CCC,2014B,0.8720188619819517,40.0,85.0
349069,CCC,2014B,0.8124926824691093,40.0,255.0
353066,CCC,2014B,0.9545819152472932,75.71428571428571,0.0
353660,CCC,2014B,0.9441475005172809,75.71428571428571,219.0
353979,CCC,2014B,0.8583885563106017,49.25,71.0
356274,CCC,2014B,0.8613093661904838,30.0,149.0
357214,CCC,2014B,0.9538683754260314,75.71428571428571,6.0
357485,CCC,2014B,0.9420595667574752,75.71428571428571,0.0
360547,CCC,2014B,0.9666797665082801,75.71428571428571,39.0
363374,CCC,2014B,0.8379970834937489,40.0,247.0
364920,CCC,2014B,0.9510876234949004,75.71428571428571,6.0
365993,CCC,2014B,0.7558993037584334,63.0,162.0
366872,CCC,2014B,0.9604846291041567,75.71428571428571,0.0
367807,CCC,2014B,0.9420595667574752,75.71428571428571,0.0
371113,CCC,2014B,0.9538683754260314,75.71428571428571,54.0
374055,CCC,2014B,0.9731870860832271,75.71428571428571,2.0
375688,CCC,2014B,0.9690254650436266,75.71428571428571,133.0
376701,CCC,2014B,0.8527133736456085,10.0,280.0
383015,CCC,2014B,0.9612096099414275,75.71428571428571,0.0
383311,CCC,2014B,0.8541363917156972,0.0,60.0
383971,CCC,2014B,0.7213327104419729,35.857142857142854,770.0
385120,CCC,2014B,0.815283520014695,29.333333333333332,722.0
385980,CCC,2014B,0.77062513025865,57.0,358.0
386189,CCC,2014B,0.8698122473273423,33.0,110.0
388750,CCC,2014B,0.8712501930195041,38.0,276.0
389680,CCC,2014B,0.9588064839383145,75.71428571428571,0.0
392289,CCC,2014B,0.9325408288639665,75.71428571428571,0.0
395164,CCC,2014B,0.9614528139316947,75.71428571428571,175.0
397797,CCC,2014B,0.7287228684291829,57.0,321.0
399863,CCC,2014B,0.9709370633458453,75.71428571428571,0.0
400063,CCC,2014B,0.9731870860832271,75.71428571428571,3.0
404239,CCC,2014B,0.9517636542337519,75.71428571428571,84.0
406265,CCC,2014B,0.7967773319987976,100.0,223.0
406337,CCC,2014B,0.9654251132701362,75.71428571428571,74.0
406846,CCC,2014B,0.8373814981391949,39.0,188.0
406937,CCC,2014B,0.8010130655373255,40.0,287.0
408371,CCC,2014B,0.964497067582575,75.71428571428571,100.0
409540,CCC,2014B,0.8104263255890649,50.0,288.0
412268,CCC,2014B,0.7403499079492022,30.0,787.0
419233,CCC,2014B,0.7313418368511861,71.0,129.0
419536,CCC,2014B,0.7891611175841874,60.0,174.0
420428,CCC,2014B,0.9420595667574752,75.71428571428571,0.0
429220,CCC,2014B,0.9420595667574752,75.71428571428571,0.0
432718,CCC,2014B,0.8613093661904838,10.0,146.0
434573,CCC,2014B,0.9510876234949004,75.71428571428571,6.0
435271,CCC,2014B,0.7928230931275404,50.0,460.0
437432,CCC,2014B,0.9490058703350295,75.71428571428571,193.0
438313,CCC,2014B,0.7044692440653383,63.75,366.0
439669,CCC,2014B,0.9510876234949004,75.71428571428571,47.0
440297,CCC,2014B,0.9783152688295124,75.71428571428571,11.0
440591,CCC,2014B,0.971223158448936,75.71428571428571,7.0
440905,CCC,2014B,0.7739893074891365,47.166666666666664,572.0
441606,CCC,2014B,0.7716333976831532,61.38461538461539,195.0
442530,CCC,2014B,0.9182096371915699,75.71428571428571,268.0
442954,CCC,2014B,0.9510876234949004,75.71428571428571,62.0
446295,CCC,2014B,0.8662995934279496,75.71428571428571,298.0
447306,CCC,2014B,0.8451698020499299,20.0,87.0
465194,CCC,2014B,0.9604846291041567,75.71428571428571,0.0
465517,CCC,2014B,0.9297199364831156,75.71428571428571,191.0
465719,CCC,2014B,0.8920503606267833,11.0,47.0
466714,CCC,2014B,0.8408456046879881,34.5,371.0
467753,CCC,2014B,0.7958592212140746,51.0,313.0
467894,CCC,2014B,0.8521738506182044,10.0,103.0
468753,CCC,2014B,0.7810364196722936,46.77777777777778,411.0
469732,CCC,2014B,0.9666797665082801,75.71428571428571,26.0
470002,CCC,2014B,0.7890953071777942,52.0,372.0
471018,CCC,2014B,0.721005699008128,57.5,426.0
472856,CCC,2014B,0.9731870860832271,75.71428571428571,5.0
474283,CCC,2014B,0.8315335846415998,34.666666666666664,388.0
474377,CCC,2014B,0.9604846291041567,75.71428571428571,0.0
474759,CCC,2014B,0.8261383527312492,46.0,152.0
475443,CCC,2014B,0.713608892907367,37.0,777.0
475556,CCC,2014B,0.8409669847057663,50.0,67.0
476868,CCC,2014B,0.9517636542337519,75.71428571428571,117.0
478025,CCC,2014B,0.812759626150515,30.0,214.0
479714,CCC,2014B,0.9545819152472932,75.71428571428571,0.0
479725,CCC,2014B,0.9510876234949004,75.71428571428571,34.0
480928,CCC,2014B,0.8756680120572569,21.5,609.0
481024,CCC,2014B,0.7204057268757549,70.0,188.0
484174,CCC,2014B,0.8307334801211832,41.333333333333336,570.0
484305,CCC,2014B,0.9289925160555782,75.71428571428571,246.0
486378,CCC,2014B,0.8714232940208076,40.0,72.0
487494,CCC,2014B,0.86820341973162,75.71428571428571,282.0
487570,CCC,2014B,0.8080664106517564,44.0,214.0
488431,CCC,2014B,0.7302854969384799,46.666666666666664,873.0
489309,CCC,2014B,0.7028795796288647,75.71428571428571,588.0
490297,CCC,2014B,0.8237463484708294,45.714285714285715,664.0
490587,CCC,2014B,0.8607719351944831,41.0,690.0
490665,CCC,2014B,0.97243345019087,75.71428571428571,49.0
491232,CCC,2014B,0.9538683754260314,75.71428571428571,35.0
491742,CCC,2014B,0.8360289368007328,4.0,171.0
492900,CCC,2014B,0.7191040115497768,57.22222222222222,376.0
493822,CCC,2014B,0.7228113056644097,41.5,739.0
497047,CCC,2014B,0.9420595667574752,75.71428571428571,0.0
497080,CCC,2014B,0.8452761002724728,33.5,135.0
498138,CCC,2014B,0.7195583529260451,50.666666666666664,552.0
498225,CCC,2014B,0.9731870860832271,75.71428571428571,17.0
498741,CCC,2014B,0.8085099053722762,41.111111111111114,488.0
500001,CCC,2014B,0.9420595667574752,75.71428571428571,0.0
501443,CCC,2014B,0.8220724240440549,20.5,415.0
502466,CCC,2014B,0.7925730838285441,19.0,798.0
502833,CCC,2014B,0.7005442338416344,60.666666666666664,393.0
503872,CCC,2014B,0.7796803816809473,34.2,599.0
504057,CCC,2014B,0.9441278972965302,75.71428571428571,173.0
505520,CCC,2014B,0.817512940722349,52.666666666666664,181.0
505967,CCC,2014B,0.8786344311606058,100.0,179.0
506380,CCC,2014B,0.9510876234949004,75.71428571428571,7.0
507801,CCC,2014B,0.9666797665082801,75.71428571428571,3.0
508848,CCC,2014B,0.9604846291041567,75.71428571428571,0.0
509122,CCC,2014B,0.9325408288639665,75.71428571428571,0.0
509649,CCC,2014B,0.767519259847372,50.166666666666664,426.0
512353,CCC,2014B,0.8662856766162947,38.0,135.0
513997,CCC,2014B,0.9420595667574752,75.71428571428571,0.0
514186,CCC,2014B,0.8433716388607864,10.0,490.0
515278,CCC,2014B,0.742919387358867,60.0,301.0
515936,CCC,2014B,0.852080187689132,27.0,362.0
516685,CCC,2014B,0.8016167963327527,20.0,350.0
518116,CCC,2014B,0.7382124468364326,54.0,311.0
518330,CCC,2014B,0.9731870860832271,75.71428571428571,13.0
519589,CCC,2014B,0.8101895024604795,20.0,249.0
521542,CCC,2014B,0.9731870860832271,75.71428571428571,13.0
521601,CCC,2014B,0.9498329702567565,75.71428571428571,69.0
522682,CCC,2014B,0.8541363917156972,20.0,54.0
523239,CCC,2014B,0.7717326989080167,49.75,423.0
523271,CCC,2014B,0.964497067582575,75.71428571428571,110.0
523710,CCC,2014B,0.831289736080566,30.0,285.0
526547,CCC,2014B,0.8613093661904838,30.0,151.0
528023,CCC,2014B,0.8407349124702912,36.0,385.0
529153,CCC,2014B,0.8333755689381855,10.0,206.0
529434,CCC,2014B,0.7909367872319443,46.111111111111114,540.0
530113,CCC,2014B,0.789121818770526,60.0,192.0
530270,CCC,2014B,0.972520431542183,75.71428571428571,55.0
530481,CCC,2014B,0.7029550894483081,68.0,9.0
530936,CCC,2014B,0.8392026506897983,16.0,251.0
532252,CCC,2014B,0.9666797665082801,75.71428571428571,18.0
532531,CCC,2014B,0.7653554286467004,45.25,634.0
532859,CCC,2014B,0.8728468690325552,10.0,176.0
534047,CCC,2014B,0.9666797665082801,75.71428571428571,10.0
534074,CCC,2014B,0.9489829023026207,75.71428571428571,89.0
535590,CCC,2014B,0.9582867198052278,75.71428571428571,0.0
535682,CCC,2014B,0.8473488250359729,0.0,67.0
539695,CCC,2014B,0.8064376907358729,26.0,500.0
539971,CCC,2014B,0.8373827489304972,43.6,348.0
540937,CCC,2014B,0.9510876234949004,75.71428571428571,1.0
541184,CCC,2014B,0.831289736080566,30.0,315.0
542721,CCC,2014B,0.9420595667574752,75.71428571428571,0.0
543571,CCC,2014B,0.9510876234949004,75.71428571428571,37.0
543628,CCC,2014B,0.9545819152472932,75.71428571428571,0.0
544075,CCC,2014B,0.9325408288639665,75.71428571428571,0.0
545045,CCC,2014B,0.8063596545129846,10.0,232.0
546400,CCC,2014B,0.9722580753855629,75.71428571428571,54.0
546675,CCC,2014B,0.704539151483762,40.88235294117647,1590.0
546954,CCC,2014B,0.9325408288639665,75.71428571428571,0.0
547571,CCC,2014B,0.7519992453869251,58.666666666666664,395.0
547816,CCC,2014B,0.9801834957079505,75.71428571428571,24.0
548383,CCC,2014B,0.7089363982977875,66.0,115.0
551856,CCC,2014B,0.7853592018834463,24.0,621.0
552590,CCC,2014B,0.8574040619910853,9.333333333333334,252.0
555368,CCC,2014B,0.8238434840359313,38.0,398.0
555953,CCC,2014B,0.8373814981391949,40.0,187.0
556007,CCC,2014B,0.9702012771093199,75.71428571428571,112.0
556042,CCC,2014B,0.7636403975544804,56.333333333333336,218.0
556587,CCC,2014B,0.7981773964586419,26.5,561.0
557172,CCC,2014B,0.9666797665082801,75.71428571428571,28.0
557849,CCC,2014B,0.9545819152472932,75.71428571428571,0.0
557995,CCC,2014B,0.757102900018147,47.8,655.0
558122,CCC,2014B,0.7968120963026211,43.0,289.0
559157,CCC,2014B,0.7717937884064168,35.5,683.0
561823,CCC,2014B,0.8136269518510747,43.0,481.0
562585,CCC,2014B,0.8369585600996075,49.333333333333336,225.0
563556,CCC,2014B,0.9731870860832271,75.71428571428571,37.0
563631,CCC,2014B,0.8591379561206083,30.0,163.0
564325,CCC,2014B,0.7189317851716319,69.0,266.0
564444,CCC,2014B,0.8830263666810876,75.71428571428571,250.0
564841,CCC,2014B,0.9420595667574752,75.71428571428571,0.0
566704,CCC,2014B,0.9210474934130457,75.71428571428571,263.0
566872,CCC,2014B,0.8277350254872654,47.0,176.0
568047,CCC,2014B,0.802924911764195,37.5,302.0
570113,CCC,2014B,0.8632766861077719,40.0,136.0
571276,CCC,2014B,0.9420595667574752,75.71428571428571,0.0
571365,CCC,2014B,0.9510876234949004,75.71428571428571,24.0
571702,CCC,2014B,0.9545819152472932,75.71428571428571,0.0
572401,CCC,2014B,0.8550252223498154,25.5,201.0
572909,CCC,2014B,0.8567169408081228,48.0,77.0
573197,CCC,2014B,0.8315366123822301,39.0,193.0
573665,CCC,2014B,0.9510876234949004,75.71428571428571,10.0
573701,CCC,2014B,0.8488405349545758,50.0,137.0
574564,CCC,2014B,0.9628943052735275,75.71428571428571,145.0
574580,CCC,2014B,0.8240670996424471,75.71428571428571,488.0
575287,CCC,2014B,0.8093273752172319,60.0,90.0
577273,CCC,2014B,0.8442177753966404,50.0,35.0
577352,CCC,2014B,0.9604846291041567,75.71428571428571,0.0
577603,CCC,2014B,0.9722580753855629,75.71428571428571,25.0
577688,CCC,2014B,0.9545819152472932,75.71428571428571,0.0
579321,CCC,2014B,0.9779798020422612,75.71428571428571,1.0
580477,CCC,2014B,0.7767206724920716,65.25,77.0
580768,CCC,2014B,0.8560666929988759,21.0,160.0
581328,CCC,2014B,0.9731870860832271,75.71428571428571,40.0
581745,CCC,2014B,0.9420595667574752,75.71428571428571,0.0
584305,CCC,2014B,0.9588064839383145,75.71428571428571,0.0
584586,CCC,2014B,0.7401640988040772,66.2,228.0
584749,CCC,2014B,0.9703505347484379,75.71428571428571,0.0
584756,CCC,2014B,0.9604846291041567,75.71428571428571,0.0
584913,CCC,2014B,0.941347145365399,75.71428571428571,181.0
586060,CCC,2014B,0.8239856270292744,75.71428571428571,472.0
586436,CCC,2014B,0.9538683754260314,75.71428571428571,59.0
587179,CCC,2014B,0.9722580753855629,75.71428571428571,31.0
587585,CCC,2014B,0.9510876234949004,75.71428571428571,34.0
588059,CCC,2014B,0.9710135765579712,75.71428571428571,111.0
588464,CCC,2014B,0.8478398712821738,37.75,228.0
588590,CCC,2014B,0.818636882989163,50.0,260.0
588694,CCC,2014B,0.9420595667574752,75.71428571428571,0.0
588846,CCC,2014B,0.7978665784605566,34.5,563.0
589018,CCC,2014B,0.7027432594902271,59.0,463.0
589023,CCC,2014B,0.8467336029238659,75.71428571428571,390.0
589108,CCC,2014B,0.9582867198052278,75.71428571428571,0.0
589722,CCC,2014B,0.8070827733139329,10.0,266.0
590072,CCC,2014B,0.9731870860832271,75.71428571428571,21.0
590699,CCC,2014B,0.869712261960034,75.71428571428571,411.0
590881,CCC,2014B,0.9731870860832271,75.71428571428571,45.0
590914,CCC,2014B,0.7062668011061666,45.5,679.0
591619,CCC,2014B,0.7456141059436376,54.0,280.0
591655,CCC,2014B,0.829223466992459,56.857142857142854,95.0
592158,CCC,2014B,0.835075403797904,0.0,360.0
592284,CCC,2014B,0.8783345747550765,0.0,95.0
592407,CCC,2014B,0.8722929467238602,10.0,97.0
592429,CCC,2014B,0.9420595667574752,75.71428571428571,0.0
592684,CCC,2014B,0.9420595667574752,75.71428571428571,0.0
592876,CCC,2014B,0.9731870860832271,75.71428571428571,37.0
593071,CCC,2014B,0.9537164367067068,75.71428571428571,215.0
594851,CCC,2014B,0.9731870860832271,75.71428571428571,54.0
595324,CCC,2014B,0.9604846291041567,75.71428571428571,0.0
595356,CCC,2014B,0.8032882886639091,42.0,711.0
596029,CCC,2014B,0.7898444465182436,52.0,0.0
596699,CCC,2014B,0.7242583811120202,66.91666666666667,0.0
597181,CCC,2014B,0.9510876234949004,75.71428571428571,1.0
597817,CCC,2014B,0.7439810998809275,66.0,95.0
598666,CCC,2014B,0.7669058569969225,58.333333333333336,0.0
598924,CCC,2014B,0.9031229350856305,75.71428571428571,223.0
599263,CCC,2014B,0.7517375106159448,49.55555555555556,653.0
599547,CCC,2014B,0.9677735632553159,75.71428571428571,132.0
599615,CCC,2014B,0.8721193392990435,34.0,135.0
599986,CCC,2014B,0.9420595667574752,75.71428571428571,0.0
600436,CCC,2014B,0.7768510247697564,63.2,116.0
600859,CCC,2014B,0.9731870860832271,75.71428571428571,68.0
600879,CCC,2014B,0.9545819152472932,75.71428571428571,0.0
600975,CCC,2014B,0.8613093661904838,10.0,144.0
601021,CCC,2014B,0.7220958718622319,68.38461538461539,178.0
601731,CCC,2014B,0.9801834957079505,75.71428571428571,45.0
602585,CCC,2014B,0.9690254650436266,75.71428571428571,134.0
602891,CCC,2014B,0.981482340909946,75.71428571428571,63.0
603053,CCC,2014B,0.9545819152472932,75.71428571428571,0.0
603239,CCC,2014B,0.9420595667574752,75.71428571428571,0.0
603791,CCC,2014B,0.9687740005157021,75.71428571428571,93.0
603999,CCC,2014B,0.9420595667574752,75.71428571428571,0.0
604078,CCC,2014B,0.9420595667574752,75.71428571428571,0.0
604480,CCC,2014B,0.9604846291041567,75.71428571428571,0.0
604559,CCC,2014B,0.829223466992459,57.0,113.0
604643,CCC,2014B,0.9731870860832271,75.71428571428571,50.0
604655,CCC,2014B,0.774252785362113,57.5,336.0
604665,CCC,2014B,0.9604846291041567,75.71428571428571,0.0
605130,CCC,2014B,0.9461532838377518,75.71428571428571,0.0
605926,CCC,2014B,0.9420595667574752,75.71428571428571,0.0
606025,CCC,2014B,0.9420595667574752,75.71428571428571,0.0
606205,CCC,2014B,0.9545819152472932,75.71428571428571,0.0
606300,CCC,2014B,0.9545819152472932,75.71428571428571,0.0
606350,CCC,2014B,0.8544343788994254,40.0,181.0
606417,CCC,2014B,0.9467004203735536,75.71428571428571,0.0
606663,CCC,2014B,0.9420595667574752,75.71428571428571,0.0
606828,CCC,2014B,0.9491250823974074,75.71428571428571,76.0
606930,CCC,2014B,0.7417133255872997,72.0,58.0
607060,CCC,2014B,0.7950017692393601,44.0,418.0
607063,CCC,2014B,0.9731870860832271,75.71428571428571,30.0
607411,CCC,2014B,0.7231264091127653,72.0,314.0
607442,CCC,2014B,0.9489829023026207,75.71428571428571,104.0
607703,CCC,2014B,0.9420595667574752,75.71428571428571,0.0
608549,CCC,2014B,0.962277938035908,75.71428571428571,0.0
608750,CCC,2014B,0.972520431542183,75.71428571428571,23.0
608923,CCC,2014B,0.7079735221371838,49.0,751.0
609241,CCC,2014B,0.9722580753855629,75.71428571428571,7.0
609450,CCC,2014B,0.7023352336582117,54.0,530.0
609489,CCC,2014B,0.8026214756501404,28.0,369.0
609828,CCC,2014B,0.9420595667574752,75.71428571428571,0.0
610718,CCC,2014B,0.9510876234949004,75.71428571428571,18.0
611750,CCC,2014B,0.9604846291041567,75.71428571428571,0.0
611865,CCC,2014B,0.8457822231716041,47.0,160.0
612124,CCC,2014B,0.9420595667574752,75.71428571428571,0.0
612287,CCC,2014B,0.8156280264657237,20.0,210.0
612805,CCC,2014B,0.9545819152472932,75.71428571428571,0.0
612822,CCC,2014B,0.817050378409548,47.5,356.0
613116,CCC,2014B,0.9491250823974074,75.71428571428571,82.0
613120,CCC,2014B,0.9604846291041567,75.71428571428571,0.0
613280,CCC,2014B,0.9722580753855629,75.71428571428571,2.0
613387,CCC,2014B,0.9489829023026207,75.71428571428571,98.0
613390,CCC,2014B,0.9325408288639665,75.71428571428571,0.0
613417,CCC,2014B,0.972479198223878,75.71428571428571,80.0
613441,CCC,2014B,0.8595236044156137,20.0,141.0
613873,CCC,2014B,0.9545819152472932,75.71428571428571,0.0
614263,CCC,2014B,0.7220911220956995,70.0,99.0
614345,CCC,2014B,0.812759626150515,0.0,215.0
614733,CCC,2014B,0.8324873053766453,49.5,252.0
614952,CCC,2014B,0.8068165089519246,20.0,497.0
615246,CCC,2014B,0.8360289368007328,30.0,168.0
615321,CCC,2014B,0.8521738506182044,20.0,72.0
615407,CCC,2014B,0.9666797665082801,75.71428571428571,36.0
616333,CCC,2014B,0.9467004203735536,75.71428571428571,0.0
616334,CCC,2014B,0.7767135004547745,44.833333333333336,688.0
617186,CCC,2014B,0.9510876234949004,75.71428571428571,22.0
617307,CCC,2014B,0.9604846291041567,75.71428571428571,0.0
617331,CCC,2014B,0.7429359145940134,60.0,233.0
617898,CCC,2014B,0.9491250823974074,75.71428571428571,83.0
617925,CCC,2014B,0.9370414517150225,75.71428571428571,225.0
618002,CCC,2014B,0.7738160433579826,50.0,298.0
618078,CCC,2014B,0.7775889894724256,51.75,225.0
618279,CCC,2014B,0.8417491708427906,38.0,316.0
618514,CCC,2014B,0.9420595667574752,75.71428571428571,0.0
618665,CCC,2014B,0.7357982982880205,59.2,414.0
619006,CCC,2014B,0.8006673080446635,26.0,540.0
619524,CCC,2014B,0.9420595667574752,75.71428571428571,0.0
620266,CCC,2014B,0.8136982496651585,18.0,254.0
620320,CCC,2014B,0.7129104563204253,65.66666666666667,0.0
620356,CCC,2014B,0.9731870860832271,75.71428571428571,5.0
620376,CCC,2014B,0.9510876234949004,75.71428571428571,10.0
620440,CCC,2014B,0.9510876234949004,75.71428571428571,6.0
620713,CCC,2014B,0.962277938035908,75.71428571428571,0.0
620918,CCC,2014B,0.8521738506182044,20.0,104.0
620935,CCC,2014B,0.9510876234949004,75.71428571428571,6.0
621401,CCC,2014B,0.9510876234949004,75.71428571428571,64.0
621619,CCC,2014B,0.9538683754260314,75.71428571428571,11.0
621807,CCC,2014B,0.84164332923886,20.0,289.0
622398,CCC,2014B,0.9510876234949004,75.71428571428571,34.0
622430,CCC,2014B,0.7083121073264284,63.0,0.0
622753,CCC,2014B,0.8215792485135929,50.0,186.0
622804,CCC,2014B,0.8441622546558609,40.0,94.0
622897,CCC,2014B,0.9545819152472932,75.71428571428571,0.0
623609,CCC,2014B,0.8052531556868904,27.0,514.0
623619,CCC,2014B,0.9545819152472932,75.71428571428571,0.0
623786,CCC,2014B,0.8310074023931429,57.0,2.0
624039,CCC,2014B,0.8521738506182044,20.0,88.0
624354,CCC,2014B,0.832269095379441,23.142857142857142,345.0
624593,CCC,2014B,0.9510876234949004,75.71428571428571,1.0
624765,CCC,2014B,0.9510876234949004,75.71428571428571,49.0
625121,CCC,2014B,0.9478070902369273,75.71428571428571,135.0
625128,CCC,2014B,0.8336662469518457,10.0,156.0
625207,CCC,2014B,0.8475084746539259,10.0,133.0
625267,CCC,2014B,0.9604846291041567,75.71428571428571,0.0
625517,CCC,2014B,0.8360289368007328,30.0,178.0
625568,CCC,2014B,0.9545819152472932,75.71428571428571,0.0
625774,CCC,2014B,0.9420595667574752,75.71428571428571,0.0
625793,CCC,2014B,0.7795778783718343,62.0,17.0
625884,CCC,2014B,0.8581440771178154,75.71428571428571,312.0
625950,CCC,2014B,0.941347145365399,75.71428571428571,158.0
625975,CCC,2014B,0.770398071764081,49.0,527.0
626173,CCC,2014B,0.9031229350856305,75.71428571428571,220.0
626438,CCC,2014B,0.9510876234949004,75.71428571428571,35.0
626518,CCC,2014B,0.9420595667574752,75.71428571428571,0.0
626712,CCC,2014B,0.9666797665082801,75.71428571428571,17.0
626906,CCC,2014B,0.7247784352022408,60.0,340.0
626930,CCC,2014B,0.9184412800839388,75.71428571428571,269.0
627066,CCC,2014B,0.8331307119443602,42.5,276.0
627160,CCC,2014B,0.9722580753855629,75.71428571428571,35.0
627386,CCC,2014B,0.8284936653915743,47.666666666666664,242.0
627395,CCC,2014B,0.9604846291041567,75.71428571428571,0.0
627435,CCC,2014B,0.8089193187221716,30.0,472.0
627520,CCC,2014B,0.8455869182705581,4.0,136.0
627632,CCC,2014B,0.9556808968275335,75.71428571428571,19.0
627635,CCC,2014B,0.8521738506182044,20.0,96.0
628022,CCC,2014B,0.9510876234949004,75.71428571428571,8.0
628053,CCC,2014B,0.9510876234949004,75.71428571428571,1.0
628090,CCC,2014B,0.7851967604627349,48.5,451.0
628141,CCC,2014B,0.8005148923979855,45.333333333333336,0.0
628725,CCC,2014B,0.7594424126862644,64.0,9.0
628803,CCC,2014B,0.7148246500779537,65.91666666666667,240.0
628938,CCC,2014B,0.941347145365399,75.71428571428571,182.0
628993,CCC,2014B,0.9420595667574752,75.71428571428571,0.0
629209,CCC,2014B,0.9325408288639665,75.71428571428571,0.0
629270,CCC,2014B,0.8077306092287161,48.0,395.0
629445,CCC,2014B,0.9325408288639665,75.71428571428571,0.0
629613,CCC,2014B,0.8583885563106017,50.0,83.0
629623,CCC,2014B,0.9407640000705656,75.71428571428571,186.0
629628,CCC,2014B,0.7993231397744132,0.0,227.0
629632,CCC,2014B,0.7485647206276765,38.0,2569.0
629694,CCC,2014B,0.8573125087692668,50.0,118.0
629887,CCC,2014B,0.9510876234949004,75.71428571428571,67.0
629893,CCC,2014B,0.9420595667574752,75.71428571428571,0.0
630152,CCC,2014B,0.8374681375886566,43.25,291.0
630471,CCC,2014B,0.8104558954470212,60.0,79.0
630514,CCC,2014B,0.9510876234949004,75.71428571428571,45.0
630531,CCC,2014B,0.9731870860832271,75.71428571428571,37.0
630540,CCC,2014B,0.7126046452946126,36.3,2402.0
630825,CCC,2014B,0.8391790501377785,0.0,155.0
631038,CCC,2014B,0.9498329702567565,75.71428571428571,70.0
631051,CCC,2014B,0.9491250823974074,75.71428571428571,80.0
631216,CCC,2014B,0.8022207836488898,37.0,486.0
631300,CCC,2014B,0.8373024167382259,50.0,216.0
631365,CCC,2014B,0.9545819152472932,75.71428571428571,0.0
631657,CCC,2014B,0.9420595667574752,75.71428571428571,0.0
631770,CCC,2014B,0.9510876234949004,75.71428571428571,2.0
631929,CCC,2014B,0.711691732254285,70.0,138.0
632037,CCC,2014B,0.8557054776654188,20.0,165.0
632134,CCC,2014B,0.8104558954470212,60.0,115.0
632242,CCC,2014B,0.7891611175841874,58.5,174.0
632260,CCC,2014B,0.7272164756383782,67.0,151.0
632332,CCC,2014B,0.9420595667574752,75.71428571428571,0.0
632487,CCC,2014B,0.9510876234949004,75.71428571428571,7.0
632780,CCC,2014B,0.9489829023026207,75.71428571428571,91.0
632856,CCC,2014B,0.7540082400775207,39.166666666666664,830.0
632889,CCC,2014B,0.9510876234949004,75.71428571428571,11.0
632903,CCC,2014B,0.9325408288639665,75.71428571428571,0.0
633240,CCC,2014B,0.9666797665082801,75.71428571428571,13.0
633243,CCC,2014B,0.8452562216524286,20.0,270.0
633256,CCC,2014B,0.7888337922716253,29.6,603.0
633330,CCC,2014B,0.9491250823974074,75.71428571428571,75.0
633341,CCC,2014B,0.8361267184877684,26.0,659.0
633395,CCC,2014B,0.801644947663303,40.0,416.0
633432,CCC,2014B,0.7851121671975541,42.166666666666664,576.0
633460,CCC,2014B,0.8383890455332639,13.0,193.0
633527,CCC,2014B,0.9666797665082801,75.71428571428571,21.0
633637,CCC,2014B,0.7292615639668005,56.5,367.0
634057,CCC,2014B,0.7382168357340123,75.5,48.0
634083,CCC,2014B,0.9420595667574752,75.71428571428571,0.0
634176,CCC,2014B,0.8722929467238602,30.0,88.0
634279,CCC,2014B,0.7313418368511861,72.66666666666667,85.0
634349,CCC,2014B,0.7067865990750697,69.0,203.0
634523,CCC,2014B,0.8363630363953085,40.0,182.0
634655,CCC,2014B,0.9491250823974074,75.71428571428571,78.0
835603,CCC,2014B,0.9588064839383145,75.71428571428571,0.0
1047645,CCC,2014B,0.972520431542183,75.71428571428571,16.0
1106724,CCC,2014B,0.8300841688845166,40.0,289.0
1307784,CCC,2014B,0.7270904109564219,58.666666666666664,324.0
1398821,CCC,2014B,0.9545819152472932,75.71428571428571,0.0
1407549,CCC,2014B,0.972520431542183,75.71428571428571,8.0
1462676,CCC,2014B,0.9666797665082801,75.71428571428571,30.0
1468838,CCC,2014B,0.7406426361365558,55.8,273.0
1551895,CCC,2014B,0.8394578236272514,50.0,185.0
1560205,CCC,2014B,0.8217679995362401,40.0,600.0
1591013,CCC,2014B,0.7984960781160717,40.0,462.0
1600062,CCC,2014B,0.9545819152472932,75.71428571428571,0.0
1619251,CCC,2014B,0.9702012771093199,75.71428571428571,87.0
1649896,CCC,2014B,0.9420595667574752,75.71428571428571,0.0
1656486,CCC,2014B,0.7526196459706189,50.0,548.0
1664810,CCC,2014B,0.9420595667574752,75.71428571428571,0.0
1672690,CCC,2014B,0.9666797665082801,75.71428571428571,16.0
1678014,CCC,2014B,0.8363630363953085,40.0,183.0
1750405,CCC,2014B,0.8451698020499299,20.0,80.0
1763378,CCC,2014B,0.7310409428543666,50.0,647.0
1828112,CCC,2014B,0.7660844173658414,50.0,473.0
1841267,CCC,2014B,0.7246463274928506,58.666666666666664,415.0
1877732,CCC,2014B,0.9731870860832271,75.71428571428571,47.0
1908526,CCC,2014B,0.9420595667574752,75.71428571428571,0.0
1938024,CCC,2014B,0.9420595667574752,75.71428571428571,0.0
2008262,CCC,2014B,0.8343922780644245,37.0,181.0
2066504,CCC,2014B,0.8740768821245442,12.0,62.0
2110039,CCC,2014B,0.849400591369986,30.0,300.0
2113778,CCC,2014B,0.8830263666810876,75.71428571428571,253.0
2142662,CCC,2014B,0.9607536253596051,75.71428571428571,174.0
2148297,CCC,2014B,0.9801834957079505,75.71428571428571,2.0
2198356,CCC,2014B,0.9420595667574752,75.71428571428571,0.0
2213982,CCC,2014B,0.978379830135699,75.71428571428571,120.0
2229583,CCC,2014B,0.9331038009656868,75.71428571428571,0.0
2236538,CCC,2014B,0.9160113735418827,75.71428571428571,270.0
2241036,CCC,2014B,0.9298666796999584,75.71428571428571,244.0
2258228,CCC,2014B,0.7262787849656114,55.5,404.0
2327710,CCC,2014B,0.7840010595316429,30.0,1173.0
2329539,CCC,2014B,0.8602926505448869,75.71428571428571,368.0
2355744,CCC,2014B,0.9325408288639665,75.71428571428571,0.0
2365009,CCC,2014B,0.9545819152472932,75.71428571428571,0.0
2374376,CCC,2014B,0.9351535236925627,75.71428571428571,106.0
2375259,CCC,2014B,0.8088912946970283,40.0,539.0
2384615,CCC,2014B,0.9588064839383145,75.71428571428571,0.0
2408651,CCC,2014B,0.9325408288639665,75.71428571428571,0.0
2410459,CCC,2014B,0.944135127335683,75.71428571428571,187.0
2421961,CCC,2014B,0.7156776407977133,36.785714285714285,1214.0
2446778,CCC,2014B,0.8563995259865494,0.0,233.0
2464727,CCC,2014B,0.9467004203735536,75.71428571428571,0.0
2473058,CCC,2014B,0.8581386360458165,20.0,171.0
2488713,CCC,2014B,0.742919387358867,60.0,290.0
2493107,CCC,2014B,0.9710135765579712,75.71428571428571,101.0
2517778,CCC,2014B,0.8362886958591834,0.0,370.0
2530985,CCC,2014B,0.9325408288639665,75.71428571428571,0.0
2558365,CCC,2014B,0.709798573527284,63.714285714285715,274.0
2569912,CCC,2014B,0.9510876234949004,75.71428571428571,11.0
2576298,CCC,2014B,0.9702012771093199,75.71428571428571,102.0
2591014,CCC,2014B,0.9545819152472932,75.71428571428571,0.0
2602235,CCC,2014B,0.704790341416372,48.714285714285715,803.0
2605030,CCC,2014B,0.972520431542183,75.71428571428571,66.0
2620636,CCC,2014B,0.8324942593024356,37.0,259.0
2621379,CCC,2014B,0.961043779228846,75.71428571428571,188.0
2621734,CCC,2014B,0.8503216206303458,53.666666666666664,6.0
2631547,CCC,2014B,0.9545819152472932,75.71428571428571,0.0
2641486,CCC,2014B,0.7913565525882573,48.75,440.0
2646795,CCC,2014B,0.9709695423649235,75.71428571428571,81.0
2658268,CCC,2014B,0.7893972015016791,42.0,580.0
2659556,CCC,2014B,0.8137452694540989,25.833333333333332,444.0
2661696,CCC,2014B,0.7220911220956995,70.0,129.0
2668550,CCC,2014B,0.8132940332332457,46.333333333333336,419.0
2682834,CCC,2014B,0.9643585634274505,75.71428571428571,98.0
28952,CCC,2014J,0.8104558954470212,59.5,105.0
61236,CCC,2014J,0.7120753542152858,56.0,506.0
69494,CCC,2014J,0.7316477346130875,12.4,2049.0
73664,CCC,2014J,0.8595236044156137,25.0,141.0
74290,CCC,2014J,0.8682316041365487,10.0,271.0
79461,CCC,2014J,0.7528724400577207,33.714285714285715,810.0
80243,CCC,2014J,0.9545819152472932,75.71428571428571,0.0
80491,CCC,2014J,0.787466527182304,51.8,330.0
88758,CCC,2014J,0.97907029053909,75.71428571428571,51.0
91040,CCC,2014J,0.8258485667665739,42.5,446.0
96864,CCC,2014J,0.8451698020499299,0.0,96.0
101700,CCC,2014J,0.9467004203735536,75.71428571428571,0.0
119310,CCC,2014J,0.7281155490573877,74.53846153846153,119.0
124711,CCC,2014J,0.8005520549048252,44.0,265.0
128072,CCC,2014J,0.7269462735788892,67.0,153.0
129198,CCC,2014J,0.7243347213460651,44.0,1516.0
131663,CCC,2014J,0.9704583392562934,75.71428571428571,58.0
138997,CCC,2014J,0.7628690851952976,36.4,344.0
165647,CCC,2014J,0.7978810982097662,43.916666666666664,710.0
175638,CCC,2014J,0.8322458131407635,47.0,267.0
178072,CCC,2014J,0.7169344184357276,57.90909090909091,516.0
185451,CCC,2014J,0.9325408288639665,75.71428571428571,0.0
205218,CCC,2014J,0.9397247810272644,75.71428571428571,0.0
234957,CCC,2014J,0.9510876234949004,75.71428571428571,25.0
235121,CCC,2014J,0.9727558130847952,75.71428571428571,51.0
238255,CCC,2014J,0.8280684263589494,45.5,219.0
242636,CCC,2014J,0.8701230653254277,0.0,108.0
245217,CCC,2014J,0.7329328543407552,49.666666666666664,947.0
246829,CCC,2014J,0.8111370196449356,48.0,349.0
256532,CCC,2014J,0.9704583392562934,75.71428571428571,41.0
264845,CCC,2014J,0.7304232366636705,32.142857142857146,811.0
275882,CCC,2014J,0.9510876234949004,75.71428571428571,10.0
278600,CCC,2014J,0.8306873605771457,56.0,91.0
279879,CCC,2014J,0.832195020953322,52.0,128.0
279883,CCC,2014J,0.8666071338817996,49.0,167.0
285637,CCC,2014J,0.8007668283904508,53.833333333333336,196.0
293321,CCC,2014J,0.9722580753855629,75.71428571428571,3.0
301681,CCC,2014J,0.9420595667574752,75.71428571428571,0.0
307789,CCC,2014J,0.9604846291041567,75.71428571428571,0.0
314555,CCC,2014J,0.9650307767330699,75.71428571428571,169.0
316091,CCC,2014J,0.7568169979068468,52.625,347.0
316454,CCC,2014J,0.962277938035908,75.71428571428571,0.0
319035,CCC,2014J,0.9420595667574752,75.71428571428571,0.0
319492,CCC,2014J,0.7707789879991053,62.5,108.0
322844,CCC,2014J,0.7905344766863698,36.6,667.0
324440,CCC,2014J,0.9545819152472932,75.71428571428571,0.0
325518,CCC,2014J,0.9117239694341925,75.71428571428571,207.0
328674,CCC,2014J,0.9731870860832271,75.71428571428571,26.0
330952,CCC,2014J,0.837273364308304,56.0,80.0
331622,CCC,2014J,0.972520431542183,75.71428571428571,24.0
335401,CCC,2014J,0.8486529633411887,22.0,109.0
353660,CCC,2014J,0.9170161704171704,75.71428571428571,219.0
357820,CCC,2014J,0.9722580753855629,75.71428571428571,41.0
358578,CCC,2014J,0.8447482346598689,33.0,269.0
360483,CCC,2014J,0.9702012771093199,75.71428571428571,127.0
366367,CCC,2014J,0.7169966340886174,56.6,532.0
367510,CCC,2014J,0.7677327865763526,59.45454545454545,352.0
367815,CCC,2014J,0.7340012735312818,65.66666666666667,248.0
369208,CCC,2014J,0.7166449275262435,73.66666666666667,125.0
370839,CCC,2014J,0.7768505223485708,52.0,562.0
371439,CCC,2014J,0.8136671092872629,47.25,335.0
384106,CCC,2014J,0.8123485501220231,100.0,521.0
385980,CCC,2014J,0.7616944152536391,57.0,358.0
394218,CCC,2014J,0.783086182166986,56.166666666666664,0.0
401258,CCC,2014J,0.8166789637675512,100.0,349.0
402883,CCC,2014J,0.8369482756389892,18.0,279.0
410176,CCC,2014J,0.704017553641972,62.0,169.0
412304,CCC,2014J,0.8306963287663989,100.0,506.0
412600,CCC,2014J,0.7683832468830759,47.214285714285715,575.0
414772,CCC,2014J,0.7614789980884662,56.166666666666664,405.0
415023,CCC,2014J,0.9538683754260314,75.71428571428571,7.0
416284,CCC,2014J,0.7118860417299486,61.285714285714285,298.0
416860,CCC,2014J,0.7083412642189496,31.6,1267.0
422542,CCC,2014J,0.7715927063542096,46.375,497.0
423622,CCC,2014J,0.7247624585852318,68.25,239.0
425919,CCC,2014J,0.9510876234949004,75.71428571428571,54.0
430020,CCC,2014J,0.7148246500779537,66.0,235.0
432478,CCC,2014J,0.7709365907811645,56.0,322.0
433508,CCC,2014J,0.720654388595875,54.0,429.0
436900,CCC,2014J,0.9489829023026207,75.71428571428571,126.0
440637,CCC,2014J,0.9510876234949004,75.71428571428571,25.0
441024,CCC,2014J,0.9666797665082801,75.71428571428571,32.0
442823,CCC,2014J,0.9325408288639665,75.71428571428571,0.0
443837,CCC,2014J,0.9716235341701983,75.71428571428571,8.0
445921,CCC,2014J,0.8452562216524286,22.0,270.0
448370,CCC,2014J,0.8466610474322717,11.0,82.0
464732,CCC,2014J,0.7073000419009712,38.5,2784.0
465281,CCC,2014J,0.9325408288639665,75.71428571428571,0.0
465331,CCC,2014J,0.7099549356075984,69.5,285.0
465732,CCC,2014J,0.8552520856735818,45.25,292.0
466430,CCC,2014J,0.9604890193424273,75.71428571428571,0.0
467381,CCC,2014J,0.8290334833866544,100.0,375.0
467753,CCC,2014J,0.8315905851338973,51.0,313.0
468623,CCC,2014J,0.8132783901953197,56.0,157.0
470159,CCC,2014J,0.7623679619681084,57.333333333333336,306.0
470253,CCC,2014J,0.9710135765579712,75.71428571428571,113.0
470617,CCC,2014J,0.7439810998809275,65.5,103.0
470914,CCC,2014J,0.705736467833407,44.7,802.0
471374,CCC,2014J,0.9588064839383145,75.71428571428571,0.0
474377,CCC,2014J,0.9637484907797561,75.71428571428571,0.0
477246,CCC,2014J,0.9325408288639665,75.71428571428571,0.0
477488,CCC,2014J,0.9480644560059488,75.71428571428571,0.0
478496,CCC,2014J,0.9722580753855629,75.71428571428571,3.0
482145,CCC,2014J,0.8182548603494257,43.75,421.0
482751,CCC,2014J,0.8876547550950575,100.0,93.0
482938,CCC,2014J,0.8436620820829285,11.0,381.0
485949,CCC,2014J,0.9703505347484379,75.71428571428571,0.0
486300,CCC,2014J,0.7185165475916907,62.0,57.0
487570,CCC,2014J,0.8313175196819356,44.0,214.0
488192,CCC,2014J,0.9604846291041567,75.71428571428571,0.0
488617,CCC,2014J,0.9420595667574752,75.71428571428571,0.0
489990,CCC,2014J,0.78477854558411,50.833333333333336,390.0
490313,CCC,2014J,0.7570723540877006,58.0,421.0
490394,CCC,2014J,0.7587048115604614,55.8,420.0
490542,CCC,2014J,0.9703505347484379,75.71428571428571,0.0
491033,CCC,2014J,0.9687740005157021,75.71428571428571,108.0
494911,CCC,2014J,0.8442445822733391,44.0,59.0
497536,CCC,2014J,0.8506095653601671,33.0,195.0
498225,CCC,2014J,0.9604583392562934,75.71428571428571,17.0
499683,CCC,2014J,0.8067719553158476,33.0,278.0
499848,CCC,2014J,0.7020480317779821,42.2,845.0
500031,CCC,2014J,0.9510876234949004,75.71428571428571,1.0
500339,CCC,2014J,0.9452595709150796,75.71428571428571,219.0
500440,CCC,2014J,0.7089627320147254,75.5,212.0
501897,CCC,2014J,0.8126249884320467,59.4,92.0
502353,CCC,2014J,0.8481388755362655,5.0,215.0
503400,CCC,2014J,0.9666797665082801,75.71428571428571,19.0
505930,CCC,2014J,0.8509565758968389,75.71428571428571,427.0
505967,CCC,2014J,0.8792713546541089,100.0,179.0
507031,CCC,2014J,0.9722580753855629,75.71428571428571,66.0
508295,CCC,2014J,0.7348812926621323,66.21428571428571,240.0
508775,CCC,2014J,0.7513171654480314,33.0,947.0
509148,CCC,2014J,0.7058265176243244,70.5,204.0
509177,CCC,2014J,0.9731870860832271,75.71428571428571,15.0
509710,CCC,2014J,0.8392026506897983,23.5,242.0
510846,CCC,2014J,0.9489829023026207,75.71428571428571,105.0
511350,CCC,2014J,0.8505585139941512,47.90909090909091,176.0
511859,CCC,2014J,0.9604846291041567,75.71428571428571,0.0
512330,CCC,2014J,0.8773270366050074,44.0,77.0
512546,CCC,2014J,0.9607536253596051,75.71428571428571,166.0
513918,CCC,2014J,0.9467004203735536,75.71428571428571,0.0
514504,CCC,2014J,0.7657923832076169,50.75,460.0
515125,CCC,2014J,0.7336935484371861,53.75,576.0
515734,CCC,2014J,0.7834086573808047,41.111111111111114,1086.0
517223,CCC,2014J,0.7841260759554761,60.333333333333336,100.0
518503,CCC,2014J,0.7054305168846946,67.0,169.0
519057,CCC,2014J,0.7399044603449926,59.888888888888886,342.0
519879,CCC,2014J,0.9489829023026207,75.71428571428571,105.0
520750,CCC,2014J,0.9627339242153229,75.71428571428571,173.0
520854,CCC,2014J,0.9722580753855629,75.71428571428571,16.0
522004,CCC,2014J,0.8070827733139329,6.5,275.0
522754,CCC,2014J,0.7255970938505117,54.875,301.0
522924,CCC,2014J,0.8164284493704169,32.0,433.0
523239,CCC,2014J,0.8386295115906567,49.75,423.0
523817,CCC,2014J,0.8310074023931429,57.0,63.0
524170,CCC,2014J,0.7826861749900036,56.0,244.0
524276,CCC,2014J,0.8383890455332639,29.0,195.0
524851,CCC,2014J,0.9666797665082801,75.71428571428571,51.0
525060,CCC,2014J,0.9537164367067068,75.71428571428571,213.0
526132,CCC,2014J,0.9483596937467038,75.71428571428571,100.0
526235,CCC,2014J,0.7064676847113879,45.18181818181818,1037.0
526441,CCC,2014J,0.7978951172205282,43.333333333333336,672.0
527958,CCC,2014J,0.8440534310010781,33.2,366.0
528700,CCC,2014J,0.9525756448036908,75.71428571428571,216.0
529179,CCC,2014J,0.9731870860832271,75.71428571428571,1.0
529723,CCC,2014J,0.7220958718622319,68.15384615384616,170.0
531674,CCC,2014J,0.9420595667574752,75.71428571428571,0.0
532649,CCC,2014J,0.7982665248991232,58.0,157.0
532744,CCC,2014J,0.9604846291041567,75.71428571428571,0.0
533512,CCC,2014J,0.7287228684291829,55.4,325.0
533689,CCC,2014J,0.8077852696650666,47.333333333333336,365.0
534074,CCC,2014J,0.9681371361754637,75.71428571428571,89.0
536736,CCC,2014J,0.8395577967754098,44.0,266.0
536825,CCC,2014J,0.8455487205785548,44.0,126.0
539408,CCC,2014J,0.8247382332338954,33.0,375.0
540885,CCC,2014J,0.9709370633458453,75.71428571428571,0.0
542134,CCC,2014J,0.9489829023026207,75.71428571428571,87.0
543653,CCC,2014J,0.7005398349008708,64.5,198.0
544071,CCC,2014J,0.8954963237836939,75.71428571428571,330.0
544319,CCC,2014J,0.7062248521608544,68.0,42.0
544720,CCC,2014J,0.8247142874304163,46.75,277.0
546139,CCC,2014J,0.8324430602393604,25.0,228.0
546400,CCC,2014J,0.9689979935628061,75.71428571428571,54.0
547506,CCC,2014J,0.7118488468021761,71.07692307692308,224.0
548922,CCC,2014J,0.7267252947475287,67.0,101.0
549677,CCC,2014J,0.7154352070099489,56.0,527.0
551589,CCC,2014J,0.9604052658984056,75.71428571428571,162.0
551772,CCC,2014J,0.723469118716557,53.5,519.0
552220,CCC,2014J,0.7299558619095754,38.42857142857143,725.0
552255,CCC,2014J,0.8039969323145486,48.857142857142854,414.0
552475,CCC,2014J,0.9627339242153229,75.71428571428571,170.0
552666,CCC,2014J,0.8407349124702912,38.333333333333336,394.0
554444,CCC,2014J,0.8156280264657237,20.0,210.0
556450,CCC,2014J,0.9517636542337519,75.71428571428571,117.0
556476,CCC,2014J,0.821795987887886,16.0,933.0
556788,CCC,2014J,0.9394434023360015,75.71428571428571,5.0
557608,CCC,2014J,0.731589379300987,61.333333333333336,264.0
560399,CCC,2014J,0.7359538520161821,73.91666666666667,97.0
560554,CCC,2014J,0.8357427084429401,41.0,271.0
561113,CCC,2014J,0.7206966318282423,60.333333333333336,294.0
563430,CCC,2014J,0.9510876234949004,75.71428571428571,6.0
563951,CCC,2014J,0.9288809770947846,75.71428571428571,246.0
564649,CCC,2014J,0.7493853448634382,37.8,772.0
564931,CCC,2014J,0.7201461671460634,71.5,176.0
565066,CCC,2014J,0.7258188679353181,49.6,721.0
565707,CCC,2014J,0.9612096099414275,75.71428571428571,0.0
565840,CCC,2014J,0.8374137463249963,42.3,488.0
568307,CCC,2014J,0.831289736080566,24.333333333333332,290.0
569132,CCC,2014J,0.7721841954381894,57.5,0.0
570895,CCC,2014J,0.9654251132701362,75.71428571428571,74.0
570997,CCC,2014J,0.8068031558601599,48.0,312.0
571950,CCC,2014J,0.7442870015718234,51.25,608.0
572250,CCC,2014J,0.7620928587520386,75.66666666666667,39.0
572589,CCC,2014J,0.7144089265841813,68.14285714285714,207.0
572659,CCC,2014J,0.941347145365399,75.71428571428571,179.0
572816,CCC,2014J,0.8719821287257749,33.0,120.0
573473,CCC,2014J,0.7144614192367026,45.8,654.0
573481,CCC,2014J,0.7467423494947115,67.0,64.0
574056,CCC,2014J,0.7363229932406276,68.75,25.0
574891,CCC,2014J,0.9731870860832271,75.71428571428571,45.0
577149,CCC,2014J,0.7148246500779537,65.76923076923077,238.0
580722,CCC,2014J,0.7072689388120884,65.25,343.0
581770,CCC,2014J,0.7030474115485345,72.3076923076923,231.0
582340,CCC,2014J,0.9420595667574752,75.71428571428571,0.0
582395,CCC,2014J,0.7291407349370287,70.8,231.0
582530,CCC,2014J,0.7082509697619966,61.25,359.0
583288,CCC,2014J,0.7531385271699658,48.666666666666664,643.0
584281,CCC,2014J,0.7229464900709779,56.0,488.0
584711,CCC,2014J,0.7262019214148041,61.0,170.0
585911,CCC,2014J,0.9420595667574752,75.71428571428571,0.0
586233,CCC,2014J,0.7778918966069799,66.45454545454545,52.0
586550,CCC,2014J,0.742091072077599,61.77777777777778,224.0
587377,CCC,2014J,0.7613096913089512,57.75,307.0
587900,CCC,2014J,0.9420595667574752,75.71428571428571,0.0
589441,CCC,2014J,0.8288270296109641,50.666666666666664,190.0
590974,CCC,2014J,0.7444717068934034,64.0,412.0
591619,CCC,2014J,0.8207505434919902,54.0,280.0
591655,CCC,2014J,0.8468624541240178,56.857142857142854,95.0
591733,CCC,2014J,0.7763445634503732,44.833333333333336,510.0
592124,CCC,2014J,0.9616447239763742,75.71428571428571,1.0
592805,CCC,2014J,0.9666797665082801,75.71428571428571,3.0
592951,CCC,2014J,0.7439810998809275,67.0,92.0
594052,CCC,2014J,0.7110437947039142,69.8,400.0
594214,CCC,2014J,0.7263542353359896,56.0,374.0
594627,CCC,2014J,0.7467423494947115,67.0,36.0
596052,CCC,2014J,0.7796122743835404,64.0,11.0
596245,CCC,2014J,0.9604846291041567,75.71428571428571,0.0
596860,CCC,2014J,0.7359538520161821,74.66666666666667,106.0
597166,CCC,2014J,0.787770802132068,44.0,499.0
598887,CCC,2014J,0.7350927097303932,70.4,29.0
599084,CCC,2014J,0.743667541446759,100.0,654.0
599297,CCC,2014J,0.7953199600705192,59.5,144.0
599461,CCC,2014J,0.9731870860832271,75.71428571428571,50.0
599976,CCC,2014J,0.9643585634274505,75.71428571428571,84.0
600042,CCC,2014J,0.9731870860832271,75.71428571428571,11.0
601753,CCC,2014J,0.7625496130072686,44.0,748.0
602030,CCC,2014J,0.7855052626211253,38.142857142857146,1164.0
602585,CCC,2014J,0.9656216121474575,75.71428571428571,134.0
602806,CCC,2014J,0.9588064839383145,75.71428571428571,0.0
603728,CCC,2014J,0.9325408288639665,75.71428571428571,0.0
604340,CCC,2014J,0.9420595667574752,75.71428571428571,0.0
605459,CCC,2014J,0.7263369307655464,75.64285714285714,219.0
606036,CCC,2014J,0.8547144043517301,33.0,199.0
608669,CCC,2014J,0.8574807423118365,75.71428571428571,331.0
608821,CCC,2014J,0.9489829023026207,75.71428571428571,105.0
609044,CCC,2014J,0.822302303203753,44.666666666666664,253.0
610537,CCC,2014J,0.8346032992540151,35.8,358.0
610622,CCC,2014J,0.8747690924319638,37.5,178.0
611173,CCC,2014J,0.7781477225630923,52.166666666666664,312.0
611465,CCC,2014J,0.9679523038968979,75.71428571428571,0.0
611520,CCC,2014J,0.7048450516565112,45.75,894.0
611852,CCC,2014J,0.9510876234949004,75.71428571428571,1.0
612179,CCC,2014J,0.7199968637470566,53.111111111111114,452.0
612283,CCC,2014J,0.8151699638807212,30.666666666666668,511.0
614623,CCC,2014J,0.9604846291041567,75.71428571428571,0.0
617327,CCC,2014J,0.7222220008720095,46.77777777777778,585.0
617341,CCC,2014J,0.9731870860832271,75.71428571428571,46.0
619472,CCC,2014J,0.8724052666220653,22.0,57.0
621001,CCC,2014J,0.9715501875262137,75.71428571428571,75.0
621442,CCC,2014J,0.7262787849656114,55.8,416.0
622027,CCC,2014J,0.7947196091367584,51.42857142857143,326.0
622086,CCC,2014J,0.7969456929713027,49.0,450.0
622384,CCC,2014J,0.8711043610136998,43.666666666666664,173.0
623002,CCC,2014J,0.9467004203735536,75.71428571428571,0.0
623407,CCC,2014J,0.9236694695773687,75.71428571428571,255.0
623523,CCC,2014J,0.9545819152472932,75.71428571428571,0.0
624354,CCC,2014J,0.826398416564918,23.142857142857142,345.0
624730,CCC,2014J,0.8255516423713695,28.6,330.0
624957,CCC,2014J,0.8028188266763493,27.75,365.0
625288,CCC,2014J,0.7298647104436674,54.0,543.0
625928,CCC,2014J,0.84164332923886,9.0,290.0
626463,CCC,2014J,0.7286790250450496,67.125,253.0
627290,CCC,2014J,0.7578582378059713,43.0,589.0
627581,CCC,2014J,0.8153205550140372,37.44444444444444,993.0
628618,CCC,2014J,0.7826861749900036,56.666666666666664,248.0
628706,CCC,2014J,0.8680149463145657,22.5,143.0
628803,CCC,2014J,0.7658466095443035,65.91666666666667,240.0
629056,CCC,2014J,0.8307571605026787,35.0,513.0
629822,CCC,2014J,0.7243412618966638,51.375,508.0
630200,CCC,2014J,0.7456041618155688,48.36842105263158,884.0
630510,CCC,2014J,0.9709370633458453,75.71428571428571,0.0
630891,CCC,2014J,0.7987864300795573,39.07692307692308,504.0
632134,CCC,2014J,0.8353289361973093,60.0,115.0
632260,CCC,2014J,0.744882342057698,67.0,151.0
633047,CCC,2014J,0.7785579796329287,59.53333333333333,173.0
633198,CCC,2014J,0.7356987642089411,53.25,337.0
633205,CCC,2014J,0.7598474011500028,72.45454545454545,6.0
633238,CCC,2014J,0.7996397201646864,57.642857142857146,159.0
634655,CCC,2014J,0.9670354524653132,75.71428571428571,78.0
635410,CCC,2014J,0.8549475676077124,51.833333333333336,92.0
636243,CCC,2014J,0.8331074743776987,47.5,234.0
636420,CCC,2014J,0.8231897334220547,33.0,673.0
636628,CCC,2014J,0.7717612007005334,67.0,108.0
636743,CCC,2014J,0.9420595667574752,75.71428571428571,0.0
637086,CCC,2014J,0.9545819152472932,75.71428571428571,0.0
637089,CCC,2014J,0.7727695628559714,53.75,374.0
637325,CCC,2014J,0.8613093661904838,6.0,147.0
637939,CCC,2014J,0.8108344824007995,33.25,0.0
638040,CCC,2014J,0.9722580753855629,75.71428571428571,29.0
638243,CCC,2014J,0.7453311978277263,67.0,223.0
638426,CCC,2014J,0.9260064023743269,75.71428571428571,275.0
638504,CCC,2014J,0.8016167963327527,22.0,339.0
639176,CCC,2014J,0.8688150055280756,75.71428571428571,435.0
639232,CCC,2014J,0.9722580753855629,75.71428571428571,1.0
640443,CCC,2014J,0.962277938035908,75.71428571428571,0.0
640662,CCC,2014J,0.9545819152472932,75.71428571428571,0.0
641347,CCC,2014J,0.7040296101786739,49.8,643.0
641684,CCC,2014J,0.8499469099979055,28.5,241.0
642066,CCC,2014J,0.7694230999150534,56.666666666666664,355.0
642261,CCC,2014J,0.9666797665082801,75.71428571428571,5.0
642627,CCC,2014J,0.9731870860832271,75.71428571428571,13.0
642744,CCC,2014J,0.7016106065651028,74.33333333333333,216.0
642790,CCC,2014J,0.8310698825348396,56.0,57.0
643114,CCC,2014J,0.9588064839383145,75.71428571428571,0.0
643200,CCC,2014J,0.9641798066203896,75.71428571428571,141.0
643269,CCC,2014J,0.9604846291041567,75.71428571428571,0.0
643278,CCC,2014J,0.9420595667574752,75.71428571428571,0.0
643357,CCC,2014J,0.9604846291041567,75.71428571428571,0.0
643690,CCC,2014J,0.8510946679021866,49.5,215.0
643757,CCC,2014J,0.8270535855940263,57.0,121.0
644453,CCC,2014J,0.9545819152472932,75.71428571428571,0.0
644516,CCC,2014J,0.7048368943589012,72.2,208.0
645160,CCC,2014J,0.8726754686815543,11.0,56.0
645353,CCC,2014J,0.9778965587602343,75.71428571428571,127.0
645481,CCC,2014J,0.9467004203735536,75.71428571428571,0.0
645710,CCC,2014J,0.9604846291041567,75.71428571428571,0.0
645867,CCC,2014J,0.8958279776407858,75.71428571428571,363.0
646077,CCC,2014J,0.9716235341701983,75.71428571428571,5.0
646359,CCC,2014J,0.7060733637026586,43.333333333333336,993.0
646413,CCC,2014J,0.7028878014975255,53.333333333333336,610.0
646459,CCC,2014J,0.7236119555285143,57.0,465.0
646628,CCC,2014J,0.9510876234949004,75.71428571428571,7.0
646689,CCC,2014J,0.8912144403066603,75.71428571428571,346.0
646739,CCC,2014J,0.9604846291041567,75.71428571428571,0.0
646747,CCC,2014J,0.9420595667574752,75.71428571428571,0.0
646751,CCC,2014J,0.9325408288639665,75.71428571428571,0.0
646938,CCC,2014J,0.9604846291041567,75.71428571428571,0.0
647184,CCC,2014J,0.9722580753855629,75.71428571428571,18.0
647684,CCC,2014J,0.8455487205785548,44.0,119.0
647735,CCC,2014J,0.8360289368007328,17.5,174.0
647887,CCC,2014J,0.9510876234949004,75.71428571428571,22.0
647947,CCC,2014J,0.91631998933988,75.71428571428571,286.0
648314,CCC,2014J,0.9709695423649235,75.71428571428571,83.0
648448,CCC,2014J,0.9537164367067068,75.71428571428571,206.0
648477,CCC,2014J,0.9604846291041567,75.71428571428571,0.0
648521,CCC,2014J,0.9545819152472932,75.71428571428571,0.0
648605,CCC,2014J,0.9604846291041567,75.71428571428571,0.0
648606,CCC,2014J,0.928730159898958,75.71428571428571,250.0
648625,CCC,2014J,0.9420595667574752,75.71428571428571,0.0
648819,CCC,2014J,0.9722580753855629,75.71428571428571,5.0
648833,CCC,2014J,0.9801834957079505,75.71428571428571,25.0
648868,CCC,2014J,0.8693983338858637,33.0,204.0
648872,CCC,2014J,0.7237755434342219,67.0,190.0
649001,CCC,2014J,0.7996322329652424,39.0,532.0
649248,CCC,2014J,0.9731870860832271,75.71428571428571,65.0
649394,CCC,2014J,0.9722580753855629,75.71428571428571,7.0
649523,CCC,2014J,0.9604846291041567,75.71428571428571,0.0
649607,CCC,2014J,0.8574040619910853,25.0,253.0
649701,CCC,2014J,0.9722580753855629,75.71428571428571,5.0
649856,CCC,2014J,0.8371326459631487,100.0,297.0
650070,CCC,2014J,0.9582867198052278,75.71428571428571,0.0
650074,CCC,2014J,0.9722580753855629,75.71428571428571,7.0
650105,CCC,2014J,0.7397760902987001,51.0,491.0
650133,CCC,2014J,0.8109318629875955,56.0,102.0
650163,CCC,2014J,0.9420595667574752,75.71428571428571,0.0
650414,CCC,2014J,0.9604052658984056,75.71428571428571,175.0
650544,CCC,2014J,0.972479198223878,75.71428571428571,75.0
650787,CCC,2014J,0.7851909418757201,48.875,447.0
650838,CCC,2014J,0.9648945906168106,75.71428571428571,137.0
651156,CCC,2014J,0.9722580753855629,75.71428571428571,2.0
651187,CCC,2014J,0.972520431542183,75.71428571428571,9.0
651236,CCC,2014J,0.9666797665082801,75.71428571428571,10.0
651267,CCC,2014J,0.73616123145877,0.0,1018.0
651298,CCC,2014J,0.9420595667574752,75.71428571428571,0.0
651325,CCC,2014J,0.9702012771093199,75.71428571428571,107.0
651371,CCC,2014J,0.9420595667574752,75.71428571428571,0.0
651616,CCC,2014J,0.9604052658984056,75.71428571428571,193.0
651651,CCC,2014J,0.9604846291041567,75.71428571428571,0.0
651839,CCC,2014J,0.9708273622701369,75.71428571428571,84.0
651963,CCC,2014J,0.9715501875262137,75.71428571428571,78.0
652406,CCC,2014J,0.9604846291041567,75.71428571428571,0.0
652570,CCC,2014J,0.9420595667574752,75.71428571428571,0.0
652571,CCC,2014J,0.9510876234949004,75.71428571428571,14.0
652945,CCC,2014J,0.962277938035908,75.71428571428571,0.0
652994,CCC,2014J,0.7732994196505494,61.30769230769231,71.0
653062,CCC,2014J,0.9703505347484379,75.71428571428571,0.0
653177,CCC,2014J,0.8412471225826152,33.333333333333336,332.0
653352,CCC,2014J,0.728903470507905,54.0,571.0
653506,CCC,2014J,0.8279367324510173,48.0,268.0
653726,CCC,2014J,0.9510876234949004,75.71428571428571,43.0
653977,CCC,2014J,0.9545819152472932,75.71428571428571,0.0
654095,CCC,2014J,0.9722580753855629,75.71428571428571,25.0
654202,CCC,2014J,0.9489829023026207,75.71428571428571,114.0
654258,CCC,2014J,0.9666797665082801,75.71428571428571,6.0
654407,CCC,2014J,0.972520431542183,75.71428571428571,2.0
654671,CCC,2014J,0.969821548548991,75.71428571428571,98.0
654755,CCC,2014J,0.8338956535649277,35.5,188.0
654828,CCC,2014J,0.9604846291041567,75.71428571428571,0.0
654888,CCC,2014J,0.9731870860832271,75.71428571428571,1.0
654960,CCC,2014J,0.9604846291041567,75.71428571428571,0.0
655293,CCC,2014J,0.971725562331521,75.71428571428571,73.0
655408,CCC,2014J,0.8072198017032409,33.0,282.0
655484,CCC,2014J,0.7401852641636302,69.5,208.0
655627,CCC,2014J,0.9604846291041567,75.71428571428571,0.0
655761,CCC,2014J,0.9604846291041567,75.71428571428571,0.0
655953,CCC,2014J,0.962277938035908,75.71428571428571,0.0
656026,CCC,2014J,0.9722580753855629,75.71428571428571,44.0
656068,CCC,2014J,0.9722580753855629,75.71428571428571,32.0
656535,CCC,2014J,0.9722580753855629,75.71428571428571,1.0
656634,CCC,2014J,0.8565304952359497,100.0,254.0
656878,CCC,2014J,0.9604846291041567,75.71428571428571,0.0
656978,CCC,2014J,0.9604846291041567,75.71428571428571,0.0
657211,CCC,2014J,0.9722580753855629,75.71428571428571,5.0
674814,CCC,2014J,0.9709370633458453,75.71428571428571,0.0
675116,CCC,2014J,0.9709370633458453,75.71428571428571,0.0
675441,CCC,2014J,0.9491250823974074,75.71428571428571,71.0
675758,CCC,2014J,0.9420595667574752,75.71428571428571,0.0
675915,CCC,2014J,0.7258656595979898,28.5,1363.0
676150,CCC,2014J,0.9489829023026207,75.71428571428571,87.0
676366,CCC,2014J,0.9604846291041567,75.71428571428571,0.0
676469,CCC,2014J,0.7110807227553493,73.25,144.0
676736,CCC,2014J,0.9604846291041567,75.71428571428571,0.0
676760,CCC,2014J,0.9666797665082801,75.71428571428571,52.0
676783,CCC,2014J,0.7878384480554306,45.0,294.0
676884,CCC,2014J,0.9545819152472932,75.71428571428571,0.0
677270,CCC,2014J,0.9604052658984056,75.71428571428571,166.0
677323,CCC,2014J,0.9420595667574752,75.71428571428571,0.0
677566,CCC,2014J,0.9604846291041567,75.71428571428571,0.0
677721,CCC,2014J,0.9709370633458453,75.71428571428571,0.0
677887,CCC,2014J,0.9537164367067068,75.71428571428571,210.0
678090,CCC,2014J,0.9731870860832271,75.71428571428571,4.0
678382,CCC,2014J,0.9604846291041567,75.71428571428571,0.0
678474,CCC,2014J,0.9722580753855629,75.71428571428571,34.0
678811,CCC,2014J,0.9604846291041567,75.71428571428571,0.0
678843,CCC,2014J,0.9510876234949004,75.71428571428571,16.0
679037,CCC,2014J,0.9604846291041567,75.71428571428571,0.0
679271,CCC,2014J,0.8465009272598568,41.0,135.0
679325,CCC,2014J,0.9722580753855629,75.71428571428571,2.0
679363,CCC,2014J,0.7913120091165097,47.0,267.0
679468,CCC,2014J,0.9722580753855629,75.71428571428571,55.0
679539,CCC,2014J,0.9510876234949004,75.71428571428571,59.0
680145,CCC,2014J,0.7040075463121955,64.3529411764706,389.0
680222,CCC,2014J,0.8679118405506575,0.0,213.0
680333,CCC,2014J,0.9588064839383145,75.71428571428571,0.0
680698,CCC,2014J,0.9722580753855629,75.71428571428571,2.0
681704,CCC,2014J,0.9420595667574752,75.71428571428571,0.0
681789,CCC,2014J,0.9420595667574752,75.71428571428571,0.0
681844,CCC,2014J,0.941347145365399,75.71428571428571,172.0
681966,CCC,2014J,0.739002975170258,67.0,139.0
682041,CCC,2014J,0.9722580753855629,75.71428571428571,3.0
682212,CCC,2014J,0.9420595667574752,75.71428571428571,0.0
682309,CCC,2014J,0.7181257736282114,73.5,82.0
682565,CCC,2014J,0.9803438384252088,75.71428571428571,8.0
683073,CCC,2014J,0.9545819152472932,75.71428571428571,0.0
683203,CCC,2014J,0.9325408288639665,75.71428571428571,0.0
683220,CCC,2014J,0.9666180838583784,75.71428571428571,181.0
683449,CCC,2014J,0.962277938035908,75.71428571428571,0.0
683865,CCC,2014J,0.7089363982977875,67.0,120.0
683912,CCC,2014J,0.9604846291041567,75.71428571428571,0.0
684208,CCC,2014J,0.9510876234949004,75.71428571428571,6.0
684313,CCC,2014J,0.9604846291041567,75.71428571428571,0.0
684498,CCC,2014J,0.8120396899184622,46.5,401.0
684617,CCC,2014J,0.7923185779672974,56.0,183.0
685557,CCC,2014J,0.799467266955606,56.0,140.0
685663,CCC,2014J,0.9545819152472932,75.71428571428571,0.0
685750,CCC,2014J,0.9792860327686289,75.71428571428571,10.0
685802,CCC,2014J,0.9687740005157021,75.71428571428571,103.0
685952,CCC,2014J,0.8194768135001389,56.0,138.0
686003,CCC,2014J,0.977736216042976,75.71428571428571,100.0
686034,CCC,2014J,0.8306873605771457,56.0,127.0
686071,CCC,2014J,0.9420595667574752,75.71428571428571,0.0
686813,CCC,2014J,0.9733056234188519,75.71428571428571,11.0
686877,CCC,2014J,0.9588064839383145,75.71428571428571,0.0
687146,CCC,2014J,0.9731870860832271,75.71428571428571,49.0
687283,CCC,2014J,0.9420595667574752,75.71428571428571,0.0
687319,CCC,2014J,0.9709370633458453,75.71428571428571,0.0
687345,CCC,2014J,0.7419950609933739,70.33333333333333,84.0
687348,CCC,2014J,0.8766504842752744,75.71428571428571,386.0
687953,CCC,2014J,0.9420595667574752,75.71428571428571,0.0
688028,CCC,2014J,0.9722580753855629,75.71428571428571,5.0
688033,CCC,2014J,0.7595760270649627,47.0,665.0
688117,CCC,2014J,0.8315335846415998,33.0,380.0
688171,CCC,2014J,0.745941572893563,67.0,211.0
688271,CCC,2014J,0.9722580753855629,75.71428571428571,43.0
688297,CCC,2014J,0.9604846291041567,75.71428571428571,0.0
688537,CCC,2014J,0.8484702694494807,40.0,231.0
688672,CCC,2014J,0.9545819152472932,75.71428571428571,0.0
688776,CCC,2014J,0.962277938035908,75.71428571428571,0.0
688843,CCC,2014J,0.8409383921534586,37.666666666666664,564.0
689143,CCC,2014J,0.9527753376222604,75.71428571428571,210.0
689264,CCC,2014J,0.9604846291041567,75.71428571428571,0.0
689346,CCC,2014J,0.8533527487076753,46.666666666666664,171.0
689352,CCC,2014J,0.9722580753855629,75.71428571428571,3.0
689436,CCC,2014J,0.7151739286263527,99.0,236.0
689527,CCC,2014J,0.8445463524058816,34.333333333333336,265.0
689807,CCC,2014J,0.9604846291041567,75.71428571428571,0.0
690406,CCC,2014J,0.9722580753855629,75.71428571428571,51.0
690589,CCC,2014J,0.8244534807436743,32.77777777777778,654.0
690631,CCC,2014J,0.9803438384252088,75.71428571428571,3.0
690962,CCC,2014J,0.7307731248383028,73.83333333333333,199.0
691008,CCC,2014J,0.9604846291041567,75.71428571428571,0.0
691056,CCC,2014J,0.9779798020422612,75.71428571428571,2.0
691177,CCC,2014J,0.8246839731519995,56.0,135.0
691195,CCC,2014J,0.8158361927367763,16.555555555555557,595.0
691257,CCC,2014J,0.8324873053766453,50.0,252.0
692179,CCC,2014J,0.941347145365399,75.71428571428571,181.0
692219,CCC,2014J,0.7805318425032324,56.0,283.0
693147,CCC,2014J,0.9604052658984056,75.71428571428571,185.0
693456,CCC,2014J,0.9604846291041567,75.71428571428571,0.0
693836,CCC,2014J,0.9604846291041567,75.71428571428571,0.0
694536,CCC,2014J,0.8666611946072196,44.0,100.0
694705,CCC,2014J,0.7725918581343927,58.5,364.0
694807,CCC,2014J,0.7072949756757554,67.25,158.0
694914,CCC,2014J,0.8331226842342736,44.0,481.0
695369,CCC,2014J,0.8313722980957964,39.5,413.0
695643,CCC,2014J,0.8550749405181796,100.0,310.0
695760,CCC,2014J,0.9722580753855629,75.71428571428571,11.0
695976,CCC,2014J,0.9801834957079505,75.71428571428571,3.0
696234,CCC,2014J,0.8526048222806679,44.0,162.0
696253,CCC,2014J,0.9716235341701983,75.71428571428571,2.0
696848,CCC,2014J,0.9722580753855629,75.71428571428571,24.0
696930,CCC,2014J,0.7507562301484275,58.0,351.0
697120,CCC,2014J,0.9604846291041567,75.71428571428571,0.0
697460,CCC,2014J,0.7242677608107101,45.75,611.0
697490,CCC,2014J,0.9666180838583784,75.71428571428571,148.0
697511,CCC,2014J,0.9722580753855629,75.71428571428571,29.0
697554,CCC,2014J,0.9803438384252088,75.71428571428571,2.0
697948,CCC,2014J,0.7922246808214115,50.5,641.0
698112,CCC,2014J,0.7955691369681623,58.0,191.0
857856,CCC,2014J,0.8592920899003553,100.0,142.0
1118218,CCC,2014J,0.7101495445987221,67.0,293.0
1307784,CCC,2014J,0.764361486200943,58.666666666666664,324.0
1407549,CCC,2014J,0.9865073981543483,75.71428571428571,8.0
1439723,CCC,2014J,0.7327877679573601,25.333333333333332,749.0
1461795,CCC,2014J,0.7693041333084035,58.0,324.0
1468838,CCC,2014J,0.8207505434919902,55.8,273.0
1529458,CCC,2014J,0.8530340157124872,75.71428571428571,469.0
1639743,CCC,2014J,0.9420595667574752,75.71428571428571,0.0
1656486,CCC,2014J,0.7743745458229025,50.0,548.0
1719166,CCC,2014J,0.941347145365399,75.71428571428571,158.0
1744800,CCC,2014J,0.8726553011759818,11.0,193.0
1777834,CCC,2014J,0.9420595667574752,75.71428571428571,0.0
1829051,CCC,2014J,0.9706860015356891,75.71428571428571,0.0
1841267,CCC,2014J,0.8027570976499699,58.666666666666664,415.0
1864086,CCC,2014J,0.7131151924444878,65.14285714285714,147.0
1881041,CCC,2014J,0.9588064839383145,75.71428571428571,0.0
1937511,CCC,2014J,0.7061306269038807,60.0,606.0
1976004,CCC,2014J,0.9616447239763742,75.71428571428571,1.0
1986081,CCC,2014J,0.7738912667036718,44.0,571.0
2009279,CCC,2014J,0.7385650714604473,53.5,520.0
2030241,CCC,2014J,0.8373803027600658,23.333333333333332,359.0
2041743,CCC,2014J,0.9731870860832271,75.71428571428571,49.0
2063436,CCC,2014J,0.9538683754260314,75.71428571428571,18.0
2078353,CCC,2014J,0.7905213114343769,40.333333333333336,593.0
2101566,CCC,2014J,0.8297664567409234,33.0,466.0
2138904,CCC,2014J,0.9517636542337519,75.71428571428571,115.0
2147889,CCC,2014J,0.9510876234949004,75.71428571428571,63.0
2242383,CCC,2014J,0.8524025556475232,33.0,280.0
2244214,CCC,2014J,0.7076322599925718,67.0,64.0
2274929,CCC,2014J,0.8666611946072196,44.0,130.0
2297770,CCC,2014J,0.9666797665082801,75.71428571428571,5.0
2338535,CCC,2014J,0.7144363260231978,51.8,555.0
2373648,CCC,2014J,0.8140646786962751,56.0,170.0
2376717,CCC,2014J,0.9788949626873112,75.71428571428571,83.0
2405801,CCC,2014J,0.8302713261755518,44.0,205.0
2405934,CCC,2014J,0.7461476519070829,34.55555555555556,3013.0
2413037,CCC,2014J,0.7262909864216259,30.2,1563.0
2421961,CCC,2014J,0.7521825260653578,36.785714285714285,1214.0
2422258,CCC,2014J,0.9582867198052278,75.71428571428571,0.0
2424697,CCC,2014J,0.8816443973987166,75.71428571428571,233.0
2454119,CCC,2014J,0.97243345019087,75.71428571428571,36.0
2462862,CCC,2014J,0.8403674066068132,56.0,128.0
2470326,CCC,2014J,0.8685873854819048,20.25,678.0
2473058,CCC,2014J,0.860086409567448,20.0,171.0
2480654,CCC,2014J,0.9709370633458453,75.71428571428571,0.0
2500064,CCC,2014J,0.7135732388072461,52.25,635.0
2502882,CCC,2014J,0.9331038009656868,75.71428571428571,0.0
2504694,CCC,2014J,0.9582867198052278,75.71428571428571,0.0
2522932,CCC,2014J,0.7551494902390772,41.15384615384615,5983.0
2533650,CCC,2014J,0.7267252947475287,67.33333333333333,111.0
2588294,CCC,2014J,0.8339526303097793,44.0,217.0
2590948,CCC,2014J,0.7618275297424738,73.0,101.0
2595204,CCC,2014J,0.7219060604203712,34.42857142857143,1438.0
2595526,CCC,2014J,0.972520431542183,75.71428571428571,20.0
2598631,CCC,2014J,0.7732711202744511,56.0,201.0
2609069,CCC,2014J,0.8425916897113557,46.0,29.0
2612725,CCC,2014J,0.8958279776407858,75.71428571428571,363.0
2613225,CCC,2014J,0.9616447239763742,75.71428571428571,1.0
2619472,CCC,2014J,0.962277938035908,75.71428571428571,0.0
2630469,CCC,2014J,0.8015677868159924,56.0,152.0
2633981,CCC,2014J,0.9084938032402249,75.71428571428571,245.0
2655763,CCC,2014J,0.768506792612078,29.25,606.0
2672114,CCC,2014J,0.9545819152472932,75.71428571428571,0.0
52014,DDD,2013B,0.8505518860382939,37.333333333333336,349.0
53895,DDD,2013B,0.9689979935628061,75.71428571428571,65.0
55242,DDD,2013B,0.9510876234949004,75.71428571428571,13.0
57359,DDD,2013B,0.8985703463828517,75.71428571428571,217.0
72451,DDD,2013B,0.9420595667574752,75.71428571428571,0.0
76536,DDD,2013B,0.7766882678287401,66.25,18.0
90836,DDD,2013B,0.9578094435566038,75.71428571428571,205.0
94923,DDD,2013B,0.7411642634922037,61.0,444.0
94964,DDD,2013B,0.8300264887788444,39.666666666666664,199.0
95356,DDD,2013B,0.8293213269208985,47.583333333333336,281.0
96945,DDD,2013B,0.9731870860832271,75.71428571428571,9.0
110200,DDD,2013B,0.8454431727119998,49.833333333333336,157.0
111113,DDD,2013B,0.802508008678264,33.75,367.0
111360,DDD,2013B,0.8121137386512077,44.25,697.0
117862,DDD,2013B,0.9689979935628061,75.71428571428571,56.0
117939,DDD,2013B,0.7375983968556084,42.57142857142857,666.0
121000,DDD,2013B,0.8639816173870039,35.5,342.0
125677,DDD,2013B,0.963873780427445,75.71428571428571,0.0
126912,DDD,2013B,0.7482430976866072,62.42857142857143,0.0
128678,DDD,2013B,0.7610236265383066,42.45454545454545,782.0
131235,DDD,2013B,0.7282480865014958,37.0,744.0
131609,DDD,2013B,0.8319542891263778,30.0,454.0
138709,DDD,2013B,0.7971731407617239,33.0,702.0
141766,DDD,2013B,0.9773111132172037,75.71428571428571,7.0
142998,DDD,2013B,0.9716235341701983,75.71428571428571,7.0
144923,DDD,2013B,0.7250882813137304,67.0,311.0
146089,DDD,2013B,0.9510876234949004,75.71428571428571,1.0
147307,DDD,2013B,0.7422366335920222,63.0,221.0
160401,DDD,2013B,0.8626276682458589,47.0,86.0
162984,DDD,2013B,0.9144620629924434,40.0,93.0
167123,DDD,2013B,0.9549765660258571,75.71428571428571,0.0
167717,DDD,2013B,0.7831131442766796,46.285714285714285,286.0
168243,DDD,2013B,0.8938469252132478,30.0,161.0
178639,DDD,2013B,0.9420595667574752,75.71428571428571,0.0
191195,DDD,2013B,0.7202271042190095,57.45454545454545,556.0
191398,DDD,2013B,0.9865073981543483,75.71428571428571,13.0
191491,DDD,2013B,0.9420595667574752,75.71428571428571,0.0
196266,DDD,2013B,0.8612884474168426,46.5,178.0
196902,DDD,2013B,0.959814392839091,75.71428571428571,0.0
198470,DDD,2013B,0.7402882124571404,58.8,262.0
199782,DDD,2013B,0.8028188266763493,15.0,366.0
200588,DDD,2013B,0.8568197306734046,17.333333333333332,348.0
200957,DDD,2013B,0.8892230049019432,37.0,26.0
202506,DDD,2013B,0.8356646097409324,60.0,129.0
228543,DDD,2013B,0.9564198806241673,75.71428571428571,0.0
229057,DDD,2013B,0.8532609553116124,30.0,220.0
230052,DDD,2013B,0.7454113618645245,43.75,833.0
235584,DDD,2013B,0.7560467745348213,58.5,323.0
240936,DDD,2013B,0.7666180345077962,69.5,52.0
241971,DDD,2013B,0.9420595667574752,75.71428571428571,0.0
248511,DDD,2013B,0.7070774359689939,50.15384615384615,842.0
257110,DDD,2013B,0.8729030043212975,17.0,31.0
257369,DDD,2013B,0.9703505347484379,75.71428571428571,0.0
259750,DDD,2013B,0.9510876234949004,75.71428571428571,38.0
260639,DDD,2013B,0.8161311496652129,50.0,476.0
262396,DDD,2013B,0.775177261079345,59.0,164.0
266762,DDD,2013B,0.9493582126958082,75.71428571428571,222.0
270435,DDD,2013B,0.8373852013146833,32.0,588.0
270468,DDD,2013B,0.7957668399933714,53.0,168.0
272313,DDD,2013B,0.9723638512296061,75.71428571428571,122.0
284734,DDD,2013B,0.8870745989458952,32.0,51.0
292713,DDD,2013B,0.7198401871702091,59.4,321.0
292741,DDD,2013B,0.9731870860832271,75.71428571428571,19.0
297582,DDD,2013B,0.9467004203735536,75.71428571428571,0.0
304893,DDD,2013B,0.8544382615818449,29.142857142857142,181.0
305313,DDD,2013B,0.9792860327686289,75.71428571428571,31.0
305702,DDD,2013B,0.7897529393834563,50.625,352.0
307158,DDD,2013B,0.8214241341114185,51.666666666666664,266.0
307932,DDD,2013B,0.8477838451455145,19.666666666666668,261.0
308589,DDD,2013B,0.8356107656441601,48.22222222222222,270.0
308767,DDD,2013B,0.7356974098905313,61.625,460.0
310865,DDD,2013B,0.9665856967099501,75.71428571428571,160.0
312518,DDD,2013B,0.8290933516414032,63.0,63.0
316772,DDD,2013B,0.7252272617118942,64.0,0.0
321744,DDD,2013B,0.7943190361678163,48.2,248.0
323146,DDD,2013B,0.8310120136729674,53.888888888888886,287.0
325565,DDD,2013B,0.8899354572270484,22.5,52.0
329967,DDD,2013B,0.8544382615818449,17.0,185.0
331351,DDD,2013B,0.9731870860832271,75.71428571428571,7.0
334294,DDD,2013B,0.8178981677293936,61.333333333333336,230.0
335264,DDD,2013B,0.886425568810087,75.71428571428571,264.0
336112,DDD,2013B,0.7463465037612772,75.6,284.0
337048,DDD,2013B,0.8973327691782442,29.0,47.0
338669,DDD,2013B,0.8422552342991476,50.0,125.0
340399,DDD,2013B,0.8744003434977344,50.0,102.0
342176,DDD,2013B,0.9773111132172037,75.71428571428571,37.0
343427,DDD,2013B,0.9420595667574752,75.71428571428571,0.0
344367,DDD,2013B,0.711296086588173,42.0,1544.0
345313,DDD,2013B,0.8206354639426833,43.785714285714285,563.0
347210,DDD,2013B,0.9627339242153229,75.71428571428571,175.0
349145,DDD,2013B,0.9773111132172037,75.71428571428571,28.0
354050,DDD,2013B,0.8087977785299054,38.15384615384615,831.0
357576,DDD,2013B,0.772937771952835,47.75,475.0
357595,DDD,2013B,0.9703505347484379,75.71428571428571,0.0
360938,DDD,2013B,0.8521738506182044,15.0,93.0
364021,DDD,2013B,0.9062736434509744,43.0,55.0
364440,DDD,2013B,0.9788685354297134,75.71428571428571,0.0
368741,DDD,2013B,0.9510876234949004,75.71428571428571,1.0
379199,DDD,2013B,0.9718985530625877,75.71428571428571,82.0
380341,DDD,2013B,0.706762365653334,47.69230769230769,726.0
382339,DDD,2013B,0.7775480668164266,68.5,1.0
382408,DDD,2013B,0.9510876234949004,75.71428571428571,55.0
382947,DDD,2013B,0.8425319203806212,75.71428571428571,448.0
383643,DDD,2013B,0.9510876234949004,75.71428571428571,10.0
384026,DDD,2013B,0.8556498694947876,46.333333333333336,168.0
387335,DDD,2013B,0.7246446520933714,60.5,171.0
387652,DDD,2013B,0.9420595667574752,75.71428571428571,0.0
389076,DDD,2013B,0.965435631512911,75.71428571428571,91.0
390942,DDD,2013B,0.9668932723705265,75.71428571428571,111.0
391638,DDD,2013B,0.8117357459142782,52.25,184.0
393150,DDD,2013B,0.9689979935628061,75.71428571428571,15.0
394028,DDD,2013B,0.8197456056089639,59.25,149.0
394082,DDD,2013B,0.8643909468561705,39.5,197.0
395288,DDD,2013B,0.7462323057730156,52.44444444444444,421.0
400630,DDD,2013B,0.8232431697892985,60.42857142857143,121.0
402489,DDD,2013B,0.9779798020422612,75.71428571428571,20.0
404852,DDD,2013B,0.9678479820924134,75.71428571428571,0.0
405743,DDD,2013B,0.8002575177548902,60.0,243.0
405784,DDD,2013B,0.7002872503550147,35.25,3070.0
407595,DDD,2013B,0.8700018687886888,44.0,56.0
407838,DDD,2013B,0.800513453472032,34.0,460.0
409766,DDD,2013B,0.9846437381349378,75.71428571428571,15.0
411001,DDD,2013B,0.9431744641459093,75.71428571428571,151.0
412063,DDD,2013B,0.7937374949295186,36.125,429.0
412431,DDD,2013B,0.9703505347484379,75.71428571428571,0.0
412754,DDD,2013B,0.9675403527051906,75.71428571428571,1.0
413580,DDD,2013B,0.7047309103157582,55.75,482.0
416000,DDD,2013B,0.9820428596416652,75.71428571428571,0.0
417410,DDD,2013B,0.8869408036053055,40.0,90.0
417974,DDD,2013B,0.9546319150707708,75.71428571428571,203.0
421221,DDD,2013B,0.958883486134406,75.71428571428571,0.0
422164,DDD,2013B,0.7699460502308526,56.1,313.0
423474,DDD,2013B,0.9604846291041567,75.71428571428571,0.0
425136,DDD,2013B,0.8521738506182044,8.0,111.0
426094,DDD,2013B,0.8793054945360679,50.0,160.0
426137,DDD,2013B,0.8302954655863825,36.666666666666664,383.0
426701,DDD,2013B,0.9803438384252088,75.71428571428571,30.0
428411,DDD,2013B,0.9588064839383145,75.71428571428571,0.0
429833,DDD,2013B,0.7222220008720095,46.857142857142854,585.0
430055,DDD,2013B,0.9716235341701983,75.71428571428571,2.0
430516,DDD,2013B,0.781799466231318,74.66666666666667,29.0
431005,DDD,2013B,0.7098890429889927,52.6,638.0
432204,DDD,2013B,0.9420595667574752,75.71428571428571,0.0
435101,DDD,2013B,0.8599984235394929,57.0,71.0
436554,DDD,2013B,0.9738270383473427,75.71428571428571,123.0
437747,DDD,2013B,0.9550945399124948,75.71428571428571,0.0
439013,DDD,2013B,0.9510876234949004,75.71428571428571,45.0
440857,DDD,2013B,0.8483531075819876,42.666666666666664,322.0
442131,DDD,2013B,0.7229976865446485,59.0,379.0
443055,DDD,2013B,0.9300277292991204,75.71428571428571,287.0
443500,DDD,2013B,0.9773111132172037,75.71428571428571,40.0
443842,DDD,2013B,0.7404565729820182,51.25,449.0
445134,DDD,2013B,0.975847926099467,75.71428571428571,64.0
446814,DDD,2013B,0.7072218874558946,50.76923076923077,636.0
446836,DDD,2013B,0.9467004203735536,75.71428571428571,0.0
464596,DDD,2013B,0.9420595667574752,75.71428571428571,0.0
464615,DDD,2013B,0.9604846291041567,75.71428571428571,0.0
465068,DDD,2013B,0.7599563673889237,75.33333333333333,126.0
465399,DDD,2013B,0.9116213262686285,37.0,86.0
466158,DDD,2013B,0.8181896458222241,25.666666666666668,1053.0
468672,DDD,2013B,0.8151279164853125,46.5,373.0
470119,DDD,2013B,0.9510876234949004,75.71428571428571,30.0
470637,DDD,2013B,0.8707837318785926,27.125,313.0
474451,DDD,2013B,0.72750266870497,34.833333333333336,796.0
474966,DDD,2013B,0.9738270383473427,75.71428571428571,107.0
475443,DDD,2013B,0.8105844769371715,37.0,777.0
475480,DDD,2013B,0.7247784352022408,60.0,353.0
475604,DDD,2013B,0.9467004203735536,75.71428571428571,0.0
476093,DDD,2013B,0.9773111132172037,75.71428571428571,66.0
477160,DDD,2013B,0.9679523038968979,75.71428571428571,0.0
478744,DDD,2013B,0.8818055298240742,25.0,197.0
479347,DDD,2013B,0.7715098726316014,53.0,274.0
480972,DDD,2013B,0.9616663814098197,75.71428571428571,18.0
482117,DDD,2013B,0.8735721043654384,40.0,163.0
483470,DDD,2013B,0.8714232940208076,38.666666666666664,73.0
484266,DDD,2013B,0.7691850830047777,57.0,294.0
484754,DDD,2013B,0.9773111132172037,75.71428571428571,16.0
484999,DDD,2013B,0.7756204463965461,53.666666666666664,296.0
485532,DDD,2013B,0.9781994555246689,75.71428571428571,0.0
485943,DDD,2013B,0.9420595667574752,75.71428571428571,0.0
487267,DDD,2013B,0.8109044705175862,35.0,537.0
488694,DDD,2013B,0.9489829023026207,75.71428571428571,87.0
491885,DDD,2013B,0.9877206211367892,75.71428571428571,72.0
492177,DDD,2013B,0.8368703973970182,40.375,644.0
492993,DDD,2013B,0.8306374380426085,43.333333333333336,187.0
493365,DDD,2013B,0.9781994555246689,75.71428571428571,0.0
494806,DDD,2013B,0.9731870860832271,75.71428571428571,16.0
495298,DDD,2013B,0.8109318629875955,57.0,91.0
495786,DDD,2013B,0.97243345019087,75.71428571428571,66.0
496217,DDD,2013B,0.7285528863516406,54.5,383.0
497405,DDD,2013B,0.9715501875262137,75.71428571428571,78.0
497584,DDD,2013B,0.8770288928670915,34.0,80.0
497898,DDD,2013B,0.958883486134406,75.71428571428571,0.0
498432,DDD,2013B,0.7832839232184635,58.285714285714285,240.0
499246,DDD,2013B,0.7336658589218499,56.357142857142854,428.0
500522,DDD,2013B,0.8028505148593523,29.2,391.0
502736,DDD,2013B,0.8829055586936121,10.0,132.0
502903,DDD,2013B,0.9781994555246689,75.71428571428571,0.0
503100,DDD,2013B,0.8144416776006167,54.25,173.0
504246,DDD,2013B,0.9679523038968979,75.71428571428571,0.0
504602,DDD,2013B,0.78411642403809,54.0,283.0
507730,DDD,2013B,0.8541363917156972,11.5,44.0
509680,DDD,2013B,0.9510876234949004,75.71428571428571,2.0
509873,DDD,2013B,0.8842938275143319,47.0,92.0
510530,DDD,2013B,0.7027052678943457,27.5,1213.0
511109,DDD,2013B,0.9679523038968979,75.71428571428571,0.0
511271,DDD,2013B,0.9773111132172037,75.71428571428571,1.0
511514,DDD,2013B,0.9679523038968979,75.71428571428571,0.0
511544,DDD,2013B,0.8279831302064502,61.0,7.0
511958,DDD,2013B,0.941347145365399,75.71428571428571,163.0
512404,DDD,2013B,0.832685659785221,60.0,133.0
513246,DDD,2013B,0.7440493957896421,57.0,545.0
513396,DDD,2013B,0.7886295688828472,51.0,486.0
513773,DDD,2013B,0.7055972746181604,53.36363636363637,656.0
514028,DDD,2013B,0.9738270383473427,75.71428571428571,109.0
514218,DDD,2013B,0.9510876234949004,75.71428571428571,28.0
514300,DDD,2013B,0.8377014771281955,44.666666666666664,504.0
514633,DDD,2013B,0.8506624142555242,39.5,464.0
515812,DDD,2013B,0.9420595667574752,75.71428571428571,0.0
517726,DDD,2013B,0.8871594009039977,43.0,54.0
518097,DDD,2013B,0.7523673605766205,52.5,686.0
518155,DDD,2013B,0.7807545837554747,50.2,507.0
518451,DDD,2013B,0.9510876234949004,75.71428571428571,15.0
519491,DDD,2013B,0.9604846291041567,75.71428571428571,0.0
520026,DDD,2013B,0.9604846291041567,75.71428571428571,0.0
520092,DDD,2013B,0.962277938035908,75.71428571428571,0.0
520751,DDD,2013B,0.7887339612442313,41.666666666666664,517.0
521755,DDD,2013B,0.7292574938666522,44.0,1130.0
522739,DDD,2013B,0.9829906193659481,75.71428571428571,9.0
522878,DDD,2013B,0.7768023582978246,40.0,979.0
524020,DDD,2013B,0.7332915415673547,70.0,106.0
524374,DDD,2013B,0.8567673323764236,47.0,96.0
524731,DDD,2013B,0.9003769294882069,37.0,32.0
525762,DDD,2013B,0.7937680507127607,44.0,340.0
525854,DDD,2013B,0.9781994555246689,75.71428571428571,0.0
526392,DDD,2013B,0.7766882678287401,66.5,67.0
526426,DDD,2013B,0.9491250823974074,75.71428571428571,75.0
526699,DDD,2013B,0.8720436885810078,45.0,165.0
527081,DDD,2013B,0.8754401456764139,75.71428571428571,431.0
527403,DDD,2013B,0.9604846291041567,75.71428571428571,0.0
527533,DDD,2013B,0.7668805712119954,50.0,484.0
527789,DDD,2013B,0.972479198223878,75.71428571428571,80.0
528420,DDD,2013B,0.7858317820137315,24.5,661.0
528642,DDD,2013B,0.9679375468027203,75.71428571428571,134.0
529384,DDD,2013B,0.9604846291041567,75.71428571428571,0.0
529525,DDD,2013B,0.8890997607907138,27.0,84.0
529760,DDD,2013B,0.8541641768399364,38.5,189.0
529789,DDD,2013B,0.7085806302217403,65.0,157.0
529877,DDD,2013B,0.9739993855318783,75.71428571428571,19.0
530137,DDD,2013B,0.9545819152472932,75.71428571428571,0.0
530748,DDD,2013B,0.8361012586519145,30.1,305.0
530762,DDD,2013B,0.9731870860832271,75.71428571428571,57.0
530901,DDD,2013B,0.9545819152472932,75.71428571428571,0.0
531075,DDD,2013B,0.7951354725945705,22.0,848.0
531377,DDD,2013B,0.8367424311132148,49.5,105.0
531888,DDD,2013B,0.9627339242153229,75.71428571428571,150.0
532067,DDD,2013B,0.9722580753855629,75.71428571428571,44.0
532144,DDD,2013B,0.7696408718747562,52.714285714285715,538.0
532988,DDD,2013B,0.8531288443216282,37.0,63.0
533731,DDD,2013B,0.9510876234949004,75.71428571428571,39.0
533829,DDD,2013B,0.9489829023026207,75.71428571428571,84.0
534219,DDD,2013B,0.9420595667574752,75.71428571428571,0.0
535169,DDD,2013B,0.9420595667574752,75.71428571428571,0.0
535486,DDD,2013B,0.820506237202257,51.0,142.0
535620,DDD,2013B,0.7705010684101994,52.875,399.0
535747,DDD,2013B,0.9510876234949004,75.71428571428571,63.0
535789,DDD,2013B,0.9510876234949004,75.71428571428571,23.0
536145,DDD,2013B,0.8155659505159665,57.5,179.0
536696,DDD,2013B,0.7243834651374454,35.25,763.0
536999,DDD,2013B,0.877822261822645,75.71428571428571,296.0
537139,DDD,2013B,0.7013367253488744,45.92857142857143,672.0
537621,DDD,2013B,0.9491250823974074,75.71428571428571,75.0
538069,DDD,2013B,0.8521738506182044,9.0,126.0
538131,DDD,2013B,0.8329653786595402,100.0,359.0
538211,DDD,2013B,0.9444599654927714,75.71428571428571,140.0
539035,DDD,2013B,0.9510876234949004,75.71428571428571,63.0
539142,DDD,2013B,0.7869484701363951,42.55555555555556,460.0
539186,DDD,2013B,0.7991150956996032,38.4,721.0
539224,DDD,2013B,0.9420595667574752,75.71428571428571,0.0
539302,DDD,2013B,0.9420595667574752,75.71428571428571,0.0
540422,DDD,2013B,0.76911312673916,75.71428571428571,514.0
540530,DDD,2013B,0.7168657823228058,66.92307692307692,219.0
540547,DDD,2013B,0.7993231397744132,25.5,226.0
540759,DDD,2013B,0.731346820016412,27.0,751.0
540920,DDD,2013B,0.8475084746539259,27.5,133.0
541260,DDD,2013B,0.9722580753855629,75.71428571428571,23.0
541977,DDD,2013B,0.801644947663303,39.5,384.0
542394,DDD,2013B,0.7328473176367247,54.333333333333336,305.0
542476,DDD,2013B,0.7859551182275388,35.81818181818182,613.0
543231,DDD,2013B,0.8836076848413532,75.71428571428571,237.0
543383,DDD,2013B,0.9510876234949004,75.71428571428571,31.0
543421,DDD,2013B,0.8541363917156972,23.0,53.0
543446,DDD,2013B,0.9731870860832271,75.71428571428571,22.0
543482,DDD,2013B,0.7346871793323806,50.5,574.0
543663,DDD,2013B,0.8450779095800935,45.5,256.0
543683,DDD,2013B,0.9491250823974074,75.71428571428571,82.0
543749,DDD,2013B,0.7999315097207724,32.833333333333336,426.0
543845,DDD,2013B,0.9703505347484379,75.71428571428571,0.0
544063,DDD,2013B,0.826110320481676,47.75,171.0
544296,DDD,2013B,0.8589716774506297,43.0,148.0
544352,DDD,2013B,0.9498329702567565,75.71428571428571,70.0
544356,DDD,2013B,0.9570644719213213,75.71428571428571,195.0
544367,DDD,2013B,0.9510876234949004,75.71428571428571,18.0
544556,DDD,2013B,0.9420595667574752,75.71428571428571,0.0
544942,DDD,2013B,0.8100094480554805,16.0,263.0
544943,DDD,2013B,0.819916936726879,48.5,193.0
545115,DDD,2013B,0.7165608344822806,40.2,820.0
545201,DDD,2013B,0.9538683754260314,75.71428571428571,22.0
545770,DDD,2013B,0.9420595667574752,75.71428571428571,0.0
546293,DDD,2013B,0.8383671361188041,45.0,123.0
546403,DDD,2013B,0.7242677608107101,45.6,608.0
546747,DDD,2013B,0.9510876234949004,75.71428571428571,3.0
546861,DDD,2013B,0.9510876234949004,75.71428571428571,58.0
547252,DDD,2013B,0.7410887492841275,75.71428571428571,572.0
547486,DDD,2013B,0.7303336350092331,55.0,343.0
547522,DDD,2013B,0.9420595667574752,75.71428571428571,0.0
547787,DDD,2013B,0.9538683754260314,75.71428571428571,9.0
547897,DDD,2013B,0.9702012771093199,75.71428571428571,93.0
548132,DDD,2013B,0.7151061982806755,57.0,433.0
548371,DDD,2013B,0.7166449275262435,74.0,81.0
548420,DDD,2013B,0.9489829023026207,75.71428571428571,129.0
548650,DDD,2013B,0.8331989241689439,41.5,188.0
548679,DDD,2013B,0.937591564680466,75.71428571428571,197.0
548739,DDD,2013B,0.9538683754260314,75.71428571428571,24.0
548773,DDD,2013B,0.9491250823974074,75.71428571428571,73.0
548797,DDD,2013B,0.86820341973162,75.71428571428571,281.0
548872,DDD,2013B,0.7286878358450215,67.0,62.0
548993,DDD,2013B,0.8349405397412589,44.0,343.0
549156,DDD,2013B,0.9510876234949004,75.71428571428571,21.0
549334,DDD,2013B,0.9491250823974074,75.71428571428571,77.0
549354,DDD,2013B,0.7143070105491476,71.0,154.0
549498,DDD,2013B,0.9510876234949004,75.71428571428571,22.0
549575,DDD,2013B,0.9510876234949004,75.71428571428571,30.0
549897,DDD,2013B,0.7203123000113303,51.25,541.0
550183,DDD,2013B,0.8421700783949726,40.5,142.0
550205,DDD,2013B,0.9467004203735536,75.71428571428571,0.0
550348,DDD,2013B,0.8016167963327527,31.75,330.0
550371,DDD,2013B,0.8053537214267946,37.0,283.0
550521,DDD,2013B,0.9510876234949004,75.71428571428571,28.0
550657,DDD,2013B,0.937591564680466,75.71428571428571,199.0
550974,DDD,2013B,0.8456535000382026,39.5,116.0
551979,DDD,2013B,0.9510876234949004,75.71428571428571,40.0
552030,DDD,2013B,0.9510876234949004,75.71428571428571,40.0
552255,DDD,2013B,0.8039969323145486,48.857142857142854,414.0
552327,DDD,2013B,0.8486048170977999,43.0,120.0
552824,DDD,2013B,0.9510876234949004,75.71428571428571,30.0
552999,DDD,2013B,0.7055389269537956,56.166666666666664,497.0
553253,DDD,2013B,0.8442177753966404,50.0,61.0
553627,DDD,2013B,0.9510876234949004,75.71428571428571,41.0
553864,DDD,2013B,0.9489829023026207,75.71428571428571,128.0
554046,DDD,2013B,0.9545819152472932,75.71428571428571,0.0
554587,DDD,2013B,0.9510876234949004,75.71428571428571,68.0
554729,DDD,2013B,0.9510876234949004,75.71428571428571,63.0
555151,DDD,2013B,0.8511663032241352,37.0,129.0
555297,DDD,2013B,0.941347145365399,75.71428571428571,155.0
555360,DDD,2013B,0.7689805544455353,52.5,254.0
555408,DDD,2013B,0.7192066147010304,47.53333333333333,614.0
555428,DDD,2013B,0.9431744641459093,75.71428571428571,148.0
555497,DDD,2013B,0.7054305168846946,65.5,175.0
555772,DDD,2013B,0.7382637720926576,51.666666666666664,582.0
555830,DDD,2013B,0.9420595667574752,75.71428571428571,0.0
556369,DDD,2013B,0.7974439784285984,43.5,413.0
556713,DDD,2013B,0.9722580753855629,75.71428571428571,23.0
556739,DDD,2013B,0.9722580753855629,75.71428571428571,65.0
556756,DDD,2013B,0.8067719553158476,33.0,273.0
557005,DDD,2013B,0.8521738506182044,18.0,105.0
557083,DDD,2013B,0.9768387531036542,75.71428571428571,89.0
557247,DDD,2013B,0.7649971357580945,75.71428571428571,576.0
557467,DDD,2013B,0.7177246005871649,60.0,426.0
557504,DDD,2013B,0.8458424804022299,46.5,68.0
557706,DDD,2013B,0.9420595667574752,75.71428571428571,0.0
557752,DDD,2013B,0.8227401248594459,46.333333333333336,194.0
558123,DDD,2013B,0.9510876234949004,75.71428571428571,53.0
558134,DDD,2013B,0.8163426661111624,53.0,45.0
558308,DDD,2013B,0.7199968637470566,53.333333333333336,439.0
558317,DDD,2013B,0.9510876234949004,75.71428571428571,42.0
558488,DDD,2013B,0.7896970352557511,42.5,436.0
558626,DDD,2013B,0.7147442532888851,70.0,132.0
558779,DDD,2013B,0.8486048170977999,42.5,85.0
558817,DDD,2013B,0.9510876234949004,75.71428571428571,11.0
558954,DDD,2013B,0.9604846291041567,75.71428571428571,0.0
559261,DDD,2013B,0.9510876234949004,75.71428571428571,13.0
559410,DDD,2013B,0.7137278900501447,53.2,465.0
559459,DDD,2013B,0.7354522538475604,42.666666666666664,599.0
559823,DDD,2013B,0.728059533623204,56.125,353.0
559826,DDD,2013B,0.8910134927329306,75.71428571428571,228.0
559838,DDD,2013B,0.8604900015710958,75.71428571428571,360.0
559950,DDD,2013B,0.7158560725037479,43.333333333333336,700.0
560127,DDD,2013B,0.9731870860832271,75.71428571428571,26.0
560384,DDD,2013B,0.9510876234949004,75.71428571428571,66.0
564465,DDD,2013B,0.8302103498907689,51.5,69.0
879295,DDD,2013B,0.838091093502862,51.714285714285715,253.0
987203,DDD,2013B,0.9659293334742601,75.71428571428571,122.0
1060973,DDD,2013B,0.9604846291041567,75.71428571428571,0.0
1073372,DDD,2013B,0.9545819152472932,75.71428571428571,0.0
1107079,DDD,2013B,0.7434677112221434,74.66666666666667,151.0
1392016,DDD,2013B,0.7008802898975627,58.625,487.0
1534854,DDD,2013B,0.7732687004111333,56.833333333333336,287.0
1584449,DDD,2013B,0.7011141044698378,80.5,300.0
1587816,DDD,2013B,0.9604846291041567,75.71428571428571,0.0
1626418,DDD,2013B,0.7511033528889333,50.357142857142854,485.0
1638425,DDD,2013B,0.7874703553743077,48.5,459.0
1730611,DDD,2013B,0.925572621020223,75.71428571428571,288.0
1741838,DDD,2013B,0.8467336029238659,75.71428571428571,396.0
1841753,DDD,2013B,0.9461532838377518,75.71428571428571,0.0
1845093,DDD,2013B,0.7924517316314841,56.0,345.0
1879272,DDD,2013B,0.8368858481977246,36.333333333333336,160.0
1901165,DDD,2013B,0.9510876234949004,75.71428571428571,67.0
1922497,DDD,2013B,0.9679523038968979,75.71428571428571,0.0
1935774,DDD,2013B,0.9407166518729185,75.71428571428571,241.0
2034000,DDD,2013B,0.9420595667574752,75.71428571428571,0.0
2036685,DDD,2013B,0.7940024537326886,53.0,201.0
2046628,DDD,2013B,0.7572577066573983,41.0,2266.0
2141506,DDD,2013B,0.9679523038968979,75.71428571428571,0.0
2155857,DDD,2013B,0.9703505347484379,75.71428571428571,0.0
2191819,DDD,2013B,0.9731870860832271,75.71428571428571,16.0
2193231,DDD,2013B,0.8089839352644304,40.0,241.0
2214589,DDD,2013B,0.9139379552681932,75.71428571428571,331.0
2227786,DDD,2013B,0.7513592603376114,55.0,519.0
2229785,DDD,2013B,0.7442009055707725,61.0,246.0
2238679,DDD,2013B,0.8530324795944931,51.333333333333336,118.0
2267712,DDD,2013B,0.9431744641459093,75.71428571428571,150.0
2283212,DDD,2013B,0.9604890193424273,75.71428571428571,0.0
2298696,DDD,2013B,0.9420595667574752,75.71428571428571,0.0
2321898,DDD,2013B,0.9510876234949004,75.71428571428571,67.0
2350300,DDD,2013B,0.7609329982548604,69.25,177.0
2353766,DDD,2013B,0.8422552342991476,50.0,86.0
2421609,DDD,2013B,0.7270179091327345,55.0,472.0
2435965,DDD,2013B,0.8336822008745308,53.0,240.0
2454933,DDD,2013B,0.7254625072903615,47.888888888888886,955.0
2480562,DDD,2013B,0.9831104610465644,75.71428571428571,0.0
2505501,DDD,2013B,0.8153720299481912,57.84615384615385,143.0
2517826,DDD,2013B,0.9722580753855629,75.71428571428571,59.0
2526483,DDD,2013B,0.910655476700439,75.71428571428571,222.0
2531298,DDD,2013B,0.8352839873477059,33.285714285714285,295.0
2535493,DDD,2013B,0.9558432347653495,75.71428571428571,0.0
2546792,DDD,2013B,0.8016167963327527,19.0,353.0
2586026,DDD,2013B,0.8743395920618516,20.0,10.0
2604660,DDD,2013B,0.8538188679506982,39.75,404.0
2604698,DDD,2013B,0.8344676353564243,73.0,70.0
2607945,DDD,2013B,0.84171163997508,47.0,168.0
2614272,DDD,2013B,0.9420595667574752,75.71428571428571,0.0
2621590,DDD,2013B,0.764748686299862,54.0,221.0
2624569,DDD,2013B,0.7175397567645422,65.16666666666667,277.0
2628025,DDD,2013B,0.8090287330806654,43.333333333333336,223.0
2629511,DDD,2013B,0.9604846291041567,75.71428571428571,0.0
2632491,DDD,2013B,0.7897502942823,45.4,310.0
2640063,DDD,2013B,0.8400869349694906,48.0,166.0
2642830,DDD,2013B,0.7227304999116229,52.666666666666664,561.0
2643034,DDD,2013B,0.8711679959512725,75.71428571428571,341.0
2643777,DDD,2013B,0.8301712737582819,43.0,367.0
2648271,DDD,2013B,0.7036851112922063,60.0,463.0
2652066,DDD,2013B,0.9689979935628061,75.71428571428571,3.0
2656282,DDD,2013B,0.8351829724624922,43.666666666666664,405.0
2661870,DDD,2013B,0.787389904413275,51.333333333333336,378.0
2667605,DDD,2013B,0.9831864505589565,75.71428571428571,0.0
2685825,DDD,2013B,0.9467004203735536,75.71428571428571,0.0
2686609,DDD,2013B,0.8208794498472715,58.76923076923077,282.0
2692101,DDD,2013B,0.7692827154248737,55.2,344.0
2697773,DDD,2013B,0.9431744641459093,75.71428571428571,148.0
2707979,DDD,2013B,0.9604846291041567,75.71428571428571,0.0
2710343,DDD,2013B,0.9420595667574752,75.71428571428571,0.0
3733,DDD,2013J,0.9420595667574752,75.71428571428571,0.0
27417,DDD,2013J,0.7394755922983549,50.625,510.0
28046,DDD,2013J,0.705144557057029,49.42857142857143,661.0
30549,DDD,2013J,0.8609818886582672,35.0,137.0
33387,DDD,2013J,0.8060407395678125,59.0,248.0
33897,DDD,2013J,0.730996969815212,54.5,322.0
34653,DDD,2013J,0.8001324031010947,49.0,213.0
35859,DDD,2013J,0.9420595667574752,75.71428571428571,0.0
39411,DDD,2013J,0.7007963442328656,70.0,164.0
42818,DDD,2013J,0.8754730971894928,39.0,200.0
46633,DDD,2013J,0.9420595667574752,75.71428571428571,0.0
47063,DDD,2013J,0.8485703328950868,49.25,137.0
48152,DDD,2013J,0.7451807895924015,52.166666666666664,528.0
49530,DDD,2013J,0.9604890193424273,75.71428571428571,0.0
52494,DDD,2013J,0.9709370633458453,75.71428571428571,0.0
59275,DDD,2013J,0.7165327438449787,52.5,522.0
66047,DDD,2013J,0.8768142889003524,43.0,52.0
69489,DDD,2013J,0.9605004337718839,75.71428571428571,215.0
71209,DDD,2013J,0.7047309103157582,56.285714285714285,483.0
74130,DDD,2013J,0.9604890193424273,75.71428571428571,0.0
83588,DDD,2013J,0.7042544775252492,70.75,0.0
85325,DDD,2013J,0.817349006852157,59.0,81.0
89727,DDD,2013J,0.7448821335811086,56.2,406.0
90979,DDD,2013J,0.8291082232624227,51.75,168.0
91354,DDD,2013J,0.7632854934638121,75.0,103.0
92166,DDD,2013J,0.959814392839091,75.71428571428571,0.0
92312,DDD,2013J,0.9685035715631463,75.71428571428571,39.0
92391,DDD,2013J,0.8111473338560141,50.8,229.0
103800,DDD,2013J,0.7986404000898947,58.142857142857146,170.0
108275,DDD,2013J,0.9656809029062832,75.71428571428571,0.0
108789,DDD,2013J,0.8661094906294108,27.0,102.0
111360,DDD,2013J,0.7497690343088533,44.25,697.0
111548,DDD,2013J,0.8478811389546511,22.5,542.0
118887,DDD,2013J,0.9722580753855629,75.71428571428571,10.0
122739,DDD,2013J,0.7996322329652424,40.6,526.0
124387,DDD,2013J,0.9510876234949004,75.71428571428571,56.0
127988,DDD,2013J,0.7133561871801379,68.6,186.0
130837,DDD,2013J,0.9538683754260314,75.71428571428571,66.0
138709,DDD,2013J,0.8162385610456863,33.0,702.0
139843,DDD,2013J,0.8724319669199585,24.0,127.0
142998,DDD,2013J,0.9788614246431305,75.71428571428571,7.0
146666,DDD,2013J,0.780630806245954,43.0,708.0
148515,DDD,2013J,0.9689979935628061,75.71428571428571,28.0
160178,DDD,2013J,0.9420595667574752,75.71428571428571,0.0
169700,DDD,2013J,0.9510876234949004,75.71428571428571,32.0
184025,DDD,2013J,0.9687740005157021,75.71428571428571,112.0
188875,DDD,2013J,0.7598386065978961,58.0,203.0
198953,DDD,2013J,0.9789952571085915,75.71428571428571,0.0
205417,DDD,2013J,0.8662995934279496,75.71428571428571,286.0
227167,DDD,2013J,0.9510876234949004,75.71428571428571,7.0
230510,DDD,2013J,0.8067925837938309,51.0,167.0
231572,DDD,2013J,0.7243146801720229,53.714285714285715,552.0
232078,DDD,2013J,0.796006916981891,38.25,555.0
234827,DDD,2013J,0.971725562331521,75.71428571428571,80.0
236150,DDD,2013J,0.9554558206352058,75.71428571428571,198.0
237418,DDD,2013J,0.9649921060690408,75.71428571428571,141.0
237506,DDD,2013J,0.9510876234949004,75.71428571428571,51.0
237808,DDD,2013J,0.728059533623204,56.0,353.0
238800,DDD,2013J,0.8070827733139329,31.666666666666668,279.0
248252,DDD,2013J,0.8574040619910853,23.0,239.0
249704,DDD,2013J,0.8545354370374308,40.333333333333336,327.0
250456,DDD,2013J,0.9588064839383145,75.71428571428571,0.0
253579,DDD,2013J,0.813279630771721,42.166666666666664,643.0
255622,DDD,2013J,0.9755325223772866,75.71428571428571,96.0
257359,DDD,2013J,0.9604846291041567,75.71428571428571,0.0
259951,DDD,2013J,0.7409737193759374,53.5,283.0
269065,DDD,2013J,0.8334960952467141,31.0,436.0
271206,DDD,2013J,0.794183036758358,56.0,158.0
273106,DDD,2013J,0.8159381632069588,50.666666666666664,0.0
274712,DDD,2013J,0.7617890097265678,71.0,86.0
277412,DDD,2013J,0.8335101825985168,48.57142857142857,229.0
277729,DDD,2013J,0.8194736004275767,46.0,395.0
279883,DDD,2013J,0.8578620728879777,49.0,167.0
280541,DDD,2013J,0.7308715498771413,64.0,35.0
283401,DDD,2013J,0.9604846291041567,75.71428571428571,0.0
283535,DDD,2013J,0.7823163837731856,47.0,300.0
285085,DDD,2013J,0.8521738506182044,19.666666666666668,121.0
286449,DDD,2013J,0.8122927091994515,55.0,240.0
289529,DDD,2013J,0.9722580753855629,75.71428571428571,25.0
290371,DDD,2013J,0.8604407046518756,36.0,254.0
296813,DDD,2013J,0.9420595667574752,75.71428571428571,0.0
296849,DDD,2013J,0.9731870860832271,75.71428571428571,10.0
297382,DDD,2013J,0.9722580753855629,75.71428571428571,32.0
298911,DDD,2013J,0.9609584935504707,75.71428571428571,82.0
299473,DDD,2013J,0.7536826914572172,43.42857142857143,1129.0
305535,DDD,2013J,0.7725210917397005,66.85714285714286,143.0
305702,DDD,2013J,0.8066719316213004,50.625,352.0
307932,DDD,2013J,0.8631877240574913,19.666666666666668,261.0
308231,DDD,2013J,0.7367034435263288,54.0,370.0
308707,DDD,2013J,0.7286437098843858,58.666666666666664,500.0
308982,DDD,2013J,0.9604890193424273,75.71428571428571,0.0
309258,DDD,2013J,0.9630784313313933,75.71428571428571,177.0
311474,DDD,2013J,0.8720188619819517,37.5,99.0
311877,DDD,2013J,0.7665105637179616,43.25,718.0
314123,DDD,2013J,0.9604890193424273,75.71428571428571,0.0
314219,DDD,2013J,0.9604846291041567,75.71428571428571,0.0
315082,DDD,2013J,0.9510876234949004,75.71428571428571,37.0
315388,DDD,2013J,0.778311042288751,62.0,165.0
315909,DDD,2013J,0.7744479254839599,49.833333333333336,421.0
318574,DDD,2013J,0.9702012771093199,75.71428571428571,95.0
318977,DDD,2013J,0.73501993693034,58.0,281.0
319479,DDD,2013J,0.9489829023026207,75.71428571428571,99.0
333155,DDD,2013J,0.9722580753855629,75.71428571428571,3.0
335018,DDD,2013J,0.7696722393222258,57.72727272727273,317.0
337314,DDD,2013J,0.9604890193424273,75.71428571428571,0.0
339924,DDD,2013J,0.8331091257120993,38.666666666666664,265.0
342176,DDD,2013J,0.9675403527051906,75.71428571428571,37.0
342697,DDD,2013J,0.8259125602495456,46.0,185.0
342949,DDD,2013J,0.7525213641668457,54.0,422.0
349182,DDD,2013J,0.9723638512296061,75.71428571428571,130.0
349710,DDD,2013J,0.7394503418694696,71.0,86.0
350164,DDD,2013J,0.9424523432921034,75.71428571428571,190.0
350644,DDD,2013J,0.7196571719057694,69.0,274.0
352051,DDD,2013J,0.7652456205675467,67.85714285714286,72.0
352641,DDD,2013J,0.9604052658984056,75.71428571428571,180.0
356274,DDD,2013J,0.8613093661904838,30.0,149.0
363990,DDD,2013J,0.8749892179920841,29.0,90.0
365239,DDD,2013J,0.8654892889870611,75.71428571428571,401.0
365893,DDD,2013J,0.7298647104436674,52.666666666666664,542.0
365939,DDD,2013J,0.9593814674421322,75.71428571428571,192.0
366267,DDD,2013J,0.8383500100176576,56.5,33.0
366535,DDD,2013J,0.9796713406638023,75.71428571428571,14.0
367045,DDD,2013J,0.9803438384252088,75.71428571428571,18.0
368106,DDD,2013J,0.8396085922686369,43.5,140.0
370920,DDD,2013J,0.9510876234949004,75.71428571428571,3.0
371362,DDD,2013J,0.965435631512911,75.71428571428571,84.0
373237,DDD,2013J,0.8337417666842256,42.142857142857146,1006.0
376067,DDD,2013J,0.975847926099467,75.71428571428571,4.0
380138,DDD,2013J,0.7983930728560236,45.5,536.0
381539,DDD,2013J,0.7727374142605403,62.666666666666664,208.0
382742,DDD,2013J,0.794020615846873,46.0,269.0
382879,DDD,2013J,0.9722580753855629,75.71428571428571,57.0
383785,DDD,2013J,0.8041737531837392,42.0,274.0
383978,DDD,2013J,0.7040296101786739,49.714285714285715,627.0
386912,DDD,2013J,0.9731894695112066,75.71428571428571,2.0
387453,DDD,2013J,0.9420595667574752,75.71428571428571,0.0
391638,DDD,2013J,0.8224123579580714,52.25,184.0
392713,DDD,2013J,0.9510876234949004,75.71428571428571,24.0
394384,DDD,2013J,0.7296966733297203,58.0,295.0
396028,DDD,2013J,0.9675403527051906,75.71428571428571,7.0
398529,DDD,2013J,0.8270535855940263,56.5,123.0
399203,DDD,2013J,0.750248849798255,27.666666666666668,1351.0
399453,DDD,2013J,0.7216905349917218,58.142857142857146,307.0
399843,DDD,2013J,0.8744003434977344,49.0,126.0
399863,DDD,2013J,0.9709370633458453,75.71428571428571,0.0
399935,DDD,2013J,0.7551440888991572,52.5,457.0
400942,DDD,2013J,0.8867828643651456,40.833333333333336,404.0
401947,DDD,2013J,0.747496699277638,61.0,95.0
402433,DDD,2013J,0.8458011867964115,42.8,212.0
403052,DDD,2013J,0.7973018160132854,39.6,778.0
405336,DDD,2013J,0.975847926099467,75.71428571428571,44.0
405784,DDD,2013J,0.7277889947938878,35.25,3070.0
406224,DDD,2013J,0.745142016538212,60.0,304.0
408817,DDD,2013J,0.7203777304701142,62.8,304.0
409105,DDD,2013J,0.9510876234949004,75.71428571428571,15.0
409794,DDD,2013J,0.9722580753855629,75.71428571428571,18.0
410084,DDD,2013J,0.8694699718279538,42.0,101.0
411730,DDD,2013J,0.9431744641459093,75.71428571428571,154.0
412175,DDD,2013J,0.7633078751145972,46.25,531.0
414077,DDD,2013J,0.8852734296567811,75.71428571428571,231.0
415151,DDD,2013J,0.8110892968045921,49.5,572.0
415187,DDD,2013J,0.8701230653254277,32.0,97.0
419822,DDD,2013J,0.9545819152472932,75.71428571428571,0.0
420650,DDD,2013J,0.9716531124783951,75.71428571428571,138.0
420745,DDD,2013J,0.97907029053909,75.71428571428571,11.0
421301,DDD,2013J,0.8056109417558752,40.0,497.0
423474,DDD,2013J,0.9669165242929424,75.71428571428571,0.0
426097,DDD,2013J,0.962277938035908,75.71428571428571,0.0
427248,DDD,2013J,0.8939680613695922,75.71428571428571,317.0
427344,DDD,2013J,0.8010130655373255,36.5,297.0
428321,DDD,2013J,0.8623838123473045,24.0,136.0
432968,DDD,2013J,0.8340802492658485,42.2,456.0
433508,DDD,2013J,0.7466069145471841,54.0,429.0
433748,DDD,2013J,0.7628356841270565,75.71428571428571,541.0
437923,DDD,2013J,0.809163531573594,46.0,438.0
442530,DDD,2013J,0.9182096371915699,75.71428571428571,268.0
442547,DDD,2013J,0.7016312006866104,53.857142857142854,664.0
443540,DDD,2013J,0.836980247834784,41.5,335.0
444063,DDD,2013J,0.9689979935628061,75.71428571428571,4.0
444541,DDD,2013J,0.8357181188026475,33.0,167.0
444847,DDD,2013J,0.8730949095232866,38.0,74.0
444909,DDD,2013J,0.9668932723705265,75.71428571428571,101.0
445749,DDD,2013J,0.7054305168846946,66.0,184.0
445785,DDD,2013J,0.8010745639426824,41.0,323.0
465399,DDD,2013J,0.8862227179281656,37.0,86.0
465418,DDD,2013J,0.9420595667574752,75.71428571428571,0.0
466158,DDD,2013J,0.8576851757340311,25.666666666666668,1053.0
467776,DDD,2013J,0.8259030797591688,18.0,201.0
468657,DDD,2013J,0.8577987791578094,43.0,173.0
469389,DDD,2013J,0.7845469001301553,39.5,559.0
470119,DDD,2013J,0.9870887935031856,75.71428571428571,30.0
473340,DDD,2013J,0.7772567201524129,53.5,341.0
473406,DDD,2013J,0.9709695423649235,75.71428571428571,83.0
473640,DDD,2013J,0.7057332420147341,21.857142857142858,2968.0
474385,DDD,2013J,0.7647796941053899,70.5,68.0
476170,DDD,2013J,0.7607199186793298,54.5,375.0
476355,DDD,2013J,0.8341120103822347,47.0,252.0
476906,DDD,2013J,0.9420595667574752,75.71428571428571,0.0
478692,DDD,2013J,0.9512129904688911,75.71428571428571,0.0
478744,DDD,2013J,0.83438189398863,25.0,197.0
482635,DDD,2013J,0.9491250823974074,75.71428571428571,75.0
483934,DDD,2013J,0.7760350185878909,53.714285714285715,262.0
484266,DDD,2013J,0.7721843883043575,57.0,294.0
484355,DDD,2013J,0.8228287180866208,34.333333333333336,476.0
484999,DDD,2013J,0.7721843883043575,53.666666666666664,296.0
486777,DDD,2013J,0.9779798020422612,75.71428571428571,56.0
487293,DDD,2013J,0.766321562765749,44.857142857142854,737.0
488198,DDD,2013J,0.9689979935628061,75.71428571428571,1.0
488550,DDD,2013J,0.9214704211380103,75.71428571428571,260.0
489150,DDD,2013J,0.9604890193424273,75.71428571428571,0.0
489990,DDD,2013J,0.783488609893617,50.833333333333336,390.0
490164,DDD,2013J,0.97243345019087,75.71428571428571,69.0
490297,DDD,2013J,0.8237463484708294,45.714285714285715,664.0
490530,DDD,2013J,0.8088638436911003,61.0,84.0
490738,DDD,2013J,0.8521738506182044,12.5,128.0
491688,DDD,2013J,0.9877206211367892,75.71428571428571,73.0
491875,DDD,2013J,0.7596005135599248,55.0,403.0
491912,DDD,2013J,0.9604846291041567,75.71428571428571,0.0
492552,DDD,2013J,0.8332068506204182,60.0,114.0
492842,DDD,2013J,0.9467004203735536,75.71428571428571,0.0
493147,DDD,2013J,0.97243345019087,75.71428571428571,12.0
493879,DDD,2013J,0.8618956211267101,41.0,665.0
494728,DDD,2013J,0.8602624282477069,29.666666666666668,150.0
495762,DDD,2013J,0.9689979935628061,75.71428571428571,26.0
496185,DDD,2013J,0.840329677216297,47.0,63.0
496315,DDD,2013J,0.8338757613506239,58.5,13.0
496373,DDD,2013J,0.9604846291041567,75.71428571428571,0.0
497229,DDD,2013J,0.7429551424441192,69.0,84.0
497809,DDD,2013J,0.8499469099979055,26.0,244.0
497994,DDD,2013J,0.7797160785419855,74.8,14.0
498877,DDD,2013J,0.9722580753855629,75.71428571428571,41.0
498903,DDD,2013J,0.9420595667574752,75.71428571428571,0.0
499392,DDD,2013J,0.8005863636974117,37.0,413.0
500339,DDD,2013J,0.9031229350856305,75.71428571428571,219.0
500521,DDD,2013J,0.9739993855318783,75.71428571428571,26.0
500785,DDD,2013J,0.9538683754260314,75.71428571428571,17.0
501488,DDD,2013J,0.7082606095193043,71.6,318.0
502051,DDD,2013J,0.8344644610049317,52.0,155.0
502207,DDD,2013J,0.7871758286019594,48.2,510.0
502466,DDD,2013J,0.7925730838285441,19.0,798.0
502642,DDD,2013J,0.9510876234949004,75.71428571428571,40.0
504034,DDD,2013J,0.7719676392495046,62.0,44.0
504064,DDD,2013J,0.7049192691051419,50.285714285714285,1078.0
504368,DDD,2013J,0.777378182191563,53.0,282.0
504552,DDD,2013J,0.7873156685906815,60.0,222.0
504602,DDD,2013J,0.8037366512361434,54.0,283.0
504862,DDD,2013J,0.7968625827492424,51.0,359.0
505142,DDD,2013J,0.8400869349694906,49.0,173.0
505209,DDD,2013J,0.8294813806791345,58.0,114.0
506476,DDD,2013J,0.721622263481499,73.0,129.0
506597,DDD,2013J,0.9604890193424273,75.71428571428571,0.0
507257,DDD,2013J,0.9510876234949004,75.71428571428571,11.0
507478,DDD,2013J,0.7826527346468491,59.5,269.0
508227,DDD,2013J,0.9604846291041567,75.71428571428571,0.0
508601,DDD,2013J,0.8392333990491825,35.0,635.0
508615,DDD,2013J,0.7594369632720354,54.166666666666664,526.0
509416,DDD,2013J,0.9722580753855629,75.71428571428571,55.0
509501,DDD,2013J,0.7939762022439567,62.5,90.0
510864,DDD,2013J,0.7517375106159448,49.0,662.0
511636,DDD,2013J,0.916302238688099,75.71428571428571,279.0
512050,DDD,2013J,0.9670354524653132,75.71428571428571,74.0
512525,DDD,2013J,0.7480041459523451,54.75,505.0
513007,DDD,2013J,0.8852906635452112,31.0,102.0
513204,DDD,2013J,0.7757278895848521,49.0,307.0
513356,DDD,2013J,0.8721031077231818,48.25,124.0
513954,DDD,2013J,0.7686313010808868,66.66666666666667,86.0
514218,DDD,2013J,0.9689979935628061,75.71428571428571,28.0
514495,DDD,2013J,0.9545819152472932,75.71428571428571,0.0
514852,DDD,2013J,0.9478070902369273,75.71428571428571,133.0
514934,DDD,2013J,0.9510876234949004,75.71428571428571,16.0
515520,DDD,2013J,0.7174789580047956,57.5,417.0
516343,DDD,2013J,0.7966878938112417,58.666666666666664,0.0
516653,DDD,2013J,0.7403555787288739,44.857142857142854,685.0
518194,DDD,2013J,0.9489829023026207,75.71428571428571,126.0
518709,DDD,2013J,0.9489829023026207,75.71428571428571,114.0
518731,DDD,2013J,0.7956826406333504,50.166666666666664,322.0
518951,DDD,2013J,0.7229976865446485,59.2,415.0
519100,DDD,2013J,0.747496699277638,60.666666666666664,125.0
519211,DDD,2013J,0.7699256270427394,39.0,671.0
519358,DDD,2013J,0.7432292625882668,63.0,83.0
519449,DDD,2013J,0.9773111132172037,75.71428571428571,1.0
519961,DDD,2013J,0.7829405488381919,62.2,167.0
522690,DDD,2013J,0.9530376937788806,75.71428571428571,214.0
523047,DDD,2013J,0.8710589445640784,40.0,78.0
523583,DDD,2013J,0.7139975201933485,70.5,288.0
523632,DDD,2013J,0.9510876234949004,75.71428571428571,43.0
523834,DDD,2013J,0.9627339242153229,75.71428571428571,178.0
524711,DDD,2013J,0.7116875805318024,63.666666666666664,247.0
524730,DDD,2013J,0.9420595667574752,75.71428571428571,0.0
525189,DDD,2013J,0.8645902093433518,50.0,67.0
525800,DDD,2013J,0.7705423467349861,62.0,183.0
526659,DDD,2013J,0.895113462613979,75.71428571428571,338.0
527427,DDD,2013J,0.7617576153553037,57.333333333333336,329.0
527954,DDD,2013J,0.7208262230126917,52.0,684.0
529226,DDD,2013J,0.723167288714539,58.142857142857146,483.0
529522,DDD,2013J,0.7406426361365558,55.857142857142854,267.0
530270,DDD,2013J,0.9810621229997858,75.71428571428571,55.0
531888,DDD,2013J,0.9527820233683225,75.71428571428571,150.0
532144,DDD,2013J,0.7162020253668185,52.714285714285715,538.0
532683,DDD,2013J,0.8541363917156972,20.333333333333332,47.0
532859,DDD,2013J,0.8728468690325552,10.0,176.0
532941,DDD,2013J,0.8837607043307688,45.666666666666664,67.0
535707,DDD,2013J,0.7481497618296093,40.25,1220.0
537691,DDD,2013J,0.9702012771093199,75.71428571428571,92.0
537918,DDD,2013J,0.9668932723705265,75.71428571428571,94.0
542244,DDD,2013J,0.9420595667574752,75.71428571428571,0.0
542321,DDD,2013J,0.9604890193424273,75.71428571428571,0.0
543683,DDD,2013J,0.9670354524653132,75.71428571428571,82.0
543825,DDD,2013J,0.7803796347708295,52.285714285714285,329.0
544499,DDD,2013J,0.7290550853491012,70.0,310.0
545124,DDD,2013J,0.9510876234949004,75.71428571428571,21.0
546293,DDD,2013J,0.8683235155491562,45.0,123.0
546403,DDD,2013J,0.8110782741814382,45.6,608.0
546809,DDD,2013J,0.8521738506182044,20.0,71.0
547378,DDD,2013J,0.8281474429823232,57.0,189.0
547784,DDD,2013J,0.7057749346111204,46.36842105263158,2121.0
548825,DDD,2013J,0.7870759225258135,40.833333333333336,566.0
548851,DDD,2013J,0.8574807423118365,75.71428571428571,331.0
549160,DDD,2013J,0.7325311131513007,75.66666666666667,208.0
549337,DDD,2013J,0.8368858481977246,41.0,159.0
551674,DDD,2013J,0.9386631299985088,75.71428571428571,244.0
551774,DDD,2013J,0.8415813064440941,33.0,148.0
552192,DDD,2013J,0.9778853493894876,75.71428571428571,10.0
552282,DDD,2013J,0.7358566939378491,52.42857142857143,446.0
553170,DDD,2013J,0.9627339242153229,75.71428571428571,152.0
553353,DDD,2013J,0.9510876234949004,75.71428571428571,26.0
553992,DDD,2013J,0.9709523573765612,75.71428571428571,0.0
555316,DDD,2013J,0.8275437533834001,25.5,449.0
555422,DDD,2013J,0.9755325223772866,75.71428571428571,93.0
555636,DDD,2013J,0.9709370633458453,75.71428571428571,0.0
555644,DDD,2013J,0.8098167161447539,43.4,256.0
556751,DDD,2013J,0.8021610951084479,45.2,256.0
556821,DDD,2013J,0.9709523573765612,75.71428571428571,0.0
557247,DDD,2013J,0.7560421466234858,75.71428571428571,576.0
557320,DDD,2013J,0.9538683754260314,75.71428571428571,4.0
558052,DDD,2013J,0.9722580753855629,75.71428571428571,43.0
559123,DDD,2013J,0.7035578062005033,55.57142857142857,451.0
559547,DDD,2013J,0.9467004203735536,75.71428571428571,0.0
559735,DDD,2013J,0.8721311818801567,39.666666666666664,70.0
560015,DDD,2013J,0.7146977433953551,54.0,488.0
560423,DDD,2013J,0.8559004143288975,42.5,145.0
561272,DDD,2013J,0.8806167760517141,24.0,69.0
561823,DDD,2013J,0.8136269518510747,43.0,481.0
562096,DDD,2013J,0.9420595667574752,75.71428571428571,0.0
562100,DDD,2013J,0.7278500858156104,24.2,921.0
562287,DDD,2013J,0.9467004203735536,75.71428571428571,0.0
562490,DDD,2013J,0.7638716867333187,48.4,680.0
562548,DDD,2013J,0.9604846291041567,75.71428571428571,0.0
562561,DDD,2013J,0.86820341973162,75.71428571428571,282.0
562585,DDD,2013J,0.8369585600996075,49.333333333333336,225.0
562758,DDD,2013J,0.9732746996012497,75.71428571428571,0.0
562929,DDD,2013J,0.719299603851943,25.0,1161.0
563503,DDD,2013J,0.9604846291041567,75.71428571428571,0.0
563718,DDD,2013J,0.7958285352000561,41.333333333333336,434.0
563888,DDD,2013J,0.8357990214537543,37.833333333333336,574.0
564325,DDD,2013J,0.7189317851716319,69.0,266.0
564454,DDD,2013J,0.7235848045789918,72.0,37.0
565570,DDD,2013J,0.7954612741699831,44.57142857142857,620.0
565662,DDD,2013J,0.9420595667574752,75.71428571428571,0.0
566445,DDD,2013J,0.9420595667574752,75.71428571428571,0.0
566704,DDD,2013J,0.9210474934130457,75.71428571428571,263.0
566795,DDD,2013J,0.9731870860832271,75.71428571428571,9.0
566810,DDD,2013J,0.9489829023026207,75.71428571428571,84.0
567176,DDD,2013J,0.8239856270292744,75.71428571428571,486.0
567246,DDD,2013J,0.9731870860832271,75.71428571428571,1.0
568043,DDD,2013J,0.9420595667574752,75.71428571428571,0.0
568045,DDD,2013J,0.9604846291041567,75.71428571428571,0.0
568068,DDD,2013J,0.8259030797591688,26.4,201.0
568296,DDD,2013J,0.9588064839383145,75.71428571428571,0.0
568422,DDD,2013J,0.9510876234949004,75.71428571428571,12.0
568580,DDD,2013J,0.9420595667574752,75.71428571428571,0.0
568668,DDD,2013J,0.8511663032241352,41.0,90.0
569279,DDD,2013J,0.7318044903573484,40.857142857142854,712.0
569743,DDD,2013J,0.9604846291041567,75.71428571428571,0.0
569891,DDD,2013J,0.9731870860832271,75.71428571428571,13.0
570319,DDD,2013J,0.9420595667574752,75.71428571428571,0.0
570401,DDD,2013J,0.9604846291041567,75.71428571428571,0.0
571682,DDD,2013J,0.962277938035908,75.71428571428571,0.0
571950,DDD,2013J,0.7306676653059158,51.25,608.0
572038,DDD,2013J,0.9604846291041567,75.71428571428571,0.0
572089,DDD,2013J,0.9420595667574752,75.71428571428571,0.0
572134,DDD,2013J,0.9316617843926555,75.71428571428571,230.0
572143,DDD,2013J,0.7908654659970002,63.0,118.0
572470,DDD,2013J,0.9510876234949004,75.71428571428571,53.0
572548,DDD,2013J,0.9420595667574752,75.71428571428571,0.0
572620,DDD,2013J,0.972520431542183,75.71428571428571,25.0
572698,DDD,2013J,0.9604846291041567,75.71428571428571,0.0
572751,DDD,2013J,0.850416029607958,28.0,224.0
572900,DDD,2013J,0.9420595667574752,75.71428571428571,0.0
572909,DDD,2013J,0.8567169408081228,48.0,77.0
572976,DDD,2013J,0.7053337522404085,58.166666666666664,463.0
573284,DDD,2013J,0.9709523573765612,75.71428571428571,0.0
573307,DDD,2013J,0.9604846291041567,75.71428571428571,0.0
573473,DDD,2013J,0.7587276050237363,45.8,654.0
573541,DDD,2013J,0.9604846291041567,75.71428571428571,0.0
573709,DDD,2013J,0.9709523573765612,75.71428571428571,0.0
573970,DDD,2013J,0.9709370633458453,75.71428571428571,0.0
574029,DDD,2013J,0.9510876234949004,75.71428571428571,35.0
574181,DDD,2013J,0.9538683754260314,75.71428571428571,31.0
574623,DDD,2013J,0.807584402032981,43.714285714285715,586.0
574627,DDD,2013J,0.8511663032241352,39.0,101.0
574665,DDD,2013J,0.9420595667574752,75.71428571428571,0.0
574730,DDD,2013J,0.9538683754260314,75.71428571428571,6.0
574860,DDD,2013J,0.9510876234949004,75.71428571428571,19.0
575213,DDD,2013J,0.8335982131287121,45.5,153.0
575337,DDD,2013J,0.9144512908194554,75.71428571428571,279.0
575365,DDD,2013J,0.8464461169604037,52.0,57.0
575773,DDD,2013J,0.971725562331521,75.71428571428571,73.0
575962,DDD,2013J,0.7923185779672974,55.5,183.0
575999,DDD,2013J,0.8716869261602908,75.71428571428571,277.0
576031,DDD,2013J,0.9510876234949004,75.71428571428571,4.0
576040,DDD,2013J,0.9420595667574752,75.71428571428571,0.0
576131,DDD,2013J,0.8291082232624227,51.0,183.0
576231,DDD,2013J,0.9420595667574752,75.71428571428571,0.0
576492,DDD,2013J,0.7738160433579826,49.0,286.0
577126,DDD,2013J,0.7047309103157582,57.0,482.0
577200,DDD,2013J,0.8719821287257749,34.0,122.0
577212,DDD,2013J,0.8149171636579752,60.0,116.0
577401,DDD,2013J,0.9689493753210092,75.71428571428571,85.0
577558,DDD,2013J,0.9420595667574752,75.71428571428571,0.0
577570,DDD,2013J,0.7910265550020363,41.5,456.0
577736,DDD,2013J,0.9722580753855629,75.71428571428571,42.0
577930,DDD,2013J,0.9420595667574752,75.71428571428571,0.0
578117,DDD,2013J,0.937591564680466,75.71428571428571,194.0
578150,DDD,2013J,0.8203959664095214,32.666666666666664,447.0
578285,DDD,2013J,0.9420595667574752,75.71428571428571,0.0
578544,DDD,2013J,0.9510876234949004,75.71428571428571,21.0
579112,DDD,2013J,0.8101895024604795,28.666666666666668,253.0
580441,DDD,2013J,0.7007963442328656,70.0,168.0
580595,DDD,2013J,0.9604846291041567,75.71428571428571,0.0
581283,DDD,2013J,0.9420595667574752,75.71428571428571,0.0
581320,DDD,2013J,0.7298523836159926,65.0,144.0
581584,DDD,2013J,0.9803438384252088,75.71428571428571,62.0
581755,DDD,2013J,0.7451918036857598,63.0,61.0
581818,DDD,2013J,0.9702012771093199,75.71428571428571,123.0
582026,DDD,2013J,0.8567673323764236,45.0,117.0
582288,DDD,2013J,0.9510876234949004,75.71428571428571,2.0
582848,DDD,2013J,0.7090402931328748,52.5,565.0
582954,DDD,2013J,0.9722580753855629,75.71428571428571,5.0
583147,DDD,2013J,0.9316617843926555,75.71428571428571,230.0
583221,DDD,2013J,0.962277938035908,75.71428571428571,0.0
583438,DDD,2013J,0.9803438384252088,75.71428571428571,59.0
583570,DDD,2013J,0.9722580753855629,75.71428571428571,11.0
583580,DDD,2013J,0.9459552160770405,75.71428571428571,144.0
584082,DDD,2013J,0.8508603279505254,37.0,303.0
584132,DDD,2013J,0.741906636547455,51.142857142857146,512.0
584305,DDD,2013J,0.9588064839383145,75.71428571428571,0.0
584315,DDD,2013J,0.7465996611361857,44.0,751.0
584455,DDD,2013J,0.8531621648717821,42.0,197.0
584517,DDD,2013J,0.97243345019087,75.71428571428571,33.0
584532,DDD,2013J,0.9420595667574752,75.71428571428571,0.0
584586,DDD,2013J,0.7401640988040772,66.2,228.0
584615,DDD,2013J,0.9722580753855629,75.71428571428571,21.0
584628,DDD,2013J,0.9687740005157021,75.71428571428571,98.0
584883,DDD,2013J,0.962277938035908,75.71428571428571,0.0
584918,DDD,2013J,0.7685710456804703,41.833333333333336,752.0
584932,DDD,2013J,0.9510876234949004,75.71428571428571,10.0
585210,DDD,2013J,0.8088453850662717,42.666666666666664,255.0
585384,DDD,2013J,0.9709523573765612,75.71428571428571,0.0
585525,DDD,2013J,0.8783345747550765,24.0,93.0
585579,DDD,2013J,0.9722580753855629,75.71428571428571,61.0
585929,DDD,2013J,0.9604846291041567,75.71428571428571,0.0
586317,DDD,2013J,0.9420595667574752,75.71428571428571,0.0
586536,DDD,2013J,0.9420595667574752,75.71428571428571,0.0
586707,DDD,2013J,0.7220911220956995,70.0,78.0
586823,DDD,2013J,0.9510876234949004,75.71428571428571,33.0
586961,DDD,2013J,0.9722580753855629,75.71428571428571,2.0
587006,DDD,2013J,0.8109318629875955,56.0,85.0
587099,DDD,2013J,0.9538683754260314,75.71428571428571,22.0
587179,DDD,2013J,0.9722580753855629,75.71428571428571,31.0
587310,DDD,2013J,0.9722580753855629,75.71428571428571,48.0
587552,DDD,2013J,0.9420595667574752,75.71428571428571,0.0
588197,DDD,2013J,0.7657032906735863,75.71428571428571,515.0
588242,DDD,2013J,0.9420595667574752,75.71428571428571,0.0
588485,DDD,2013J,0.9779798020422612,75.71428571428571,1.0
588537,DDD,2013J,0.7738775417633394,49.0,324.0
588658,DDD,2013J,0.9604846291041567,75.71428571428571,0.0
588815,DDD,2013J,0.962277938035908,75.71428571428571,0.0
589007,DDD,2013J,0.9510876234949004,75.71428571428571,63.0
589212,DDD,2013J,0.97243345019087,75.71428571428571,53.0
589445,DDD,2013J,0.9722580753855629,75.71428571428571,56.0
589531,DDD,2013J,0.710757670511275,70.42857142857143,312.0
589584,DDD,2013J,0.7872366116548085,45.666666666666664,347.0
589630,DDD,2013J,0.9420595667574752,75.71428571428571,0.0
590177,DDD,2013J,0.9510876234949004,75.71428571428571,19.0
590184,DDD,2013J,0.9491250823974074,75.71428571428571,71.0
590235,DDD,2013J,0.9420595667574752,75.71428571428571,0.0
590370,DDD,2013J,0.7869484701363951,43.0,452.0
590380,DDD,2013J,0.9467004203735536,75.71428571428571,0.0
590402,DDD,2013J,0.8063596545129846,17.0,234.0
590420,DDD,2013J,0.9731870860832271,75.71428571428571,53.0
590464,DDD,2013J,0.9420595667574752,75.71428571428571,0.0
590828,DDD,2013J,0.8484233986309465,34.0,236.0
590881,DDD,2013J,0.9731870860832271,75.71428571428571,45.0
590918,DDD,2013J,0.8163447867054685,45.714285714285715,319.0
590951,DDD,2013J,0.9510876234949004,75.71428571428571,58.0
591202,DDD,2013J,0.7570249653646997,50.42857142857143,480.0
591650,DDD,2013J,0.7091031123598885,66.0,217.0
591845,DDD,2013J,0.9722580753855629,75.71428571428571,34.0
591980,DDD,2013J,0.9510876234949004,75.71428571428571,31.0
592173,DDD,2013J,0.9420595667574752,75.71428571428571,0.0
592284,DDD,2013J,0.8783345747550765,0.0,95.0
592299,DDD,2013J,0.9420595667574752,75.71428571428571,0.0
592486,DDD,2013J,0.9545819152472932,75.71428571428571,0.0
592658,DDD,2013J,0.9604846291041567,75.71428571428571,0.0
592749,DDD,2013J,0.8425319203806212,75.71428571428571,447.0
592804,DDD,2013J,0.9420595667574752,75.71428571428571,0.0
593075,DDD,2013J,0.9420595667574752,75.71428571428571,0.0
593303,DDD,2013J,0.8004112291367035,36.25,341.0
593345,DDD,2013J,0.739673909937994,56.22222222222222,495.0
593594,DDD,2013J,0.840164866722788,43.0,285.0
594079,DDD,2013J,0.9420595667574752,75.71428571428571,0.0
594164,DDD,2013J,0.7183573209064386,34.666666666666664,5217.0
594414,DDD,2013J,0.8128307980049208,43.0,472.0
594578,DDD,2013J,0.941347145365399,75.71428571428571,175.0
594599,DDD,2013J,0.9420595667574752,75.71428571428571,0.0
594880,DDD,2013J,0.9627339242153229,75.71428571428571,149.0
595008,DDD,2013J,0.7339180155513485,53.0,412.0
595079,DDD,2013J,0.8182282181269727,47.57142857142857,285.0
595396,DDD,2013J,0.7517375106159448,49.333333333333336,651.0
595723,DDD,2013J,0.9489829023026207,75.71428571428571,84.0
595894,DDD,2013J,0.9722580753855629,75.71428571428571,51.0
595963,DDD,2013J,0.7946299242756545,44.0,227.0
596473,DDD,2013J,0.9420595667574752,75.71428571428571,0.0
596542,DDD,2013J,0.9517636542337519,75.71428571428571,90.0
596629,DDD,2013J,0.9510876234949004,75.71428571428571,39.0
596978,DDD,2013J,0.9703505347484379,75.71428571428571,0.0
597178,DDD,2013J,0.941347145365399,75.71428571428571,170.0
597192,DDD,2013J,0.9612096099414275,75.71428571428571,0.0
597243,DDD,2013J,0.720654388595875,52.666666666666664,428.0
597308,DDD,2013J,0.9545819152472932,75.71428571428571,0.0
597443,DDD,2013J,0.9489829023026207,75.71428571428571,106.0
597453,DDD,2013J,0.9420595667574752,75.71428571428571,0.0
597504,DDD,2013J,0.9545819152472932,75.71428571428571,0.0
597561,DDD,2013J,0.9545819152472932,75.71428571428571,0.0
597726,DDD,2013J,0.8156280264657237,12.5,209.0
597754,DDD,2013J,0.9731870860832271,75.71428571428571,43.0
597924,DDD,2013J,0.9491250823974074,75.71428571428571,81.0
598089,DDD,2013J,0.8022801311387316,32.0,315.0
598123,DDD,2013J,0.7532402790139341,67.0,160.0
598323,DDD,2013J,0.8062831521980048,51.0,194.0
598430,DDD,2013J,0.9722580753855629,75.71428571428571,59.0
598650,DDD,2013J,0.9420595667574752,75.71428571428571,0.0
598701,DDD,2013J,0.8716869261602908,75.71428571428571,270.0
598842,DDD,2013J,0.7981557455547743,42.142857142857146,707.0
598949,DDD,2013J,0.9722580753855629,75.71428571428571,23.0
599101,DDD,2013J,0.9510876234949004,75.71428571428571,23.0
599177,DDD,2013J,0.7142567411480458,56.0,529.0
599206,DDD,2013J,0.8254812091394368,48.0,180.0
599262,DDD,2013J,0.9510876234949004,75.71428571428571,30.0
599406,DDD,2013J,0.9722580753855629,75.71428571428571,38.0
599615,DDD,2013J,0.8721193392990435,34.0,135.0
599655,DDD,2013J,0.9722580753855629,75.71428571428571,43.0
599658,DDD,2013J,0.9491250823974074,75.71428571428571,83.0
599711,DDD,2013J,0.7303161579360541,32.0,730.0
599741,DDD,2013J,0.8302053156167146,33.0,164.0
599876,DDD,2013J,0.9604846291041567,75.71428571428571,0.0
600289,DDD,2013J,0.9545819152472932,75.71428571428571,0.0
600365,DDD,2013J,0.735918003951609,52.57142857142857,414.0
600525,DDD,2013J,0.9604846291041567,75.71428571428571,0.0
600753,DDD,2013J,0.9703505347484379,75.71428571428571,0.0
600842,DDD,2013J,0.9491250823974074,75.71428571428571,83.0
600859,DDD,2013J,0.9731870860832271,75.71428571428571,68.0
601133,DDD,2013J,0.7250452209723893,62.2,178.0
601204,DDD,2013J,0.7199968637470566,54.0,447.0
601270,DDD,2013J,0.9604052658984056,75.71428571428571,153.0
601310,DDD,2013J,0.8521738506182044,27.0,85.0
601392,DDD,2013J,0.9510876234949004,75.71428571428571,56.0
601731,DDD,2013J,0.9801834957079505,75.71428571428571,45.0
602312,DDD,2013J,0.7134855906021759,73.53846153846153,268.0
602413,DDD,2013J,0.9627339242153229,75.71428571428571,150.0
602452,DDD,2013J,0.9489829023026207,75.71428571428571,116.0
602453,DDD,2013J,0.7987398671128296,59.0,144.0
602692,DDD,2013J,0.962277938035908,75.71428571428571,0.0
602706,DDD,2013J,0.9420595667574752,75.71428571428571,0.0
602725,DDD,2013J,0.7049267820043046,70.0,227.0
602986,DDD,2013J,0.9722580753855629,75.71428571428571,25.0
603201,DDD,2013J,0.9510876234949004,75.71428571428571,53.0
603469,DDD,2013J,0.7190771270877362,42.714285714285715,1116.0
603669,DDD,2013J,0.9722580753855629,75.71428571428571,42.0
603684,DDD,2013J,0.9510876234949004,75.71428571428571,5.0
603730,DDD,2013J,0.7016055085827534,72.0,225.0
603749,DDD,2013J,0.9420595667574752,75.71428571428571,0.0
603850,DDD,2013J,0.9444599654927714,75.71428571428571,139.0
603953,DDD,2013J,0.9604846291041567,75.71428571428571,0.0
604392,DDD,2013J,0.9510876234949004,75.71428571428571,3.0
604398,DDD,2013J,0.9755325223772866,75.71428571428571,104.0
604546,DDD,2013J,0.9538683754260314,75.71428571428571,37.0
604559,DDD,2013J,0.829223466992459,57.0,113.0
604641,DDD,2013J,0.9510876234949004,75.71428571428571,28.0
604655,DDD,2013J,0.774252785362113,57.5,336.0
604692,DDD,2013J,0.7278047935212244,59.5,417.0
604729,DDD,2013J,0.9420595667574752,75.71428571428571,0.0
604912,DDD,2013J,0.9710135765579712,75.71428571428571,87.0
604952,DDD,2013J,0.9708273622701369,75.71428571428571,84.0
605005,DDD,2013J,0.937591564680466,75.71428571428571,195.0
605105,DDD,2013J,0.7839354960647174,38.857142857142854,1445.0
605191,DDD,2013J,0.9420595667574752,75.71428571428571,0.0
605313,DDD,2013J,0.8300264887788444,37.0,198.0
605652,DDD,2013J,0.7016629356468753,66.33333333333333,343.0
605885,DDD,2013J,0.7903191809966618,49.0,352.0
606270,DDD,2013J,0.9420595667574752,75.71428571428571,0.0
606492,DDD,2013J,0.9489829023026207,75.71428571428571,130.0
606513,DDD,2013J,0.8118367530988142,24.5,219.0
606719,DDD,2013J,0.9420595667574752,75.71428571428571,0.0
607110,DDD,2013J,0.8157470669843094,56.666666666666664,140.0
607231,DDD,2013J,0.8722929467238602,29.0,86.0
607485,DDD,2013J,0.7388736038880844,58.57142857142857,246.0
607515,DDD,2013J,0.9675981884500087,75.71428571428571,135.0
607622,DDD,2013J,0.756068853371745,53.25,242.0
607670,DDD,2013J,0.7339180155513485,53.6,402.0
607928,DDD,2013J,0.9605656469566101,75.71428571428571,146.0
608062,DDD,2013J,0.7860315973482811,48.0,272.0
608170,DDD,2013J,0.9510876234949004,75.71428571428571,34.0
608178,DDD,2013J,0.7815617382797112,37.666666666666664,617.0
608206,DDD,2013J,0.7241899864666483,54.5,514.0
608267,DDD,2013J,0.7740121124066042,47.714285714285715,425.0
608630,DDD,2013J,0.8341120103822347,46.0,241.0
608848,DDD,2013J,0.9604846291041567,75.71428571428571,0.0
608923,DDD,2013J,0.7079735221371838,49.0,751.0
608943,DDD,2013J,0.818731239053448,54.0,203.0
609044,DDD,2013J,0.8362786770489014,44.666666666666664,253.0
609089,DDD,2013J,0.8354355916533645,49.0,223.0
609381,DDD,2013J,0.9489829023026207,75.71428571428571,99.0
609480,DDD,2013J,0.9510876234949004,75.71428571428571,47.0
609488,DDD,2013J,0.8165076615509941,52.0,157.0
609797,DDD,2013J,0.829508586220731,41.6,172.0
610106,DDD,2013J,0.9732914976725291,75.71428571428571,73.0
610393,DDD,2013J,0.9731870860832271,75.71428571428571,34.0
610402,DDD,2013J,0.8156280264657237,28.0,210.0
610537,DDD,2013J,0.8016132594803002,35.8,358.0
610606,DDD,2013J,0.9510876234949004,75.71428571428571,65.0
610701,DDD,2013J,0.8314827693721094,50.0,232.0
610817,DDD,2013J,0.9510876234949004,75.71428571428571,54.0
610834,DDD,2013J,0.9489829023026207,75.71428571428571,114.0
610838,DDD,2013J,0.9510876234949004,75.71428571428571,6.0
610870,DDD,2013J,0.8228800108437961,45.142857142857146,337.0
610913,DDD,2013J,0.9491250823974074,75.71428571428571,75.0
611244,DDD,2013J,0.8046029116247267,42.4,263.0
835603,DDD,2013J,0.9588064839383145,75.71428571428571,0.0
997948,DDD,2013J,0.9722580753855629,75.71428571428571,61.0
1346966,DDD,2013J,0.8442177753966404,50.0,19.0
1464932,DDD,2013J,0.9510876234949004,75.71428571428571,15.0
1485105,DDD,2013J,0.7756541557991804,63.0,140.0
1497480,DDD,2013J,0.7891611175841874,58.666666666666664,179.0
1517755,DDD,2013J,0.9420595667574752,75.71428571428571,0.0
1610188,DDD,2013J,0.7586407765544922,67.0,137.0
1644266,DDD,2013J,0.8089839352644304,37.666666666666664,244.0
1644568,DDD,2013J,0.9538683754260314,75.71428571428571,2.0
1721891,DDD,2013J,0.7035863634807701,52.857142857142854,515.0
1796059,DDD,2013J,0.9510876234949004,75.71428571428571,8.0
1830562,DDD,2013J,0.9510876234949004,75.71428571428571,31.0
1833308,DDD,2013J,0.9420595667574752,75.71428571428571,0.0
1840610,DDD,2013J,0.9604890193424273,75.71428571428571,0.0
1868389,DDD,2013J,0.7927094667468697,44.0,341.0
1877732,DDD,2013J,0.9731870860832271,75.71428571428571,47.0
1903131,DDD,2013J,0.8912144403066603,75.71428571428571,335.0
1935774,DDD,2013J,0.9005980971318108,75.71428571428571,241.0
1957728,DDD,2013J,0.941347145365399,75.71428571428571,173.0
2014252,DDD,2013J,0.7286283367220189,54.63636363636363,373.0
2043916,DDD,2013J,0.7618880604990338,61.0,139.0
2045139,DDD,2013J,0.8005266973194247,52.0,225.0
2046628,DDD,2013J,0.7966217808246461,41.0,2266.0
2068627,DDD,2013J,0.7542187965808499,59.0,358.0
2149701,DDD,2013J,0.959892204649904,75.71428571428571,212.0
2175266,DDD,2013J,0.71125557786248,58.25,433.0
2194777,DDD,2013J,0.9604846291041567,75.71428571428571,0.0
2253576,DDD,2013J,0.9510876234949004,75.71428571428571,34.0
2281870,DDD,2013J,0.9491250823974074,75.71428571428571,82.0
2288599,DDD,2013J,0.7884703301814079,45.0,391.0
2305957,DDD,2013J,0.855412829430323,49.0,91.0
2321492,DDD,2013J,0.9733056234188519,75.71428571428571,54.0
2339150,DDD,2013J,0.9564198806241673,75.71428571428571,0.0
2355555,DDD,2013J,0.8476160411356954,38.0,41.0
2365438,DDD,2013J,0.9420595667574752,75.71428571428571,0.0
2366701,DDD,2013J,0.9153330080824386,22.0,28.0
2367887,DDD,2013J,0.9877506363072216,75.71428571428571,70.0
2409396,DDD,2013J,0.9739993855318783,75.71428571428571,11.0
2410364,DDD,2013J,0.9420595667574752,75.71428571428571,0.0
2421961,DDD,2013J,0.7135118641788099,36.785714285714285,1214.0
2445016,DDD,2013J,0.9669165242929424,75.71428571428571,0.0
2474436,DDD,2013J,0.7440513879258154,62.0,197.0
2485856,DDD,2013J,0.9679523038968979,75.71428571428571,0.0
2495352,DDD,2013J,0.8627122959774443,75.71428571428571,310.0
2501578,DDD,2013J,0.9510876234949004,75.71428571428571,31.0
2505389,DDD,2013J,0.9510876234949004,75.71428571428571,22.0
2505413,DDD,2013J,0.962277938035908,75.71428571428571,0.0
2539092,DDD,2013J,0.9689979935628061,75.71428571428571,44.0
2540195,DDD,2013J,0.8131043284568148,35.666666666666664,747.0
2546792,DDD,2013J,0.8542190861170043,19.0,353.0
2546976,DDD,2013J,0.8335982131287121,46.0,154.0
2547032,DDD,2013J,0.8449086553443458,32.0,181.0
2569653,DDD,2013J,0.7155463601346816,67.0,227.0
2574281,DDD,2013J,0.9407640000705656,75.71428571428571,187.0
2576298,DDD,2013J,0.9702012771093199,75.71428571428571,102.0
2579683,DDD,2013J,0.9517636542337519,75.71428571428571,96.0
2585395,DDD,2013J,0.9489829023026207,75.71428571428571,105.0
2588379,DDD,2013J,0.8466610474322717,26.0,105.0
2588655,DDD,2013J,0.7572696433887512,58.666666666666664,414.0
2595968,DDD,2013J,0.9491250823974074,75.71428571428571,83.0
2597673,DDD,2013J,0.9510876234949004,75.71428571428571,24.0
2598861,DDD,2013J,0.9689979935628061,75.71428571428571,58.0
2608420,DDD,2013J,0.9604846291041567,75.71428571428571,0.0
2630796,DDD,2013J,0.9604846291041567,75.71428571428571,0.0
2642498,DDD,2013J,0.9594562524950159,75.71428571428571,196.0
2648271,DDD,2013J,0.7322141412826809,60.0,463.0
2648317,DDD,2013J,0.7810404487207916,57.666666666666664,149.0
2649310,DDD,2013J,0.9420595667574752,75.71428571428571,0.0
2662451,DDD,2013J,0.9675403527051906,75.71428571428571,1.0
2678587,DDD,2013J,0.9510876234949004,75.71428571428571,6.0
2681471,DDD,2013J,0.7648435464614272,48.75,464.0
2683696,DDD,2013J,0.9714203347213101,75.71428571428571,0.0
2688422,DDD,2013J,0.7059165162923009,72.0,368.0
2691780,DDD,2013J,0.7045898489802254,74.66666666666667,323.0
28149,DDD,2014B,0.9420595667574752,75.71428571428571,0.0
50309,DDD,2014B,0.9604890193424273,75.71428571428571,0.0
50619,DDD,2014B,0.9420595667574752,75.71428571428571,0.0
69489,DDD,2014B,0.9607756336204574,75.71428571428571,215.0
75309,DDD,2014B,0.9722580753855629,75.71428571428571,1.0
75469,DDD,2014B,0.9806934395630228,75.71428571428571,0.0
85216,DDD,2014B,0.9792987544294941,75.71428571428571,0.0
85304,DDD,2014B,0.9510876234949004,75.71428571428571,23.0
88910,DDD,2014B,0.7470787955883127,52.42857142857143,576.0
95356,DDD,2014B,0.8714208285234833,47.583333333333336,281.0
97939,DDD,2014B,0.7235719681976674,69.0,98.0
99151,DDD,2014B,0.8101109860530817,46.0,397.0
103891,DDD,2014B,0.9491250823974074,75.71428571428571,83.0
124847,DDD,2014B,0.9738691367050006,75.71428571428571,0.0
128348,DDD,2014B,0.7313655902241849,52.5,493.0
131695,DDD,2014B,0.8491086787264399,46.0,223.0
134721,DDD,2014B,0.965435631512911,75.71428571428571,90.0
137150,DDD,2014B,0.8360685032581613,34.0,151.0
139455,DDD,2014B,0.965435631512911,75.71428571428571,115.0
141182,DDD,2014B,0.9773111132172037,75.71428571428571,12.0
145770,DDD,2014B,0.8531288443216282,41.0,42.0
154697,DDD,2014B,0.8724177067501384,24.0,71.0
161286,DDD,2014B,0.9420595667574752,75.71428571428571,0.0
161878,DDD,2014B,0.9510876234949004,75.71428571428571,36.0
162901,DDD,2014B,0.9510876234949004,75.71428571428571,29.0
196264,DDD,2014B,0.9420595667574752,75.71428571428571,0.0
228373,DDD,2014B,0.7036257154742274,63.5,334.0
229499,DDD,2014B,0.9778853493894876,75.71428571428571,51.0
233868,DDD,2014B,0.7114431265537756,46.833333333333336,629.0
237925,DDD,2014B,0.9656216121474575,75.71428571428571,135.0
237969,DDD,2014B,0.9420595667574752,75.71428571428571,0.0
244438,DDD,2014B,0.946996122671027,75.71428571428571,112.0
247342,DDD,2014B,0.9725974337382746,75.71428571428571,60.0
250058,DDD,2014B,0.9420595667574752,75.71428571428571,0.0
255622,DDD,2014B,0.9786148433348112,75.71428571428571,96.0
260367,DDD,2014B,0.9604846291041567,75.71428571428571,0.0
263022,DDD,2014B,0.9420595667574752,75.71428571428571,0.0
267118,DDD,2014B,0.7141037728961696,72.66666666666667,318.0
268883,DDD,2014B,0.9327986930244611,75.71428571428571,270.0
286449,DDD,2014B,0.8122927091994515,55.0,240.0
287499,DDD,2014B,0.9467004203735536,75.71428571428571,0.0
288407,DDD,2014B,0.9510876234949004,75.71428571428571,18.0
309258,DDD,2014B,0.9607517197435301,75.71428571428571,177.0
309756,DDD,2014B,0.7923646074361241,43.4,777.0
315633,DDD,2014B,0.9703505347484379,75.71428571428571,0.0
315723,DDD,2014B,0.9689979935628061,75.71428571428571,5.0
320593,DDD,2014B,0.9510876234949004,75.71428571428571,36.0
325566,DDD,2014B,0.7876059949852136,42.42857142857143,430.0
327449,DDD,2014B,0.7927322539106583,50.333333333333336,454.0
334504,DDD,2014B,0.965435631512911,75.71428571428571,129.0
347365,DDD,2014B,0.7943190361678163,48.0,247.0
352308,DDD,2014B,0.9510876234949004,75.71428571428571,22.0
352600,DDD,2014B,0.958883486134406,75.71428571428571,0.0
352679,DDD,2014B,0.8885151170425941,40.0,71.0
354050,DDD,2014B,0.7896278807623298,38.15384615384615,831.0
354953,DDD,2014B,0.9504608580405806,75.71428571428571,154.0
361842,DDD,2014B,0.9722580753855629,75.71428571428571,45.0
362115,DDD,2014B,0.8553043946140924,47.0,162.0
365764,DDD,2014B,0.7990123217763277,35.4,227.0
367045,DDD,2014B,0.9810621229997858,75.71428571428571,18.0
373790,DDD,2014B,0.87209444862398,34.5,62.0
373795,DDD,2014B,0.9491250823974074,75.71428571428571,71.0
376280,DDD,2014B,0.9689979935628061,75.71428571428571,40.0
384372,DDD,2014B,0.8027016236326204,38.0,750.0
385927,DDD,2014B,0.708507012743124,57.666666666666664,443.0
386849,DDD,2014B,0.831258135090451,40.0,245.0
387289,DDD,2014B,0.742694034094622,35.8,1462.0
391611,DDD,2014B,0.7162407447868042,63.0,315.0
392802,DDD,2014B,0.9665410304656534,75.71428571428571,72.0
394020,DDD,2014B,0.9675403527051906,75.71428571428571,8.0
395164,DDD,2014B,0.9676077256649093,75.71428571428571,175.0
395288,DDD,2014B,0.7927584884749931,52.44444444444444,421.0
397429,DDD,2014B,0.8279747792727368,48.0,162.0
398529,DDD,2014B,0.8490972379322318,56.5,123.0
399203,DDD,2014B,0.7552677962282307,27.666666666666668,1351.0
400461,DDD,2014B,0.9510876234949004,75.71428571428571,51.0
406753,DDD,2014B,0.9722580753855629,75.71428571428571,28.0
407115,DDD,2014B,0.8031219943849844,63.0,56.0
409284,DDD,2014B,0.9731870860832271,75.71428571428571,33.0
412600,DDD,2014B,0.7602377550549663,47.214285714285715,575.0
413629,DDD,2014B,0.8574807423118365,75.71428571428571,332.0
415151,DDD,2014B,0.8118270372215544,49.5,572.0
421242,DDD,2014B,0.9420595667574752,75.71428571428571,0.0
421754,DDD,2014B,0.9489829023026207,75.71428571428571,95.0
421877,DDD,2014B,0.9796713406638023,75.71428571428571,56.0
426137,DDD,2014B,0.8554844115869491,36.666666666666664,383.0
428769,DDD,2014B,0.7363250795964795,74.5,177.0
430282,DDD,2014B,0.9678026791059454,75.71428571428571,16.0
430678,DDD,2014B,0.785013882097348,46.42857142857143,469.0
431136,DDD,2014B,0.7338127843448228,34.44444444444444,1189.0
434841,DDD,2014B,0.7054305168846946,65.5,170.0
440798,DDD,2014B,0.8440087291769006,45.5,389.0
441393,DDD,2014B,0.7434710401662101,51.0,442.0
442393,DDD,2014B,0.8005582123668615,20.5,346.0
444474,DDD,2014B,0.8694699718279538,42.0,90.0
464592,DDD,2014B,0.9670354524653132,75.71428571428571,81.0
466158,DDD,2014B,0.855342436059168,25.666666666666668,1053.0
466714,DDD,2014B,0.8633572804335866,34.5,371.0
469425,DDD,2014B,0.8315335846415998,33.25,388.0
470555,DDD,2014B,0.9409422196887175,75.71428571428571,197.0
470733,DDD,2014B,0.7567721704926288,48.857142857142854,575.0
471189,DDD,2014B,0.7870776423516742,58.0,299.0
471669,DDD,2014B,0.8192784645138859,49.5,206.0
473265,DDD,2014B,0.764199707622541,51.0,377.0
473406,DDD,2014B,0.9760225801965642,75.71428571428571,83.0
474451,DDD,2014B,0.8011052323189435,34.833333333333336,796.0
477063,DDD,2014B,0.9743364061480294,75.71428571428571,21.0
477180,DDD,2014B,0.9802860170538817,75.71428571428571,8.0
479921,DDD,2014B,0.9618166896901656,75.71428571428571,0.0
484305,DDD,2014B,0.9424801369603322,75.71428571428571,246.0
485219,DDD,2014B,0.8690843634921173,33.666666666666664,165.0
485306,DDD,2014B,0.9510876234949004,75.71428571428571,42.0
488550,DDD,2014B,0.9327785015508891,75.71428571428571,260.0
489507,DDD,2014B,0.7068583717949218,59.285714285714285,449.0
490164,DDD,2014B,0.9796713406638023,75.71428571428571,69.0
491792,DDD,2014B,0.9604846291041567,75.71428571428571,0.0
491912,DDD,2014B,0.9679523038968979,75.71428571428571,0.0
493055,DDD,2014B,0.7499473600454276,75.71428571428571,566.0
493879,DDD,2014B,0.8663175826448614,41.0,665.0
494329,DDD,2014B,0.7958285352000561,41.0,438.0
496085,DDD,2014B,0.9690363566723222,75.71428571428571,125.0
497206,DDD,2014B,0.9390472076245725,75.71428571428571,178.0
497405,DDD,2014B,0.9670354524653132,75.71428571428571,78.0
498438,DDD,2014B,0.9420595667574752,75.71428571428571,0.0
498905,DDD,2014B,0.7018990035588446,41.0,740.0
498980,DDD,2014B,0.8567616149093205,36.2,210.0
501123,DDD,2014B,0.7598474011500028,71.0,59.0
501890,DDD,2014B,0.9491250823974074,75.71428571428571,73.0
502161,DDD,2014B,0.7207959433380178,63.166666666666664,371.0
502207,DDD,2014B,0.7928647582396792,48.2,510.0
504089,DDD,2014B,0.9420595667574752,75.71428571428571,0.0
505854,DDD,2014B,0.7565199246944266,42.0,620.0
507812,DDD,2014B,0.8444359313261155,36.0,136.0
508446,DDD,2014B,0.7744350364900566,50.0,337.0
508594,DDD,2014B,0.7339452635258737,35.0,994.0
508872,DDD,2014B,0.9489829023026207,75.71428571428571,110.0
509100,DDD,2014B,0.9420595667574752,75.71428571428571,0.0
509417,DDD,2014B,0.9689979935628061,75.71428571428571,3.0
511869,DDD,2014B,0.9420595667574752,75.71428571428571,0.0
513415,DDD,2014B,0.7632854934638121,75.0,97.0
513957,DDD,2014B,0.7916837771247947,50.57142857142857,267.0
515161,DDD,2014B,0.8442177753966404,48.0,59.0
515331,DDD,2014B,0.7982355934107004,47.0,367.0
516318,DDD,2014B,0.799463550088043,98.0,69.0
518265,DDD,2014B,0.9538683754260314,75.71428571428571,7.0
518330,DDD,2014B,0.9778853493894876,75.71428571428571,13.0
521249,DDD,2014B,0.9510876234949004,75.71428571428571,18.0
522129,DDD,2014B,0.8875254473534252,22.0,117.0
522690,DDD,2014B,0.9605004337718839,75.71428571428571,214.0
523583,DDD,2014B,0.7470576013866956,70.5,288.0
524109,DDD,2014B,0.7691941978859476,51.0,264.0
525635,DDD,2014B,0.7717937884064168,35.285714285714285,690.0
526175,DDD,2014B,0.8325441597762991,8.0,192.0
528330,DDD,2014B,0.9722580753855629,75.71428571428571,9.0
528822,DDD,2014B,0.9510876234949004,75.71428571428571,24.0
531069,DDD,2014B,0.8067327413913901,40.8,1277.0
531243,DDD,2014B,0.8104558954470212,59.0,97.0
532988,DDD,2014B,0.8730214856615713,37.0,63.0
536794,DDD,2014B,0.9709523573765612,75.71428571428571,0.0
536999,DDD,2014B,0.8975371225456672,75.71428571428571,296.0
537238,DDD,2014B,0.9703505347484379,75.71428571428571,0.0
539060,DDD,2014B,0.7209565669080702,65.0,317.0
539186,DDD,2014B,0.8168893827834427,38.4,721.0
544499,DDD,2014B,0.7280039447892096,70.0,310.0
546040,DDD,2014B,0.779910038232707,58.857142857142854,255.0
546299,DDD,2014B,0.7861816061045925,42.375,464.0
546403,DDD,2014B,0.8424581718137348,45.6,608.0
547786,DDD,2014B,0.7183116830031854,55.42857142857143,492.0
547816,DDD,2014B,0.9865073981543483,75.71428571428571,24.0
547860,DDD,2014B,0.9703505347484379,75.71428571428571,0.0
548371,DDD,2014B,0.7601815174539496,74.0,81.0
548500,DDD,2014B,0.7435483068370382,55.0,545.0
549160,DDD,2014B,0.78844081375591,75.66666666666667,208.0
549785,DDD,2014B,0.9420595667574752,75.71428571428571,0.0
551109,DDD,2014B,0.977736216042976,75.71428571428571,108.0
551340,DDD,2014B,0.97243345019087,75.71428571428571,61.0
551427,DDD,2014B,0.7957668399933714,53.0,181.0
552255,DDD,2014B,0.8136934009318249,48.857142857142854,414.0
552908,DDD,2014B,0.8380077566595088,27.333333333333332,431.0
554444,DDD,2014B,0.8636256498219106,20.0,210.0
554585,DDD,2014B,0.9510876234949004,75.71428571428571,45.0
554712,DDD,2014B,0.8217837160034871,31.25,494.0
555137,DDD,2014B,0.9789204818371507,75.71428571428571,81.0
555408,DDD,2014B,0.7913538277687182,47.53333333333333,614.0
556007,DDD,2014B,0.9702012771093199,75.71428571428571,112.0
556170,DDD,2014B,0.9773111132172037,75.71428571428571,46.0
556171,DDD,2014B,0.7309084086138359,62.0,145.0
556836,DDD,2014B,0.9588064839383145,75.71428571428571,0.0
559872,DDD,2014B,0.7617990245701818,56.714285714285715,428.0
561503,DDD,2014B,0.8272716020646581,35.5,558.0
561906,DDD,2014B,0.937591564680466,75.71428571428571,195.0
562248,DDD,2014B,0.7402882124571404,60.0,264.0
562929,DDD,2014B,0.7936272397934547,25.0,1161.0
563631,DDD,2014B,0.8591379561206083,30.0,163.0
564081,DDD,2014B,0.8022801311387316,32.333333333333336,325.0
564643,DDD,2014B,0.8331074743776987,45.0,233.0
564944,DDD,2014B,0.9420595667574752,75.71428571428571,0.0
564970,DDD,2014B,0.9510876234949004,75.71428571428571,13.0
565840,DDD,2014B,0.7895505495112173,42.3,488.0
566652,DDD,2014B,0.7884166173414533,56.0,185.0
567896,DDD,2014B,0.8840698124885884,41.0,131.0
568631,DDD,2014B,0.7962110853393058,41.666666666666664,296.0
568686,DDD,2014B,0.7246463274928506,58.0,382.0
571008,DDD,2014B,0.9517636542337519,75.71428571428571,117.0
572043,DDD,2014B,0.9722580753855629,75.71428571428571,39.0
572235,DDD,2014B,0.9431744641459093,75.71428571428571,150.0
572414,DDD,2014B,0.8887764058057178,32.5,140.0
575773,DDD,2014B,0.9789634528044533,75.71428571428571,73.0
576350,DDD,2014B,0.9597795182507977,75.71428571428571,96.0
576827,DDD,2014B,0.9604052658984056,75.71428571428571,180.0
576869,DDD,2014B,0.9604846291041567,75.71428571428571,0.0
577954,DDD,2014B,0.7412772308787211,43.166666666666664,1699.0
579178,DDD,2014B,0.9604052658984056,75.71428571428571,185.0
580912,DDD,2014B,0.7630142846364066,52.57142857142857,458.0
581409,DDD,2014B,0.9656809029062832,75.71428571428571,0.0
581909,DDD,2014B,0.979342405294387,75.71428571428571,84.0
582366,DDD,2014B,0.9781994555246689,75.71428571428571,0.0
582920,DDD,2014B,0.9510876234949004,75.71428571428571,7.0
583348,DDD,2014B,0.9604846291041567,75.71428571428571,0.0
584082,DDD,2014B,0.8661712204613566,37.0,303.0
584089,DDD,2014B,0.9722580753855629,75.71428571428571,24.0
584952,DDD,2014B,0.9679523038968979,75.71428571428571,0.0
585372,DDD,2014B,0.7272921178297324,60.0,305.0
585384,DDD,2014B,0.9820428596416652,75.71428571428571,0.0
585485,DDD,2014B,0.9420595667574752,75.71428571428571,0.0
587310,DDD,2014B,0.9773111132172037,75.71428571428571,48.0
587403,DDD,2014B,0.867420328527454,58.0,79.0
587576,DDD,2014B,0.7205416491832817,42.625,1310.0
587633,DDD,2014B,0.808132177071925,63.0,64.0
588059,DDD,2014B,0.9710135765579712,75.71428571428571,111.0
588397,DDD,2014B,0.8241370316998584,23.857142857142858,634.0
588749,DDD,2014B,0.9156976743821417,75.71428571428571,216.0
589445,DDD,2014B,0.9773111132172037,75.71428571428571,56.0
590504,DDD,2014B,0.9510876234949004,75.71428571428571,29.0
591100,DDD,2014B,0.9420595667574752,75.71428571428571,0.0
591648,DDD,2014B,0.7252536606820867,68.0,261.0
591654,DDD,2014B,0.8541363917156972,17.0,44.0
591742,DDD,2014B,0.9604846291041567,75.71428571428571,0.0
592220,DDD,2014B,0.7243149206408056,74.0,248.0
596906,DDD,2014B,0.7862262416929626,65.0,92.0
597242,DDD,2014B,0.7271030807822422,75.71428571428571,683.0
597379,DDD,2014B,0.9604846291041567,75.71428571428571,0.0
597839,DDD,2014B,0.8291666003231435,14.0,553.0
599649,DDD,2014B,0.7262799659366476,73.0,256.0
600130,DDD,2014B,0.8581729976328506,55.0,131.0
601270,DDD,2014B,0.9646333513082733,75.71428571428571,153.0
601329,DDD,2014B,0.73636209901492,53.0,321.0
601731,DDD,2014B,0.9865073981543483,75.71428571428571,45.0
602454,DDD,2014B,0.7903196060469436,48.714285714285715,423.0
603241,DDD,2014B,0.9420595667574752,75.71428571428571,0.0
603559,DDD,2014B,0.9510876234949004,75.71428571428571,15.0
604027,DDD,2014B,0.9791472927351815,75.71428571428571,9.0
604398,DDD,2014B,0.9786148433348112,75.71428571428571,104.0
604480,DDD,2014B,0.9604846291041567,75.71428571428571,0.0
604704,DDD,2014B,0.8556140023510227,44.0,328.0
605131,DDD,2014B,0.9510876234949004,75.71428571428571,15.0
605652,DDD,2014B,0.7233173021602215,66.33333333333333,343.0
606905,DDD,2014B,0.9773111132172037,75.71428571428571,23.0
607063,DDD,2014B,0.9731870860832271,75.71428571428571,30.0
607214,DDD,2014B,0.9545819152472932,75.71428571428571,0.0
607705,DDD,2014B,0.9510876234949004,75.71428571428571,67.0
607939,DDD,2014B,0.7744479254839599,50.0,397.0
607946,DDD,2014B,0.9656809029062832,75.71428571428571,0.0
608772,DDD,2014B,0.7734351966248716,51.0,705.0
609089,DDD,2014B,0.8470804932077524,49.0,223.0
609267,DDD,2014B,0.9420595667574752,75.71428571428571,0.0
609570,DDD,2014B,0.7287228684291829,57.25,326.0
609681,DDD,2014B,0.9003769294882069,36.0,62.0
609708,DDD,2014B,0.9510876234949004,75.71428571428571,32.0
609946,DDD,2014B,0.8431776257890415,29.0,141.0
610129,DDD,2014B,0.9604846291041567,75.71428571428571,0.0
610228,DDD,2014B,0.8451922646580438,26.0,526.0
610261,DDD,2014B,0.9510876234949004,75.71428571428571,7.0
610609,DDD,2014B,0.9722580753855629,75.71428571428571,7.0
611493,DDD,2014B,0.9117239694341925,75.71428571428571,205.0
611735,DDD,2014B,0.7614789980884662,56.0,386.0
611865,DDD,2014B,0.8457822231716041,47.0,160.0
611988,DDD,2014B,0.9420595667574752,75.71428571428571,0.0
612111,DDD,2014B,0.9420595667574752,75.71428571428571,0.0
612283,DDD,2014B,0.8284446771520813,30.666666666666668,511.0
612563,DDD,2014B,0.8117520787564458,39.0,211.0
612625,DDD,2014B,0.7148600887094895,63.0,194.0
612805,DDD,2014B,0.9545819152472932,75.71428571428571,0.0
612822,DDD,2014B,0.817050378409548,47.5,356.0
612935,DDD,2014B,0.8335982131287121,46.0,146.0
613063,DDD,2014B,0.8126007851115885,57.0,176.0
613105,DDD,2014B,0.8521738506182044,9.0,118.0
613617,DDD,2014B,0.9604846291041567,75.71428571428571,0.0
613876,DDD,2014B,0.8002423277188577,19.333333333333332,425.0
614025,DDD,2014B,0.814626921883677,33.0,218.0
614241,DDD,2014B,0.7988829107632673,41.857142857142854,405.0
614649,DDD,2014B,0.8541363917156972,30.0,67.0
614650,DDD,2014B,0.781444979025027,35.0,633.0
614879,DDD,2014B,0.9604846291041567,75.71428571428571,0.0
616166,DDD,2014B,0.9510876234949004,75.71428571428571,10.0
616334,DDD,2014B,0.7767135004547745,44.833333333333336,688.0
616388,DDD,2014B,0.9420595667574752,75.71428571428571,0.0
616684,DDD,2014B,0.9489829023026207,75.71428571428571,93.0
616862,DDD,2014B,0.8027610769962678,35.0,309.0
616874,DDD,2014B,0.9467004203735536,75.71428571428571,0.0
617265,DDD,2014B,0.7363006006095631,53.0,296.0
617327,DDD,2014B,0.7222220008720095,46.77777777777778,585.0
617350,DDD,2014B,0.9627339242153229,75.71428571428571,154.0
617401,DDD,2014B,0.9510876234949004,75.71428571428571,57.0
617771,DDD,2014B,0.8335982131287121,45.0,144.0
618131,DDD,2014B,0.820506237202257,52.0,140.0
618300,DDD,2014B,0.9604846291041567,75.71428571428571,0.0
618675,DDD,2014B,0.7146317345473487,54.8,448.0
618682,DDD,2014B,0.8005582123668615,26.0,337.0
618913,DDD,2014B,0.9510876234949004,75.71428571428571,20.0
618963,DDD,2014B,0.8716869261602908,75.71428571428571,280.0
618968,DDD,2014B,0.7783347214624551,56.0,164.0
618998,DDD,2014B,0.9489829023026207,75.71428571428571,100.0
619015,DDD,2014B,0.9510876234949004,75.71428571428571,47.0
619382,DDD,2014B,0.7313291308024813,56.0,297.0
619851,DDD,2014B,0.7918324885081068,42.0,516.0
619908,DDD,2014B,0.9420595667574752,75.71428571428571,0.0
619939,DDD,2014B,0.9589466287323102,75.71428571428571,20.0
620106,DDD,2014B,0.9510876234949004,75.71428571428571,34.0
620393,DDD,2014B,0.8830263666810876,75.71428571428571,252.0
620508,DDD,2014B,0.9545819152472932,75.71428571428571,0.0
620793,DDD,2014B,0.9510876234949004,75.71428571428571,35.0
620892,DDD,2014B,0.7694044183029023,45.333333333333336,507.0
620925,DDD,2014B,0.8128944040850884,57.0,42.0
621384,DDD,2014B,0.9510876234949004,75.71428571428571,33.0
621442,DDD,2014B,0.7262787849656114,55.8,416.0
621675,DDD,2014B,0.9722580753855629,75.71428571428571,3.0
621908,DDD,2014B,0.7783211930963503,46.57142857142857,424.0
622086,DDD,2014B,0.7666301730303335,49.0,450.0
622199,DDD,2014B,0.9510876234949004,75.71428571428571,7.0
622207,DDD,2014B,0.9510876234949004,75.71428571428571,29.0
622225,DDD,2014B,0.8018663277983038,41.0,310.0
622256,DDD,2014B,0.9420595667574752,75.71428571428571,0.0
622281,DDD,2014B,0.9538683754260314,75.71428571428571,62.0
622333,DDD,2014B,0.9420595667574752,75.71428571428571,0.0
622499,DDD,2014B,0.8016167963327527,10.0,350.0
622571,DDD,2014B,0.751968105139439,55.8,229.0
622614,DDD,2014B,0.7287228684291829,56.0,312.0
622630,DDD,2014B,0.9117239694341925,75.71428571428571,203.0
622657,DDD,2014B,0.8004112291367035,36.0,340.0
622672,DDD,2014B,0.9510876234949004,75.71428571428571,54.0
622792,DDD,2014B,0.9510876234949004,75.71428571428571,37.0
622844,DDD,2014B,0.8014918944439082,34.0,527.0
622851,DDD,2014B,0.7267252947475287,67.0,108.0
622873,DDD,2014B,0.9459552160770405,75.71428571428571,150.0
622900,DDD,2014B,0.7112937045261409,67.33333333333333,152.0
622968,DDD,2014B,0.9420595667574752,75.71428571428571,0.0
623015,DDD,2014B,0.9731870860832271,75.71428571428571,46.0
623099,DDD,2014B,0.9431744641459093,75.71428571428571,144.0
623210,DDD,2014B,0.8014246298027361,40.57142857142857,480.0
623332,DDD,2014B,0.9722580753855629,75.71428571428571,23.0
623601,DDD,2014B,0.9420595667574752,75.71428571428571,0.0
623740,DDD,2014B,0.8215792485135929,48.5,187.0
623829,DDD,2014B,0.8063250525052769,36.0,282.0
623834,DDD,2014B,0.9538683754260314,75.71428571428571,38.0
623997,DDD,2014B,0.9420595667574752,75.71428571428571,0.0
624068,DDD,2014B,0.9510876234949004,75.71428571428571,9.0
624093,DDD,2014B,0.793150435023382,45.0,283.0
624105,DDD,2014B,0.8028188266763493,18.0,366.0
624407,DDD,2014B,0.7225659814578657,63.75,209.0
624492,DDD,2014B,0.9420595667574752,75.71428571428571,0.0
624651,DDD,2014B,0.9491250823974074,75.71428571428571,83.0
624730,DDD,2014B,0.8415579405807005,28.6,330.0
624921,DDD,2014B,0.8089839352644304,39.0,249.0
624944,DDD,2014B,0.8550673729240843,26.0,171.0
625568,DDD,2014B,0.9545819152472932,75.71428571428571,0.0
625613,DDD,2014B,0.9510876234949004,75.71428571428571,39.0
625615,DDD,2014B,0.8022207836488898,39.333333333333336,483.0
625913,DDD,2014B,0.9420595667574752,75.71428571428571,0.0
625983,DDD,2014B,0.7740121124066042,48.0,427.0
626040,DDD,2014B,0.720654388595875,54.0,430.0
626061,DDD,2014B,0.7696832282934198,54.57142857142857,312.0
626217,DDD,2014B,0.7268341687878822,39.333333333333336,729.0
626321,DDD,2014B,0.9687740005157021,75.71428571428571,92.0
626723,DDD,2014B,0.7270904109564219,58.0,324.0
626798,DDD,2014B,0.8521738506182044,15.0,71.0
626930,DDD,2014B,0.9184412800839388,75.71428571428571,269.0
627173,DDD,2014B,0.708583897605535,63.25,256.0
627370,DDD,2014B,0.9510876234949004,75.71428571428571,6.0
627581,DDD,2014B,0.7016832388930366,37.44444444444444,993.0
627616,DDD,2014B,0.919256511049001,75.71428571428571,208.0
627655,DDD,2014B,0.8143801250136694,55.0,101.0
627690,DDD,2014B,0.9604846291041567,75.71428571428571,0.0
627891,DDD,2014B,0.7897502942823,44.857142857142854,307.0
628150,DDD,2014B,0.9420595667574752,75.71428571428571,0.0
628262,DDD,2014B,0.941347145365399,75.71428571428571,162.0
628841,DDD,2014B,0.7981312035071226,60.416666666666664,8.0
628858,DDD,2014B,0.9467004203735536,75.71428571428571,0.0
628947,DDD,2014B,0.941347145365399,75.71428571428571,183.0
629316,DDD,2014B,0.734701012448281,54.0,542.0
629442,DDD,2014B,0.9420595667574752,75.71428571428571,0.0
629632,DDD,2014B,0.7485647206276765,38.0,2569.0
629673,DDD,2014B,0.9420595667574752,75.71428571428571,0.0
629699,DDD,2014B,0.7335627038222734,39.42857142857143,739.0
629706,DDD,2014B,0.9139971446614497,75.71428571428571,202.0
629707,DDD,2014B,0.9709449718521889,75.71428571428571,0.0
629713,DDD,2014B,0.9604846291041567,75.71428571428571,0.0
629822,DDD,2014B,0.7243412618966638,51.375,508.0
629955,DDD,2014B,0.9510876234949004,75.71428571428571,49.0
630009,DDD,2014B,0.9031229350856305,75.71428571428571,223.0
630152,DDD,2014B,0.8374681375886566,43.25,291.0
630359,DDD,2014B,0.8422552342991476,47.75,78.0
630531,DDD,2014B,0.9731870860832271,75.71428571428571,37.0
630556,DDD,2014B,0.9444599654927714,75.71428571428571,140.0
630939,DDD,2014B,0.9510876234949004,75.71428571428571,2.0
631029,DDD,2014B,0.7254417700082197,59.8,321.0
631299,DDD,2014B,0.7897502942823,45.0,304.0
631527,DDD,2014B,0.8022801311387316,25.0,315.0
631560,DDD,2014B,0.9420595667574752,75.71428571428571,0.0
631600,DDD,2014B,0.9510876234949004,75.71428571428571,41.0
631623,DDD,2014B,0.7499232229246185,56.0,241.0
631630,DDD,2014B,0.9420595667574752,75.71428571428571,0.0
631749,DDD,2014B,0.7957668399933714,54.0,165.0
631813,DDD,2014B,0.7097685695053522,60.25,255.0
631945,DDD,2014B,0.7303336350092331,54.666666666666664,346.0
632260,DDD,2014B,0.7272164756383782,67.0,151.0
632469,DDD,2014B,0.758142963890678,58.0,222.0
632473,DDD,2014B,0.8366406860037681,100.0,464.0
632482,DDD,2014B,0.8360289368007328,29.5,173.0
632504,DDD,2014B,0.8163426661111624,53.0,67.0
632725,DDD,2014B,0.8418921244421794,28.0,151.0
632814,DDD,2014B,0.8430806641743955,42.0,273.0
632856,DDD,2014B,0.7540082400775207,39.166666666666664,830.0
632879,DDD,2014B,0.9420595667574752,75.71428571428571,0.0
632975,DDD,2014B,0.9420595667574752,75.71428571428571,0.0
633341,DDD,2014B,0.8361267184877684,26.0,659.0
633477,DDD,2014B,0.9489829023026207,75.71428571428571,126.0
633510,DDD,2014B,0.7201414173795311,72.0,123.0
633771,DDD,2014B,0.9510876234949004,75.71428571428571,52.0
634108,DDD,2014B,0.9489829023026207,75.71428571428571,98.0
634295,DDD,2014B,0.9510876234949004,75.71428571428571,58.0
634313,DDD,2014B,0.9489829023026207,75.71428571428571,114.0
835603,DDD,2014B,0.9669165242929424,75.71428571428571,0.0
879295,DDD,2014B,0.7958546736116137,51.714285714285715,253.0
997948,DDD,2014B,0.9773111132172037,75.71428571428571,61.0
1033968,DDD,2014B,0.8192647677905377,60.0,143.0
1175060,DDD,2014B,0.9731870860832271,75.71428571428571,37.0
1614808,DDD,2014B,0.9604846291041567,75.71428571428571,0.0
1735653,DDD,2014B,0.8162122804737849,64.33333333333333,242.0
1826729,DDD,2014B,0.8544382615818449,27.0,179.0
1845093,DDD,2014B,0.8021606001911097,56.0,345.0
1903131,DDD,2014B,0.9042271864950601,75.71428571428571,335.0
1939179,DDD,2014B,0.7154512213480281,41.0,4139.0
1994454,DDD,2014B,0.9644262976905967,75.71428571428571,133.0
2001102,DDD,2014B,0.8162887712590063,37.75,1485.0
2043916,DDD,2014B,0.8059922916180117,61.0,139.0
2046628,DDD,2014B,0.8061115835990228,41.0,2266.0
2109013,DDD,2014B,0.7969691172414021,53.0,288.0
2110039,DDD,2014B,0.8626992220851283,30.0,300.0
2151748,DDD,2014B,0.8645037447900116,75.71428571428571,386.0
2162388,DDD,2014B,0.7020499585042566,64.0,191.0
2173688,DDD,2014B,0.7957668399933714,53.0,181.0
2305237,DDD,2014B,0.7420313656759713,75.71428571428571,857.0
2305957,DDD,2014B,0.8745608668436959,49.0,91.0
2312809,DDD,2014B,0.7485735660438934,50.857142857142854,425.0
2352039,DDD,2014B,0.7259003693528647,75.71428571428571,647.0
2356318,DDD,2014B,0.7756687550166562,48.4,393.0
2357168,DDD,2014B,0.899775184697037,75.71428571428571,361.0
2365009,DDD,2014B,0.9545819152472932,75.71428571428571,0.0
2366701,DDD,2014B,0.9134513761084996,22.0,28.0
2371311,DDD,2014B,0.9489829023026207,75.71428571428571,96.0
2414973,DDD,2014B,0.8227123506327538,49.142857142857146,255.0
2444109,DDD,2014B,0.8143801250136694,53.5,102.0
2446778,DDD,2014B,0.8601314550884289,0.0,233.0
2465186,DDD,2014B,0.941347145365399,75.71428571428571,175.0
2485856,DDD,2014B,0.9663089122754848,75.71428571428571,0.0
2495139,DDD,2014B,0.9687740005157021,75.71428571428571,105.0
2499850,DDD,2014B,0.9679523038968979,75.71428571428571,0.0
2516497,DDD,2014B,0.9510876234949004,75.71428571428571,40.0
2521837,DDD,2014B,0.9510876234949004,75.71428571428571,30.0
2533590,DDD,2014B,0.9510876234949004,75.71428571428571,32.0
2544678,DDD,2014B,0.7993526451708122,39.0,353.0
2558536,DDD,2014B,0.9655778116076976,75.71428571428571,76.0
2588296,DDD,2014B,0.9731870860832271,75.71428571428571,61.0
2595457,DDD,2014B,0.7526129334747772,52.0,337.0
2599201,DDD,2014B,0.9604846291041567,75.71428571428571,0.0
2610581,DDD,2014B,0.9489829023026207,75.71428571428571,93.0
2621984,DDD,2014B,0.9420595667574752,75.71428571428571,0.0
2631092,DDD,2014B,0.9731870860832271,75.71428571428571,13.0
2638464,DDD,2014B,0.9491250823974074,75.71428571428571,73.0
2639021,DDD,2014B,0.7923185779672974,56.5,165.0
2640853,DDD,2014B,0.9420595667574752,75.71428571428571,0.0
2646737,DDD,2014B,0.7327699413665343,57.0,681.0
2683696,DDD,2014B,0.9826271896710997,75.71428571428571,0.0
2686365,DDD,2014B,0.8513794392288696,57.0,48.0
2686865,DDD,2014B,0.7927043930478628,47.57142857142857,497.0
2689501,DDD,2014B,0.7021716465937621,65.66666666666667,375.0
2692101,DDD,2014B,0.7909783977456867,55.2,344.0
2692948,DDD,2014B,0.757634826515356,54.0,493.0
2696376,DDD,2014B,0.8902118353670169,37.0,282.0
2710343,DDD,2014B,0.9604890193424273,75.71428571428571,0.0
25572,DDD,2014J,0.860255679242667,55.0,113.0
27417,DDD,2014J,0.749422234753398,50.625,510.0
33387,DDD,2014J,0.8004527608795594,59.0,248.0
33897,DDD,2014J,0.7652033945038444,54.5,322.0
46812,DDD,2014J,0.8577268524900377,55.0,141.0
51253,DDD,2014J,0.9604846291041567,75.71428571428571,0.0
51955,DDD,2014J,0.7756687550166562,49.714285714285715,405.0
58731,DDD,2014J,0.8175944580637388,56.285714285714285,177.0
69239,DDD,2014J,0.9582867198052278,75.71428571428571,0.0
73019,DDD,2014J,0.7708118346210228,45.0,540.0
73664,DDD,2014J,0.8595236044156137,25.0,141.0
75309,DDD,2014J,0.9810621229997858,75.71428571428571,1.0
83553,DDD,2014J,0.7235895536517386,61.666666666666664,393.0
99609,DDD,2014J,0.9552565814409484,75.71428571428571,139.0
101187,DDD,2014J,0.9604846291041567,75.71428571428571,0.0
101279,DDD,2014J,0.8143801250136694,55.0,112.0
103891,DDD,2014J,0.9765968163688481,75.71428571428571,83.0
104215,DDD,2014J,0.9709370633458453,75.71428571428571,0.0
111415,DDD,2014J,0.9604890193424273,75.71428571428571,0.0
124210,DDD,2014J,0.9604846291041567,75.71428571428571,0.0
134920,DDD,2014J,0.7959437411734055,47.142857142857146,236.0
135999,DDD,2014J,0.7918648793675273,55.0,188.0
145188,DDD,2014J,0.9510876234949004,75.71428571428571,26.0
154073,DDD,2014J,0.7769219460106109,53.285714285714285,343.0
163996,DDD,2014J,0.7076887406683045,47.0,775.0
167945,DDD,2014J,0.7943404824927691,46.0,479.0
168843,DDD,2014J,0.7809033782698197,51.0,465.0
175804,DDD,2014J,0.7800750118224203,75.0,121.0
191732,DDD,2014J,0.8335982131287121,46.8,154.0
203149,DDD,2014J,0.7254417700082197,59.25,326.0
231697,DDD,2014J,0.9510876234949004,75.71428571428571,24.0
233868,DDD,2014J,0.7236226630140888,46.833333333333336,629.0
236017,DDD,2014J,0.9689493753210092,75.71428571428571,88.0
236150,DDD,2014J,0.9525112230824726,75.71428571428571,198.0
240236,DDD,2014J,0.7594986551601702,45.285714285714285,1066.0
241066,DDD,2014J,0.7539207070994287,58.714285714285715,356.0
253579,DDD,2014J,0.8338284467563029,42.166666666666664,643.0
260639,DDD,2014J,0.8170653571402524,50.0,476.0
264601,DDD,2014J,0.9561678065602472,75.71428571428571,0.0
267118,DDD,2014J,0.735155970500645,72.66666666666667,318.0
281252,DDD,2014J,0.9510876234949004,75.71428571428571,20.0
281799,DDD,2014J,0.7267252947475287,67.5,89.0
282498,DDD,2014J,0.9510876234949004,75.71428571428571,1.0
288762,DDD,2014J,0.9604846291041567,75.71428571428571,0.0
300057,DDD,2014J,0.7026608030239262,69.33333333333333,163.0
301036,DDD,2014J,0.9697458515928026,75.71428571428571,5.0
303341,DDD,2014J,0.9722580753855629,75.71428571428571,39.0
306754,DDD,2014J,0.9656809029062832,75.71428571428571,0.0
309258,DDD,2014J,0.965913107612855,75.71428571428571,177.0
319325,DDD,2014J,0.9510876234949004,75.71428571428571,6.0
321952,DDD,2014J,0.7490008331890149,62.42857142857143,182.0
323025,DDD,2014J,0.962277938035908,75.71428571428571,0.0
331526,DDD,2014J,0.9722580753855629,75.71428571428571,2.0
333823,DDD,2014J,0.9604890193424273,75.71428571428571,0.0
335018,DDD,2014J,0.7567680306681727,57.72727272727273,317.0
336218,DDD,2014J,0.8016167963327527,31.666666666666668,335.0
337048,DDD,2014J,0.8767164354969985,29.0,47.0
341855,DDD,2014J,0.7424517166740462,34.30769230769231,1104.0
348602,DDD,2014J,0.9722580753855629,75.71428571428571,9.0
350361,DDD,2014J,0.9588064839383145,75.71428571428571,0.0
352954,DDD,2014J,0.9722580753855629,75.71428571428571,20.0
355034,DDD,2014J,0.8423719095902675,50.0,157.0
361842,DDD,2014J,0.9689979935628061,75.71428571428571,45.0
364307,DDD,2014J,0.97907029053909,75.71428571428571,58.0
365893,DDD,2014J,0.7116108758840289,52.666666666666664,542.0
371949,DDD,2014J,0.9538683754260314,75.71428571428571,3.0
373795,DDD,2014J,0.9670354524653132,75.71428571428571,71.0
376758,DDD,2014J,0.7402882124571404,59.0,264.0
378388,DDD,2014J,0.7823163837731856,47.5,300.0
381439,DDD,2014J,0.8066972839650925,40.5,230.0
384106,DDD,2014J,0.8123485501220231,100.0,521.0
384295,DDD,2014J,0.7689076654641315,60.285714285714285,371.0
385019,DDD,2014J,0.8749892179920841,10.0,129.0
389076,DDD,2014J,0.9664912425198454,75.71428571428571,91.0
390849,DDD,2014J,0.7013733675113312,62.142857142857146,363.0
392250,DDD,2014J,0.9604846291041567,75.71428571428571,0.0
395535,DDD,2014J,0.7730930160632422,43.333333333333336,611.0
395980,DDD,2014J,0.9689979935628061,75.71428571428571,1.0
399628,DDD,2014J,0.7874703553743077,47.857142857142854,436.0
399772,DDD,2014J,0.9689979935628061,75.71428571428571,28.0
402268,DDD,2014J,0.8104558954470212,60.0,128.0
402829,DDD,2014J,0.9420595667574752,75.71428571428571,0.0
403052,DDD,2014J,0.8021711527493385,39.6,778.0
407487,DDD,2014J,0.7363250795964795,74.75,193.0
408344,DDD,2014J,0.9710159826320957,75.71428571428571,28.0
409120,DDD,2014J,0.8053862295699799,55.8,166.0
417157,DDD,2014J,0.9604846291041567,75.71428571428571,0.0
418851,DDD,2014J,0.9510876234949004,75.71428571428571,64.0
420745,DDD,2014J,0.975847926099467,75.71428571428571,11.0
421242,DDD,2014J,0.9604890193424273,75.71428571428571,0.0
423650,DDD,2014J,0.9420595667574752,75.71428571428571,0.0
425393,DDD,2014J,0.9604890193424273,75.71428571428571,0.0
428116,DDD,2014J,0.7795940673347619,53.142857142857146,271.0
429740,DDD,2014J,0.9773111132172037,75.71428571428571,25.0
431136,DDD,2014J,0.72918585101052,34.44444444444444,1189.0
435536,DDD,2014J,0.9420595667574752,75.71428571428571,0.0
438135,DDD,2014J,0.9597795182507977,75.71428571428571,116.0
441354,DDD,2014J,0.972520431542183,75.71428571428571,16.0
442191,DDD,2014J,0.962277938035908,75.71428571428571,0.0
444388,DDD,2014J,0.9420595667574752,75.71428571428571,0.0
444625,DDD,2014J,0.9545819152472932,75.71428571428571,0.0
445351,DDD,2014J,0.7267252947475287,65.75,110.0
445474,DDD,2014J,0.9420595667574752,75.71428571428571,0.0
445595,DDD,2014J,0.9604846291041567,75.71428571428571,0.0
447393,DDD,2014J,0.983669721934421,75.71428571428571,0.0
466714,DDD,2014J,0.8498050531081917,34.5,371.0
466956,DDD,2014J,0.9709523573765612,75.71428571428571,0.0
470555,DDD,2014J,0.9519109861590668,75.71428571428571,197.0
470914,DDD,2014J,0.705736467833407,44.7,802.0
471976,DDD,2014J,0.8277350254872654,45.0,167.0
472649,DDD,2014J,0.9588064839383145,75.71428571428571,0.0
474119,DDD,2014J,0.7886924439774278,55.0,197.0
475443,DDD,2014J,0.7520927190919032,37.0,777.0
475839,DDD,2014J,0.8272413256895043,44.5,525.0
477556,DDD,2014J,0.7667507595756841,58.666666666666664,290.0
478326,DDD,2014J,0.7837008578175874,70.0,133.0
483343,DDD,2014J,0.9709370633458453,75.71428571428571,0.0
484171,DDD,2014J,0.9679523038968979,75.71428571428571,0.0
485421,DDD,2014J,0.7692935569094914,49.333333333333336,473.0
485612,DDD,2014J,0.9743567103115932,75.71428571428571,135.0
486244,DDD,2014J,0.9159138022769383,75.71428571428571,229.0
486539,DDD,2014J,0.9604890193424273,75.71428571428571,0.0
487607,DDD,2014J,0.7740121124066042,47.833333333333336,423.0
491688,DDD,2014J,0.9753866731548955,75.71428571428571,73.0
492254,DDD,2014J,0.9604846291041567,75.71428571428571,0.0
493650,DDD,2014J,0.7072949756757554,67.5,160.0
493826,DDD,2014J,0.899775184697037,75.71428571428571,365.0
495762,DDD,2014J,0.9675403527051906,75.71428571428571,26.0
496154,DDD,2014J,0.7080024066149292,57.6,503.0
496494,DDD,2014J,0.9510876234949004,75.71428571428571,27.0
497989,DDD,2014J,0.8668608424418065,40.0,152.0
498326,DDD,2014J,0.9420595667574752,75.71428571428571,0.0
500339,DDD,2014J,0.9516849242836715,75.71428571428571,219.0
504034,DDD,2014J,0.8193347370875166,62.0,44.0
504064,DDD,2014J,0.7237750375382003,50.285714285714285,1078.0
504552,DDD,2014J,0.7867028773034908,60.0,222.0
504841,DDD,2014J,0.9722580753855629,75.71428571428571,21.0
506824,DDD,2014J,0.9689979935628061,75.71428571428571,22.0
507478,DDD,2014J,0.7703381833656279,59.5,269.0
507576,DDD,2014J,0.9510876234949004,75.71428571428571,14.0
508615,DDD,2014J,0.7162020253668185,54.166666666666664,526.0
508829,DDD,2014J,0.8004112291367035,37.285714285714285,354.0
508872,DDD,2014J,0.9668932723705265,75.71428571428571,110.0
509998,DDD,2014J,0.9722580753855629,75.71428571428571,66.0
510532,DDD,2014J,0.9778853493894876,75.71428571428571,1.0
513356,DDD,2014J,0.8744003434977344,48.25,124.0
514324,DDD,2014J,0.7451137235106675,71.0,144.0
515052,DDD,2014J,0.7270904109564219,58.285714285714285,317.0
516562,DDD,2014J,0.7154816115423074,59.4,450.0
523817,DDD,2014J,0.8310074023931429,57.0,63.0
524020,DDD,2014J,0.7637772344586423,70.0,106.0
526699,DDD,2014J,0.8618025702988648,45.0,165.0
528535,DDD,2014J,0.7376638114155715,65.5,304.0
529789,DDD,2014J,0.7599366726742179,65.0,157.0
529885,DDD,2014J,0.972520431542183,75.71428571428571,3.0
530807,DDD,2014J,0.9604846291041567,75.71428571428571,0.0
534827,DDD,2014J,0.9441278972965302,75.71428571428571,178.0
535220,DDD,2014J,0.7308981484479871,41.44444444444444,723.0
536736,DDD,2014J,0.8395577967754098,44.0,266.0
537463,DDD,2014J,0.7993342256997719,60.0,204.0
540885,DDD,2014J,0.9709370633458453,75.71428571428571,0.0
543478,DDD,2014J,0.7229804178083772,54.857142857142854,497.0
545127,DDD,2014J,0.9722580753855629,75.71428571428571,5.0
546299,DDD,2014J,0.8104196249592995,42.375,464.0
546773,DDD,2014J,0.7047309103157582,56.666666666666664,490.0
547464,DDD,2014J,0.9604846291041567,75.71428571428571,0.0
547786,DDD,2014J,0.760568254431633,55.42857142857143,492.0
548486,DDD,2014J,0.9668932723705265,75.71428571428571,99.0
548851,DDD,2014J,0.8730271041106653,75.71428571428571,331.0
549337,DDD,2014J,0.8540204155414648,41.0,159.0
550358,DDD,2014J,0.7913120091165097,47.0,275.0
551595,DDD,2014J,0.8779398225766312,37.5,148.0
553576,DDD,2014J,0.9690363566723222,75.71428571428571,92.0
554215,DDD,2014J,0.97243345019087,75.71428571428571,24.0
554407,DDD,2014J,0.9722580753855629,75.71428571428571,18.0
556007,DDD,2014J,0.9748995404155802,75.71428571428571,112.0
557083,DDD,2014J,0.9761872657939414,75.71428571428571,89.0
557474,DDD,2014J,0.707366287439449,47.916666666666664,703.0
559707,DDD,2014J,0.7897502942823,46.0,301.0
559882,DDD,2014J,0.9604846291041567,75.71428571428571,0.0
562100,DDD,2014J,0.8044647439580581,24.2,921.0
562890,DDD,2014J,0.9687740005157021,75.71428571428571,125.0
563595,DDD,2014J,0.7220597516144777,40.0,766.0
564000,DDD,2014J,0.7559258577975493,49.8,563.0
564643,DDD,2014J,0.8512808141462811,45.0,233.0
565209,DDD,2014J,0.7581986160526405,54.0,454.0
566560,DDD,2014J,0.9709449718521889,75.71428571428571,0.0
566712,DDD,2014J,0.9722580753855629,75.71428571428571,43.0
567176,DDD,2014J,0.8280458440512594,75.71428571428571,486.0
567281,DDD,2014J,0.7978439144325731,62.5,101.0
569749,DDD,2014J,0.8559274214426605,40.0,234.0
572043,DDD,2014J,0.9689979935628061,75.71428571428571,39.0
572413,DDD,2014J,0.9604846291041567,75.71428571428571,0.0
572414,DDD,2014J,0.8573885388690897,32.5,140.0
572430,DDD,2014J,0.8211789757491023,49.857142857142854,267.0
572722,DDD,2014J,0.8109318629875955,57.5,109.0
574612,DDD,2014J,0.7490177337479957,52.285714285714285,371.0
575200,DDD,2014J,0.7841723735073264,60.0,201.0
575272,DDD,2014J,0.9547344447941826,75.71428571428571,0.0
575337,DDD,2014J,0.929256885911211,75.71428571428571,279.0
575566,DDD,2014J,0.9489829023026207,75.71428571428571,124.0
575999,DDD,2014J,0.8944429759792114,75.71428571428571,277.0
577359,DDD,2014J,0.9722580753855629,75.71428571428571,6.0
577638,DDD,2014J,0.7360737664063878,62.9,456.0
577934,DDD,2014J,0.9722580753855629,75.71428571428571,70.0
580534,DDD,2014J,0.7158283964912528,55.0,504.0
580838,DDD,2014J,0.9510876234949004,75.71428571428571,49.0
583092,DDD,2014J,0.7007963442328656,70.0,171.0
583147,DDD,2014J,0.9444581484715581,75.71428571428571,230.0
583604,DDD,2014J,0.9510876234949004,75.71428571428571,13.0
584038,DDD,2014J,0.829698181804104,42.666666666666664,354.0
586444,DDD,2014J,0.781444979025027,34.333333333333336,638.0
586957,DDD,2014J,0.793583780898446,75.66666666666667,4.0
587576,DDD,2014J,0.7009700089533003,42.625,1310.0
587772,DDD,2014J,0.8716522593156517,50.0,44.0
587777,DDD,2014J,0.9510876234949004,75.71428571428571,20.0
588058,DDD,2014J,0.754290432764613,53.5,573.0
588383,DDD,2014J,0.9703505347484379,75.71428571428571,0.0
588954,DDD,2014J,0.9773111132172037,75.71428571428571,29.0
590110,DDD,2014J,0.7324499923459022,60.0,373.0
590632,DDD,2014J,0.9510876234949004,75.71428571428571,8.0
590753,DDD,2014J,0.8422552342991476,50.0,78.0
592344,DDD,2014J,0.9755325223772866,75.71428571428571,97.0
593556,DDD,2014J,0.8438799393047369,47.666666666666664,124.0
594164,DDD,2014J,0.7704161319553493,34.666666666666664,5217.0
594329,DDD,2014J,0.7662675231443999,51.0,271.0
595396,DDD,2014J,0.7199640572661583,49.333333333333336,651.0
596420,DDD,2014J,0.726427076150443,58.333333333333336,334.0
597779,DDD,2014J,0.7267252947475287,65.4,82.0
597814,DDD,2014J,0.8735887850785353,50.0,122.0
598123,DDD,2014J,0.8124541602289977,67.0,160.0
598283,DDD,2014J,0.9604052658984056,75.71428571428571,169.0
598303,DDD,2014J,0.7503030908567436,52.2,289.0
598493,DDD,2014J,0.8323805924058607,10.0,161.0
599270,DDD,2014J,0.7463399988352232,62.5,73.0
599877,DDD,2014J,0.9604846291041567,75.71428571428571,0.0
600554,DDD,2014J,0.7039199472543178,65.0,186.0
600616,DDD,2014J,0.9604052658984056,75.71428571428571,188.0
603490,DDD,2014J,0.9687740005157021,75.71428571428571,94.0
603726,DDD,2014J,0.8422552342991476,50.0,114.0
604671,DDD,2014J,0.7123576331613195,56.285714285714285,445.0
605313,DDD,2014J,0.8658088999630091,37.0,198.0
605676,DDD,2014J,0.9722580753855629,75.71428571428571,9.0
606089,DDD,2014J,0.9722580753855629,75.71428571428571,10.0
606247,DDD,2014J,0.9420595667574752,75.71428571428571,0.0
607110,DDD,2014J,0.821660006169141,56.666666666666664,140.0
608943,DDD,2014J,0.7929784044235144,54.0,203.0
609655,DDD,2014J,0.8458424804022299,45.0,62.0
609681,DDD,2014J,0.8967481254301245,36.0,62.0
610537,DDD,2014J,0.8558186928504972,35.8,358.0
610609,DDD,2014J,0.9689979935628061,75.71428571428571,7.0
610622,DDD,2014J,0.8747690924319638,37.5,178.0
611013,DDD,2014J,0.7613004242737881,55.42857142857143,220.0
611356,DDD,2014J,0.9742560772036414,75.71428571428571,75.0
611588,DDD,2014J,0.8255195811892102,41.6,374.0
611865,DDD,2014J,0.8455891392232452,47.0,160.0
612615,DDD,2014J,0.9510876234949004,75.71428571428571,25.0
612979,DDD,2014J,0.9510876234949004,75.71428571428571,8.0
613910,DDD,2014J,0.7656579458874164,71.66666666666667,98.0
614499,DDD,2014J,0.9420595667574752,75.71428571428571,0.0
614683,DDD,2014J,0.8057539816058876,60.0,182.0
614912,DDD,2014J,0.9510876234949004,75.71428571428571,32.0
616862,DDD,2014J,0.832579373094687,35.0,309.0
617249,DDD,2014J,0.7452770694530233,49.75,698.0
617993,DDD,2014J,0.7638123115458453,60.0,212.0
618531,DDD,2014J,0.9716235341701983,75.71428571428571,1.0
618825,DDD,2014J,0.962277938035908,75.71428571428571,0.0
619055,DDD,2014J,0.8567673323764236,47.5,126.0
619851,DDD,2014J,0.8366642743160898,42.0,516.0
620676,DDD,2014J,0.9679523038968979,75.71428571428571,0.0
621001,DDD,2014J,0.9715501875262137,75.71428571428571,75.0
622384,DDD,2014J,0.8711043610136998,43.666666666666664,173.0
623224,DDD,2014J,0.9420595667574752,75.71428571428571,0.0
623407,DDD,2014J,0.9236694695773687,75.71428571428571,255.0
623586,DDD,2014J,0.9604846291041567,75.71428571428571,0.0
624631,DDD,2014J,0.9604846291041567,75.71428571428571,0.0
625012,DDD,2014J,0.9679523038968979,75.71428571428571,0.0
625013,DDD,2014J,0.9420595667574752,75.71428571428571,0.0
625283,DDD,2014J,0.7063824169703236,75.71428571428571,583.0
625765,DDD,2014J,0.7259804655458375,59.0,357.0
626151,DDD,2014J,0.9604890193424273,75.71428571428571,0.0
626799,DDD,2014J,0.9604846291041567,75.71428571428571,0.0
627097,DDD,2014J,0.7013733675113312,61.714285714285715,359.0
627695,DDD,2014J,0.7553319764854249,48.57142857142857,566.0
628259,DDD,2014J,0.7503719900473694,43.5,724.0
628662,DDD,2014J,0.801127382497243,55.0,305.0
628685,DDD,2014J,0.9420595667574752,75.71428571428571,0.0
628733,DDD,2014J,0.8891862716457665,35.0,41.0
630328,DDD,2014J,0.728059533623204,56.285714285714285,349.0
630354,DDD,2014J,0.7229976865446485,59.0,412.0
630775,DDD,2014J,0.9510876234949004,75.71428571428571,4.0
631293,DDD,2014J,0.7179708249564459,62.5,198.0
631295,DDD,2014J,0.9761872657939414,75.71428571428571,110.0
631486,DDD,2014J,0.9722580753855629,75.71428571428571,20.0
631960,DDD,2014J,0.972520431542183,75.71428571428571,38.0
632473,DDD,2014J,0.8203822327659144,100.0,464.0
632719,DDD,2014J,0.8422552342991476,50.0,85.0
632795,DDD,2014J,0.8035207379577933,60.0,163.0
632831,DDD,2014J,0.7247784352022408,60.0,328.0
633237,DDD,2014J,0.9604052658984056,75.71428571428571,170.0
633409,DDD,2014J,0.8422552342991476,49.0,104.0
633414,DDD,2014J,0.8574740333032033,42.0,662.0
633525,DDD,2014J,0.9420595667574752,75.71428571428571,0.0
634035,DDD,2014J,0.747084550993768,55.0,435.0
634693,DDD,2014J,0.8662679079751338,34.0,592.0
635071,DDD,2014J,0.9604846291041567,75.71428571428571,0.0
635170,DDD,2014J,0.7770559518639089,47.0,498.0
635986,DDD,2014J,0.9604052658984056,75.71428571428571,175.0
636243,DDD,2014J,0.8331074743776987,47.5,234.0
636420,DDD,2014J,0.8231897334220547,33.0,673.0
636590,DDD,2014J,0.9588064839383145,75.71428571428571,0.0
636712,DDD,2014J,0.962277938035908,75.71428571428571,0.0
637347,DDD,2014J,0.769602604297338,50.142857142857146,286.0
638023,DDD,2014J,0.7489405716724657,65.0,76.0
638051,DDD,2014J,0.7780081604326174,45.0,433.0
638131,DDD,2014J,0.7284625017643644,67.66666666666667,163.0
638202,DDD,2014J,0.742091072077599,61.75,224.0
638243,DDD,2014J,0.7453311978277263,67.0,223.0
638358,DDD,2014J,0.9545819152472932,75.71428571428571,0.0
638657,DDD,2014J,0.9604846291041567,75.71428571428571,0.0
639190,DDD,2014J,0.9722580753855629,75.71428571428571,50.0
640054,DDD,2014J,0.9604846291041567,75.71428571428571,0.0
640144,DDD,2014J,0.7837053447371797,52.5,295.0
641192,DDD,2014J,0.9491250823974074,75.71428571428571,82.0
641305,DDD,2014J,0.8093273752172319,60.0,99.0
641557,DDD,2014J,0.981482340909946,75.71428571428571,60.0
641609,DDD,2014J,0.7247784352022408,59.833333333333336,337.0
641613,DDD,2014J,0.9420595667574752,75.71428571428571,0.0
641845,DDD,2014J,0.8143801250136694,55.0,110.0
642139,DDD,2014J,0.7123576331613195,56.5,446.0
642222,DDD,2014J,0.8958279776407858,75.71428571428571,357.0
642230,DDD,2014J,0.7828059438892616,55.0,282.0
642744,DDD,2014J,0.7016106065651028,74.33333333333333,216.0
642764,DDD,2014J,0.8326717417092812,45.0,359.0
642785,DDD,2014J,0.9604846291041567,75.71428571428571,0.0
643021,DDD,2014J,0.9604846291041567,75.71428571428571,0.0
643230,DDD,2014J,0.8319657412047867,52.666666666666664,129.0
643542,DDD,2014J,0.749027448541015,60.0,334.0
644310,DDD,2014J,0.7313291308024813,55.5,295.0
644474,DDD,2014J,0.7575376145640413,48.57142857142857,621.0
644516,DDD,2014J,0.7048368943589012,72.2,208.0
644881,DDD,2014J,0.9604846291041567,75.71428571428571,0.0
645019,DDD,2014J,0.798916953330417,55.0,156.0
645054,DDD,2014J,0.8172625368998742,39.857142857142854,701.0
645353,DDD,2014J,0.9778965587602343,75.71428571428571,127.0
645512,DDD,2014J,0.8438125407677629,55.0,104.0
645710,DDD,2014J,0.9604846291041567,75.71428571428571,0.0
645738,DDD,2014J,0.9604846291041567,75.71428571428571,0.0
645850,DDD,2014J,0.9604846291041567,75.71428571428571,0.0
645866,DDD,2014J,0.7285528863516406,55.0,403.0
645906,DDD,2014J,0.9729842774568935,75.71428571428571,0.0
645962,DDD,2014J,0.7313291308024813,57.4,289.0
646020,DDD,2014J,0.9703505347484379,75.71428571428571,0.0
646027,DDD,2014J,0.9420595667574752,75.71428571428571,0.0
646077,DDD,2014J,0.9716235341701983,75.71428571428571,5.0
646086,DDD,2014J,0.9703505347484379,75.71428571428571,0.0
646314,DDD,2014J,0.8341356226032195,55.0,126.0
646359,DDD,2014J,0.7060733637026586,43.333333333333336,993.0
646391,DDD,2014J,0.7267252947475287,65.0,101.0
646689,DDD,2014J,0.8912144403066603,75.71428571428571,346.0
646700,DDD,2014J,0.747084550993768,55.0,433.0
646755,DDD,2014J,0.9545819152472932,75.71428571428571,0.0
646957,DDD,2014J,0.7925267438290352,53.57142857142857,273.0
647218,DDD,2014J,0.7292615639668005,56.166666666666664,364.0
647318,DDD,2014J,0.9702012771093199,75.71428571428571,97.0
647368,DDD,2014J,0.7391610100507517,70.0,168.0
647468,DDD,2014J,0.9612096099414275,75.71428571428571,0.0
647604,DDD,2014J,0.8894339883301583,47.4,120.0
647824,DDD,2014J,0.9722580753855629,75.71428571428571,7.0
647920,DDD,2014J,0.9510876234949004,75.71428571428571,2.0
647947,DDD,2014J,0.91631998933988,75.71428571428571,286.0
647953,DDD,2014J,0.9604846291041567,75.71428571428571,0.0
647968,DDD,2014J,0.9722580753855629,75.71428571428571,8.0
648237,DDD,2014J,0.9420595667574752,75.71428571428571,0.0
648597,DDD,2014J,0.775177261079345,60.0,176.0
648695,DDD,2014J,0.8481993870290222,45.0,140.0
648833,DDD,2014J,0.9801834957079505,75.71428571428571,25.0
648841,DDD,2014J,0.7117870969161992,74.28571428571429,194.0
648880,DDD,2014J,0.9722580753855629,75.71428571428571,23.0
648888,DDD,2014J,0.9420595667574752,75.71428571428571,0.0
648947,DDD,2014J,0.9755325223772866,75.71428571428571,108.0
648966,DDD,2014J,0.9420595667574752,75.71428571428571,0.0
649041,DDD,2014J,0.8155434340772371,45.57142857142857,672.0
649120,DDD,2014J,0.8381715027437096,41.0,155.0
649230,DDD,2014J,0.7708626867247156,65.75,19.0
649394,DDD,2014J,0.9722580753855629,75.71428571428571,7.0
649552,DDD,2014J,0.7981238171253097,44.285714285714285,613.0
649689,DDD,2014J,0.9420595667574752,75.71428571428571,0.0
649963,DDD,2014J,0.8394157409532558,60.0,102.0
650074,DDD,2014J,0.9722580753855629,75.71428571428571,7.0
650232,DDD,2014J,0.7208633165947868,60.166666666666664,262.0
650243,DDD,2014J,0.9755325223772866,75.71428571428571,88.0
650414,DDD,2014J,0.9604052658984056,75.71428571428571,175.0
650515,DDD,2014J,0.8470197842260234,38.75,302.0
650711,DDD,2014J,0.7648903248647981,37.166666666666664,703.0
650829,DDD,2014J,0.9545819152472932,75.71428571428571,0.0
650957,DDD,2014J,0.7054305168846946,66.71428571428571,181.0
651048,DDD,2014J,0.9538683754260314,75.71428571428571,14.0
651174,DDD,2014J,0.9722580753855629,75.71428571428571,8.0
651176,DDD,2014J,0.7913120091165097,46.666666666666664,273.0
651267,DDD,2014J,0.73616123145877,0.0,1018.0
651481,DDD,2014J,0.9779798020422612,75.71428571428571,45.0
651507,DDD,2014J,0.8470678777175891,46.142857142857146,156.0
651561,DDD,2014J,0.7957668399933714,53.142857142857146,175.0
651579,DDD,2014J,0.7980782678226306,42.142857142857146,286.0
651651,DDD,2014J,0.9604846291041567,75.71428571428571,0.0
651672,DDD,2014J,0.728331526470856,64.57142857142857,280.0
651728,DDD,2014J,0.8095628299299156,38.0,247.0
651963,DDD,2014J,0.9715501875262137,75.71428571428571,78.0
652048,DDD,2014J,0.7486763892365869,52.5,318.0
652292,DDD,2014J,0.7702806872542167,54.5,406.0
652406,DDD,2014J,0.9604846291041567,75.71428571428571,0.0
652531,DDD,2014J,0.9612096099414275,75.71428571428571,0.0
652881,DDD,2014J,0.728059533623204,56.25,348.0
653031,DDD,2014J,0.7878999464607874,45.0,312.0
653051,DDD,2014J,0.8603243531181823,48.57142857142857,216.0
653060,DDD,2014J,0.7769949969839994,65.0,51.0
653296,DDD,2014J,0.9722580753855629,75.71428571428571,5.0
653723,DDD,2014J,0.962277938035908,75.71428571428571,0.0
653770,DDD,2014J,0.9604846291041567,75.71428571428571,0.0
653771,DDD,2014J,0.9604846291041567,75.71428571428571,0.0
653914,DDD,2014J,0.7977081915521782,38.0,441.0
653977,DDD,2014J,0.9545819152472932,75.71428571428571,0.0
654091,DDD,2014J,0.9489829023026207,75.71428571428571,100.0
654282,DDD,2014J,0.7715568168109028,55.0,334.0
654502,DDD,2014J,0.7909534548118441,58.5,216.0
654828,DDD,2014J,0.9604846291041567,75.71428571428571,0.0
654863,DDD,2014J,0.9722580753855629,75.71428571428571,5.0
654938,DDD,2014J,0.9687740005157021,75.71428571428571,101.0
655254,DDD,2014J,0.9545819152472932,75.71428571428571,0.0
655761,DDD,2014J,0.9604846291041567,75.71428571428571,0.0
655910,DDD,2014J,0.9687740005157021,75.71428571428571,95.0
656009,DDD,2014J,0.9604846291041567,75.71428571428571,0.0
656079,DDD,2014J,0.8097103087713725,57.5,153.0
656115,DDD,2014J,0.9491250823974074,75.71428571428571,75.0
656175,DDD,2014J,0.8451326607220991,35.0,136.0
656280,DDD,2014J,0.8109318629875955,56.333333333333336,102.0
656393,DDD,2014J,0.7337643529085831,53.333333333333336,496.0
656459,DDD,2014J,0.9604052658984056,75.71428571428571,178.0
656682,DDD,2014J,0.8560666929988759,30.0,162.0
656826,DDD,2014J,0.8081422915550376,53.25,204.0
657071,DDD,2014J,0.9538683754260314,75.71428571428571,59.0
657161,DDD,2014J,0.9604846291041567,75.71428571428571,0.0
674219,DDD,2014J,0.9420595667574752,75.71428571428571,0.0
674277,DDD,2014J,0.9722580753855629,75.71428571428571,5.0
674361,DDD,2014J,0.9604846291041567,75.71428571428571,0.0
674419,DDD,2014J,0.9783258387448385,75.71428571428571,88.0
674437,DDD,2014J,0.7240789070162684,55.142857142857146,291.0
674440,DDD,2014J,0.7397708464588993,53.57142857142857,469.0
674469,DDD,2014J,0.9510876234949004,75.71428571428571,61.0
675050,DDD,2014J,0.8062831521980048,51.0,199.0
675052,DDD,2014J,0.97243345019087,75.71428571428571,29.0
675144,DDD,2014J,0.7724677750749548,48.5,506.0
675253,DDD,2014J,0.9489829023026207,75.71428571428571,97.0
675471,DDD,2014J,0.9510876234949004,75.71428571428571,13.0
675656,DDD,2014J,0.9722580753855629,75.71428571428571,53.0
675699,DDD,2014J,0.7886924439774278,55.0,195.0
675945,DDD,2014J,0.9538683754260314,75.71428571428571,7.0
676204,DDD,2014J,0.8531288443216282,40.0,23.0
676368,DDD,2014J,0.9489829023026207,75.71428571428571,88.0
676373,DDD,2014J,0.734156561403696,54.0,527.0
676642,DDD,2014J,0.9510876234949004,75.71428571428571,62.0
676766,DDD,2014J,0.8145172642848969,42.333333333333336,364.0
676809,DDD,2014J,0.7229976865446485,59.42857142857143,377.0
677012,DDD,2014J,0.9709370633458453,75.71428571428571,0.0
677270,DDD,2014J,0.9604052658984056,75.71428571428571,166.0
677316,DDD,2014J,0.7367034435263288,52.8,371.0
677444,DDD,2014J,0.8051936365614755,50.0,355.0
677449,DDD,2014J,0.9467004203735536,75.71428571428571,0.0
677579,DDD,2014J,0.7547330750654885,50.857142857142854,547.0
677601,DDD,2014J,0.826110320481676,49.333333333333336,167.0
677606,DDD,2014J,0.8343407673703424,42.57142857142857,590.0
677629,DDD,2014J,0.7844815041722609,54.333333333333336,269.0
677988,DDD,2014J,0.9510876234949004,75.71428571428571,19.0
678041,DDD,2014J,0.7130532077447559,75.71428571428571,506.0
678058,DDD,2014J,0.8096986300573953,32.666666666666664,261.0
678219,DDD,2014J,0.7419368534053425,58.333333333333336,260.0
678231,DDD,2014J,0.8104558954470212,58.0,128.0
678262,DDD,2014J,0.9687740005157021,75.71428571428571,107.0
678382,DDD,2014J,0.9604846291041567,75.71428571428571,0.0
678737,DDD,2014J,0.9722580753855629,75.71428571428571,25.0
679000,DDD,2014J,0.7798764883133732,75.71428571428571,526.0
679234,DDD,2014J,0.9604846291041567,75.71428571428571,0.0
679255,DDD,2014J,0.8060488365148992,35.0,234.0
679388,DDD,2014J,0.9722580753855629,75.71428571428571,22.0
679427,DDD,2014J,0.9605656469566101,75.71428571428571,145.0
679760,DDD,2014J,0.8531288443216282,40.0,50.0
680293,DDD,2014J,0.9510876234949004,75.71428571428571,42.0
680331,DDD,2014J,0.8524682175832138,51.833333333333336,131.0
680612,DDD,2014J,0.9489829023026207,75.71428571428571,95.0
680698,DDD,2014J,0.9722580753855629,75.71428571428571,2.0
680728,DDD,2014J,0.7926810375255432,44.57142857142857,308.0
680733,DDD,2014J,0.7469187104529101,67.5,187.0
680764,DDD,2014J,0.790294499449422,51.0,298.0
680807,DDD,2014J,0.9722580753855629,75.71428571428571,46.0
680846,DDD,2014J,0.9420595667574752,75.71428571428571,0.0
680981,DDD,2014J,0.8232745804057806,57.5,61.0
680996,DDD,2014J,0.717466760272194,68.0,296.0
681125,DDD,2014J,0.8415813064440941,35.0,148.0
681182,DDD,2014J,0.9031229350856305,75.71428571428571,224.0
681210,DDD,2014J,0.849475334259985,75.71428571428571,449.0
681356,DDD,2014J,0.7267553060559685,61.142857142857146,273.0
681528,DDD,2014J,0.855142627370834,50.0,104.0
681638,DDD,2014J,0.9604846291041567,75.71428571428571,0.0
681695,DDD,2014J,0.9722580753855629,75.71428571428571,6.0
681854,DDD,2014J,0.7193784259407142,66.66666666666667,134.0
681960,DDD,2014J,0.9709523573765612,75.71428571428571,0.0
682018,DDD,2014J,0.8240750140709803,52.5,75.0
682242,DDD,2014J,0.9545819152472932,75.71428571428571,0.0
682787,DDD,2014J,0.7220911220956995,70.0,85.0
682813,DDD,2014J,0.7553834397288424,57.666666666666664,332.0
683340,DDD,2014J,0.9604846291041567,75.71428571428571,0.0
683486,DDD,2014J,0.7146317345473487,55.0,446.0
683487,DDD,2014J,0.8211362351237839,50.0,320.0
684215,DDD,2014J,0.9420595667574752,75.71428571428571,0.0
684305,DDD,2014J,0.8440292403749061,32.75,286.0
684712,DDD,2014J,0.9510876234949004,75.71428571428571,18.0
684886,DDD,2014J,0.9604846291041567,75.71428571428571,0.0
684887,DDD,2014J,0.9604846291041567,75.71428571428571,0.0
685033,DDD,2014J,0.9722580753855629,75.71428571428571,1.0
685069,DDD,2014J,0.8201047665784613,48.0,294.0
685123,DDD,2014J,0.9391016882838518,75.71428571428571,190.0
685403,DDD,2014J,0.9420595667574752,75.71428571428571,0.0
685546,DDD,2014J,0.9731870860832271,75.71428571428571,10.0
685639,DDD,2014J,0.9510876234949004,75.71428571428571,4.0
685661,DDD,2014J,0.9420595667574752,75.71428571428571,0.0
686003,DDD,2014J,0.977736216042976,75.71428571428571,100.0
686313,DDD,2014J,0.9510876234949004,75.71428571428571,5.0
686549,DDD,2014J,0.7533714849506924,55.0,249.0
686838,DDD,2014J,0.8571859156757595,42.5,141.0
687050,DDD,2014J,0.8269528163733972,51.142857142857146,209.0
687244,DDD,2014J,0.7076142309168144,63.714285714285715,182.0
687446,DDD,2014J,0.7392349704052806,44.714285714285715,694.0
687600,DDD,2014J,0.7030654417320344,60.142857142857146,411.0
687715,DDD,2014J,0.9510876234949004,75.71428571428571,1.0
687777,DDD,2014J,0.9687740005157021,75.71428571428571,99.0
688128,DDD,2014J,0.9722580753855629,75.71428571428571,8.0
688171,DDD,2014J,0.745941572893563,67.0,211.0
688213,DDD,2014J,0.9722580753855629,75.71428571428571,21.0
688284,DDD,2014J,0.8167609628866914,42.166666666666664,480.0
688285,DDD,2014J,0.9604846291041567,75.71428571428571,0.0
688615,DDD,2014J,0.9545819152472932,75.71428571428571,0.0
688656,DDD,2014J,0.9510876234949004,75.71428571428571,45.0
688665,DDD,2014J,0.9510876234949004,75.71428571428571,24.0
688672,DDD,2014J,0.9545819152472932,75.71428571428571,0.0
688805,DDD,2014J,0.9604846291041567,75.71428571428571,0.0
688843,DDD,2014J,0.8409383921534586,37.666666666666664,564.0
688849,DDD,2014J,0.9722580753855629,75.71428571428571,22.0
689143,DDD,2014J,0.9527753376222604,75.71428571428571,210.0
689198,DDD,2014J,0.7488476829306663,65.0,202.0
689346,DDD,2014J,0.8533527487076753,46.666666666666664,171.0
689527,DDD,2014J,0.8445463524058816,34.333333333333336,265.0
689816,DDD,2014J,0.9722580753855629,75.71428571428571,24.0
689999,DDD,2014J,0.9722580753855629,75.71428571428571,26.0
690118,DDD,2014J,0.9604052658984056,75.71428571428571,163.0
690181,DDD,2014J,0.8991698675379961,75.71428571428571,305.0
690240,DDD,2014J,0.9604052658984056,75.71428571428571,190.0
690600,DDD,2014J,0.8686083703208702,75.71428571428571,417.0
690669,DDD,2014J,0.7611284037996978,55.0,380.0
690780,DDD,2014J,0.9687740005157021,75.71428571428571,129.0
690783,DDD,2014J,0.8319657412047867,55.0,88.0
690843,DDD,2014J,0.9779798020422612,75.71428571428571,2.0
690932,DDD,2014J,0.8260375551684731,52.5,36.0
691008,DDD,2014J,0.9604846291041567,75.71428571428571,0.0
691040,DDD,2014J,0.9722580753855629,75.71428571428571,2.0
691088,DDD,2014J,0.726427076150443,57.57142857142857,347.0
691212,DDD,2014J,0.9731870860832271,75.71428571428571,18.0
691257,DDD,2014J,0.8324873053766453,50.0,252.0
691444,DDD,2014J,0.819608158525454,42.0,496.0
691640,DDD,2014J,0.8289751262558948,43.333333333333336,190.0
691748,DDD,2014J,0.9510876234949004,75.71428571428571,39.0
692664,DDD,2014J,0.9420595667574752,75.71428571428571,0.0
692753,DDD,2014J,0.8363793212562466,15.0,149.0
693047,DDD,2014J,0.9689493753210092,75.71428571428571,101.0
693082,DDD,2014J,0.7032270200000426,63.333333333333336,263.0
693161,DDD,2014J,0.72519809475616,60.75,274.0
693310,DDD,2014J,0.9722580753855629,75.71428571428571,52.0
693468,DDD,2014J,0.84505455500936,42.5,57.0
693565,DDD,2014J,0.7674091269073906,56.0,317.0
693863,DDD,2014J,0.9722580753855629,75.71428571428571,4.0
693926,DDD,2014J,0.9420595667574752,75.71428571428571,0.0
694225,DDD,2014J,0.9478070902369273,75.71428571428571,133.0
694705,DDD,2014J,0.7725918581343927,58.5,364.0
694753,DDD,2014J,0.9722580753855629,75.71428571428571,66.0
694802,DDD,2014J,0.9604846291041567,75.71428571428571,0.0
695473,DDD,2014J,0.9703505347484379,75.71428571428571,0.0
695584,DDD,2014J,0.8701230653254277,27.5,91.0
695643,DDD,2014J,0.8550749405181796,100.0,310.0
695735,DDD,2014J,0.8109318629875955,56.4,110.0
695794,DDD,2014J,0.9722580753855629,75.71428571428571,7.0
695799,DDD,2014J,0.9510876234949004,75.71428571428571,61.0
695956,DDD,2014J,0.7587419259098996,75.71428571428571,532.0
696234,DDD,2014J,0.8526048222806679,44.0,162.0
696265,DDD,2014J,0.9722580753855629,75.71428571428571,60.0
696546,DDD,2014J,0.9510876234949004,75.71428571428571,28.0
696807,DDD,2014J,0.8232413047669239,35.0,698.0
697352,DDD,2014J,0.9627339242153229,75.71428571428571,154.0
697390,DDD,2014J,0.9604846291041567,75.71428571428571,0.0
697474,DDD,2014J,0.7608550709068522,52.285714285714285,260.0
697730,DDD,2014J,0.9722580753855629,75.71428571428571,9.0
697841,DDD,2014J,0.9722580753855629,75.71428571428571,21.0
697948,DDD,2014J,0.7922246808214115,50.5,641.0
698007,DDD,2014J,0.9510876234949004,75.71428571428571,2.0
698016,DDD,2014J,0.8194736004275767,45.57142857142857,404.0
698252,DDD,2014J,0.9489829023026207,75.71428571428571,116.0
698351,DDD,2014J,0.7054305168846946,67.66666666666667,183.0
698399,DDD,2014J,0.839029393331891,52.5,68.0
1033968,DDD,2014J,0.8148711618361747,60.0,143.0
1197062,DDD,2014J,0.941347145365399,75.71428571428571,169.0
1209065,DDD,2014J,0.9489829023026207,75.71428571428571,110.0
1360878,DDD,2014J,0.720776498647499,63.714285714285715,233.0
1373661,DDD,2014J,0.9420595667574752,75.71428571428571,0.0
1484626,DDD,2014J,0.9731870860832271,75.71428571428571,20.0
1492408,DDD,2014J,0.7892895863718258,62.666666666666664,129.0
1601739,DDD,2014J,0.7187361551091422,66.0,220.0
1794309,DDD,2014J,0.9420595667574752,75.71428571428571,0.0
1808407,DDD,2014J,0.9510876234949004,75.71428571428571,34.0
1811098,DDD,2014J,0.9604846291041567,75.71428571428571,0.0
1812797,DDD,2014J,0.9731870860832271,75.71428571428571,12.0
1871306,DDD,2014J,0.9538683754260314,75.71428571428571,20.0
1876461,DDD,2014J,0.9687740005157021,75.71428571428571,112.0
1935774,DDD,2014J,0.9037839308307559,75.71428571428571,241.0
1986180,DDD,2014J,0.7618709783051969,50.142857142857146,477.0
1991049,DDD,2014J,0.9689979935628061,75.71428571428571,10.0
2008795,DDD,2014J,0.7034907981030265,64.2,394.0
2009279,DDD,2014J,0.7385650714604473,53.5,520.0
2014252,DDD,2014J,0.7607199186793298,54.63636363636363,373.0
2030241,DDD,2014J,0.8373803027600658,23.333333333333332,359.0
2031234,DDD,2014J,0.9675403527051906,75.71428571428571,23.0
2038885,DDD,2014J,0.9627339242153229,75.71428571428571,181.0
2046628,DDD,2014J,0.813893536671712,41.0,2266.0
2098108,DDD,2014J,0.810217665941627,48.0,583.0
2106468,DDD,2014J,0.9833225321933299,75.71428571428571,0.0
2134578,DDD,2014J,0.7002013180738522,68.55555555555556,218.0
2205559,DDD,2014J,0.7538149638183738,52.0,358.0
2216442,DDD,2014J,0.7177074671896009,72.66666666666667,274.0
2269148,DDD,2014J,0.7595202653776252,64.5,232.0
2288599,DDD,2014J,0.8382197828854536,45.0,391.0
2328759,DDD,2014J,0.8143801250136694,54.25,91.0
2337919,DDD,2014J,0.9733826256149436,75.71428571428571,28.0
2345307,DDD,2014J,0.9206352955296992,75.71428571428571,205.0
2348143,DDD,2014J,0.9420595667574752,75.71428571428571,0.0
2355701,DDD,2014J,0.9491250823974074,75.71428571428571,83.0
2369962,DDD,2014J,0.9467004203735536,75.71428571428571,0.0
2398169,DDD,2014J,0.9510876234949004,75.71428571428571,46.0
2423655,DDD,2014J,0.8013595670274165,47.333333333333336,424.0
2433216,DDD,2014J,0.8219986794860898,55.0,208.0
2459418,DDD,2014J,0.7914010734246512,44.42857142857143,396.0
2471812,DDD,2014J,0.9722580753855629,75.71428571428571,62.0
2488965,DDD,2014J,0.9510876234949004,75.71428571428571,39.0
2524969,DDD,2014J,0.9604846291041567,75.71428571428571,0.0
2544678,DDD,2014J,0.8286688217689179,39.0,353.0
2546595,DDD,2014J,0.9510876234949004,75.71428571428571,8.0
2558893,DDD,2014J,0.7531124138404567,48.4,680.0
2572145,DDD,2014J,0.8704416532144482,43.333333333333336,92.0
2574453,DDD,2014J,0.9722580753855629,75.71428571428571,70.0
2588655,DDD,2014J,0.7547249868601547,58.666666666666664,414.0
2595457,DDD,2014J,0.7677216321551381,52.0,337.0
2595526,DDD,2014J,0.972520431542183,75.71428571428571,20.0
2600000,DDD,2014J,0.9588064839383145,75.71428571428571,0.0
2635658,DDD,2014J,0.9716531124783951,75.71428571428571,137.0
2639205,DDD,2014J,0.9604846291041567,75.71428571428571,0.0
2639339,DDD,2014J,0.9722580753855629,75.71428571428571,42.0
2646737,DDD,2014J,0.7300251610076376,57.0,681.0
2648271,DDD,2014J,0.7296694847540844,60.0,463.0
2653689,DDD,2014J,0.8355775619483967,43.0,418.0
2672908,DDD,2014J,0.9604846291041567,75.71428571428571,0.0
2675393,DDD,2014J,0.8511663032241352,40.0,83.0
2681782,DDD,2014J,0.7625223857544836,70.0,86.0
2698109,DDD,2014J,0.9467004203735536,75.71428571428571,0.0
2716795,DDD,2014J,0.9604846291041567,75.71428571428571,0.0
26915,EEE,2013J,0.9666797665082801,75.71428571428571,61.0
32553,EEE,2013J,0.9420595667574752,75.71428571428571,0.0
40508,EEE,2013J,0.9702012771093199,75.71428571428571,91.0
100758,EEE,2013J,0.9588064839383145,75.71428571428571,0.0
101414,EEE,2013J,0.9550945399124948,75.71428571428571,0.0
110461,EEE,2013J,0.9607431803894128,75.71428571428571,12.0
111383,EEE,2013J,0.9420595667574752,75.71428571428571,0.0
125619,EEE,2013J,0.9467004203735536,75.71428571428571,0.0
171107,EEE,2013J,0.9729842774568935,75.71428571428571,0.0
227811,EEE,2013J,0.9325408288639665,75.71428571428571,0.0
231673,EEE,2013J,0.9420595667574752,75.71428571428571,0.0
238249,EEE,2013J,0.9325408288639665,75.71428571428571,0.0
248734,EEE,2013J,0.9325408288639665,75.71428571428571,0.0
255449,EEE,2013J,0.9510876234949004,75.71428571428571,56.0
266915,EEE,2013J,0.7698723439262164,46.0,537.0
282585,EEE,2013J,0.9731870860832271,75.71428571428571,13.0
283811,EEE,2013J,0.9420595667574752,75.71428571428571,0.0
288769,EEE,2013J,0.9510876234949004,75.71428571428571,2.0
330354,EEE,2013J,0.9420595667574752,75.71428571428571,0.0
330530,EEE,2013J,0.7313291308024813,57.5,284.0
330937,EEE,2013J,0.937591564680466,75.71428571428571,200.0
336277,EEE,2013J,0.9510876234949004,75.71428571428571,2.0
339353,EEE,2013J,0.9604846291041567,75.71428571428571,0.0
348708,EEE,2013J,0.8770146959673414,75.71428571428571,255.0
355205,EEE,2013J,0.9604846291041567,75.71428571428571,0.0
357493,EEE,2013J,0.9420595667574752,75.71428571428571,0.0
359590,EEE,2013J,0.9171037154938744,75.71428571428571,264.0
365405,EEE,2013J,0.9666797665082801,75.71428571428571,9.0
365762,EEE,2013J,0.8051131320567307,47.5,419.0
388252,EEE,2013J,0.937591564680466,75.71428571428571,194.0
392250,EEE,2013J,0.9325408288639665,75.71428571428571,0.0
397797,EEE,2013J,0.7287228684291829,57.0,321.0
400208,EEE,2013J,0.9535646967769874,75.71428571428571,1.0
402808,EEE,2013J,0.8716869261602908,75.71428571428571,274.0
407876,EEE,2013J,0.8319735081231227,49.0,151.0
411381,EEE,2013J,0.8720188619819517,40.5,129.0
413190,EEE,2013J,0.9420595667574752,75.71428571428571,0.0
413702,EEE,2013J,0.8163447867054685,46.0,314.0
434573,EEE,2013J,0.9510876234949004,75.71428571428571,6.0
444925,EEE,2013J,0.9298666796999584,75.71428571428571,247.0
466430,EEE,2013J,0.9604846291041567,75.71428571428571,0.0
470002,EEE,2013J,0.7890953071777942,52.0,372.0
470674,EEE,2013J,0.9545819152472932,75.71428571428571,0.0
481934,EEE,2013J,0.9420595667574752,75.71428571428571,0.0
484361,EEE,2013J,0.9325408288639665,75.71428571428571,0.0
490327,EEE,2013J,0.9722580753855629,75.71428571428571,19.0
493743,EEE,2013J,0.9545819152472932,75.71428571428571,0.0
494383,EEE,2013J,0.9420595667574752,75.71428571428571,0.0
502303,EEE,2013J,0.9510876234949004,75.71428571428571,50.0
502479,EEE,2013J,0.9538683754260314,75.71428571428571,12.0
502833,EEE,2013J,0.7005442338416344,60.666666666666664,393.0
503015,EEE,2013J,0.9391016882838518,75.71428571428571,192.0
507300,EEE,2013J,0.9074001991226407,75.71428571428571,383.0
508829,EEE,2013J,0.8004112291367035,37.285714285714285,354.0
509402,EEE,2013J,0.9666797665082801,75.71428571428571,14.0
510169,EEE,2013J,0.7394503418694696,71.0,90.0
512693,EEE,2013J,0.9510876234949004,75.71428571428571,34.0
514040,EEE,2013J,0.8997269999481045,75.71428571428571,360.0
516047,EEE,2013J,0.7007110983077577,72.0,163.0
518805,EEE,2013J,0.9633212555168817,75.71428571428571,133.0
518906,EEE,2013J,0.9510876234949004,75.71428571428571,3.0
520337,EEE,2013J,0.9545819152472932,75.71428571428571,0.0
521542,EEE,2013J,0.9731870860832271,75.71428571428571,13.0
528961,EEE,2013J,0.9666797665082801,75.71428571428571,31.0
539695,EEE,2013J,0.8064376907358729,26.0,500.0
539775,EEE,2013J,0.9510876234949004,75.71428571428571,42.0
543474,EEE,2013J,0.7021853870482121,72.25,245.0
543576,EEE,2013J,0.9666797665082801,75.71428571428571,18.0
548992,EEE,2013J,0.7490037551859507,50.6,437.0
549139,EEE,2013J,0.9666797665082801,75.71428571428571,68.0
551430,EEE,2013J,0.767123733246352,51.666666666666664,433.0
554999,EEE,2013J,0.9093459898406278,75.71428571428571,286.0
555020,EEE,2013J,0.9325408288639665,75.71428571428571,0.0
555925,EEE,2013J,0.9545819152472932,75.71428571428571,0.0
556450,EEE,2013J,0.9710135765579712,75.71428571428571,117.0
556742,EEE,2013J,0.9666797665082801,75.71428571428571,41.0
556836,EEE,2013J,0.9588064839383145,75.71428571428571,0.0
557490,EEE,2013J,0.801644947663303,39.0,425.0
559519,EEE,2013J,0.964497067582575,75.71428571428571,101.0
559645,EEE,2013J,0.8574807423118365,75.71428571428571,340.0
560326,EEE,2013J,0.8068185118902885,47.0,423.0
560924,EEE,2013J,0.9510876234949004,75.71428571428571,4.0
561054,EEE,2013J,0.7313527588058153,44.0,651.0
561740,EEE,2013J,0.9620391267064672,75.71428571428571,139.0
561787,EEE,2013J,0.9722580753855629,75.71428571428571,7.0
562315,EEE,2013J,0.9538683754260314,75.71428571428571,65.0
562675,EEE,2013J,0.9325408288639665,75.71428571428571,0.0
563990,EEE,2013J,0.941347145365399,75.71428571428571,168.0
564444,EEE,2013J,0.8830263666810876,75.71428571428571,250.0
566306,EEE,2013J,0.9420595667574752,75.71428571428571,0.0
566970,EEE,2013J,0.9420595667574752,75.71428571428571,0.0
567779,EEE,2013J,0.7173096122108419,57.0,503.0
568751,EEE,2013J,0.9604846291041567,75.71428571428571,0.0
571617,EEE,2013J,0.9420595667574752,75.71428571428571,0.0
571710,EEE,2013J,0.9510876234949004,75.71428571428571,9.0
571711,EEE,2013J,0.9489829023026207,75.71428571428571,125.0
571754,EEE,2013J,0.9325408288639665,75.71428571428571,0.0
572021,EEE,2013J,0.937591564680466,75.71428571428571,199.0
572146,EEE,2013J,0.9298666796999584,75.71428571428571,247.0
572186,EEE,2013J,0.9467004203735536,75.71428571428571,0.0
572403,EEE,2013J,0.9666797665082801,75.71428571428571,10.0
572658,EEE,2013J,0.9420595667574752,75.71428571428571,0.0
572659,EEE,2013J,0.9627339242153229,75.71428571428571,179.0
572944,EEE,2013J,0.7687571337477165,40.0,700.0
573110,EEE,2013J,0.9420595667574752,75.71428571428571,0.0
573242,EEE,2013J,0.9420595667574752,75.71428571428571,0.0
573244,EEE,2013J,0.9420595667574752,75.71428571428571,0.0
573547,EEE,2013J,0.9731870860832271,75.71428571428571,4.0
573701,EEE,2013J,0.8488405349545758,50.0,137.0
573944,EEE,2013J,0.9380858408017505,75.71428571428571,242.0
574101,EEE,2013J,0.941347145365399,75.71428571428571,158.0
574399,EEE,2013J,0.9325408288639665,75.71428571428571,0.0
574670,EEE,2013J,0.9510876234949004,75.71428571428571,1.0
574888,EEE,2013J,0.9510876234949004,75.71428571428571,1.0
575208,EEE,2013J,0.9510876234949004,75.71428571428571,3.0
575318,EEE,2013J,0.7267252947475287,65.0,88.0
575469,EEE,2013J,0.9420595667574752,75.71428571428571,0.0
576202,EEE,2013J,0.9510876234949004,75.71428571428571,61.0
576292,EEE,2013J,0.7742188862747483,50.0,368.0
576298,EEE,2013J,0.9325408288639665,75.71428571428571,0.0
576301,EEE,2013J,0.9510876234949004,75.71428571428571,9.0
576409,EEE,2013J,0.9731870860832271,75.71428571428571,3.0
576481,EEE,2013J,0.9510876234949004,75.71428571428571,1.0
576631,EEE,2013J,0.9489829023026207,75.71428571428571,103.0
576834,EEE,2013J,0.9510876234949004,75.71428571428571,57.0
577352,EEE,2013J,0.9604846291041567,75.71428571428571,0.0
577560,EEE,2013J,0.8019078147352894,35.0,287.0
577603,EEE,2013J,0.9722580753855629,75.71428571428571,25.0
577887,EEE,2013J,0.9702012771093199,75.71428571428571,130.0
578472,EEE,2013J,0.8716869261602908,75.71428571428571,280.0
578722,EEE,2013J,0.9325408288639665,75.71428571428571,0.0
579098,EEE,2013J,0.9604846291041567,75.71428571428571,0.0
579199,EEE,2013J,0.9731870860832271,75.71428571428571,26.0
579206,EEE,2013J,0.8467336029238659,75.71428571428571,406.0
579321,EEE,2013J,0.9779798020422612,75.71428571428571,1.0
579499,EEE,2013J,0.9510876234949004,75.71428571428571,5.0
579604,EEE,2013J,0.9325408288639665,75.71428571428571,0.0
581047,EEE,2013J,0.9545819152472932,75.71428571428571,0.0
581453,EEE,2013J,0.9420595667574752,75.71428571428571,0.0
582170,EEE,2013J,0.9510876234949004,75.71428571428571,7.0
582768,EEE,2013J,0.8278342121007889,58.0,101.0
582983,EEE,2013J,0.9510876234949004,75.71428571428571,8.0
583186,EEE,2013J,0.7015510643121613,53.5,686.0
583427,EEE,2013J,0.9420595667574752,75.71428571428571,0.0
583833,EEE,2013J,0.9510876234949004,75.71428571428571,34.0
583844,EEE,2013J,0.9420595667574752,75.71428571428571,0.0
584115,EEE,2013J,0.9510876234949004,75.71428571428571,6.0
584444,EEE,2013J,0.9731870860832271,75.71428571428571,11.0
584514,EEE,2013J,0.7641802518648645,55.0,420.0
584567,EEE,2013J,0.7305732162506955,56.0,300.0
584913,EEE,2013J,0.941347145365399,75.71428571428571,181.0
585056,EEE,2013J,0.9420595667574752,75.71428571428571,0.0
585758,EEE,2013J,0.9420595667574752,75.71428571428571,0.0
586060,EEE,2013J,0.8239856270292744,75.71428571428571,472.0
586314,EEE,2013J,0.9420595667574752,75.71428571428571,0.0
586587,EEE,2013J,0.9420595667574752,75.71428571428571,0.0
587226,EEE,2013J,0.9331038009656868,75.71428571428571,0.0
588383,EEE,2013J,0.9420595667574752,75.71428571428571,0.0
588583,EEE,2013J,0.9510876234949004,75.71428571428571,6.0
588694,EEE,2013J,0.9420595667574752,75.71428571428571,0.0
588706,EEE,2013J,0.9731870860832271,75.71428571428571,10.0
588835,EEE,2013J,0.7187324225715455,36.5,881.0
588852,EEE,2013J,0.9545819152472932,75.71428571428571,0.0
588974,EEE,2013J,0.9510876234949004,75.71428571428571,46.0
589018,EEE,2013J,0.7027432594902271,59.0,463.0
589023,EEE,2013J,0.8467336029238659,75.71428571428571,390.0
589472,EEE,2013J,0.9545819152472932,75.71428571428571,0.0
589484,EEE,2013J,0.9325408288639665,75.71428571428571,0.0
589555,EEE,2013J,0.9731870860832271,75.71428571428571,16.0
589799,EEE,2013J,0.959063480373128,75.71428571428571,194.0
590072,EEE,2013J,0.9731870860832271,75.71428571428571,21.0
590436,EEE,2013J,0.9510876234949004,75.71428571428571,13.0
590942,EEE,2013J,0.9420595667574752,75.71428571428571,0.0
591178,EEE,2013J,0.9325408288639665,75.71428571428571,0.0
592172,EEE,2013J,0.8154461003346818,47.0,340.0
592581,EEE,2013J,0.9298666796999584,75.71428571428571,245.0
593348,EEE,2013J,0.9491250823974074,75.71428571428571,83.0
593400,EEE,2013J,0.7262787849656114,57.0,415.0
593845,EEE,2013J,0.9489829023026207,75.71428571428571,129.0
594452,EEE,2013J,0.7999414947291585,42.0,412.0
594458,EEE,2013J,0.9420595667574752,75.71428571428571,0.0
594602,EEE,2013J,0.741306641532983,58.0,410.0
594755,EEE,2013J,0.9604052658984056,75.71428571428571,190.0
594851,EEE,2013J,0.9731870860832271,75.71428571428571,54.0
595077,EEE,2013J,0.9420595667574752,75.71428571428571,0.0
595362,EEE,2013J,0.9510876234949004,75.71428571428571,4.0
595453,EEE,2013J,0.9325408288639665,75.71428571428571,0.0
595515,EEE,2013J,0.9643585634274505,75.71428571428571,93.0
595990,EEE,2013J,0.9298666796999584,75.71428571428571,237.0
596137,EEE,2013J,0.9215259186017632,75.71428571428571,269.0
596404,EEE,2013J,0.9731870860832271,75.71428571428571,29.0
597181,EEE,2013J,0.9510876234949004,75.71428571428571,1.0
598547,EEE,2013J,0.9666797665082801,75.71428571428571,13.0
598821,EEE,2013J,0.9510876234949004,75.71428571428571,58.0
598924,EEE,2013J,0.9031229350856305,75.71428571428571,223.0
599263,EEE,2013J,0.7517375106159448,49.55555555555556,653.0
599520,EEE,2013J,0.9420595667574752,75.71428571428571,0.0
599547,EEE,2013J,0.9677735632553159,75.71428571428571,132.0
599982,EEE,2013J,0.941347145365399,75.71428571428571,158.0
600077,EEE,2013J,0.9325408288639665,75.71428571428571,0.0
600978,EEE,2013J,0.9731870860832271,75.71428571428571,5.0
601223,EEE,2013J,0.9489829023026207,75.71428571428571,108.0
601248,EEE,2013J,0.8748514036791315,75.71428571428571,382.0
601370,EEE,2013J,0.9156976743821417,75.71428571428571,214.0
601407,EEE,2013J,0.8379996951316169,14.0,167.0
602037,EEE,2013J,0.9074001991226407,75.71428571428571,377.0
602244,EEE,2013J,0.9510876234949004,75.71428571428571,3.0
602659,EEE,2013J,0.9420595667574752,75.71428571428571,0.0
602944,EEE,2013J,0.9517636542337519,75.71428571428571,89.0
603053,EEE,2013J,0.9545819152472932,75.71428571428571,0.0
603357,EEE,2013J,0.9071148661174826,75.71428571428571,287.0
604875,EEE,2013J,0.9666797665082801,75.71428571428571,42.0
605262,EEE,2013J,0.9420595667574752,75.71428571428571,0.0
605926,EEE,2013J,0.9420595667574752,75.71428571428571,0.0
606190,EEE,2013J,0.9510876234949004,75.71428571428571,1.0
606303,EEE,2013J,0.9420595667574752,75.71428571428571,0.0
606606,EEE,2013J,0.9666797665082801,75.71428571428571,67.0
606743,EEE,2013J,0.7183355363027131,55.25,486.0
607060,EEE,2013J,0.7950017692393601,44.0,418.0
607442,EEE,2013J,0.9489829023026207,75.71428571428571,104.0
607883,EEE,2013J,0.9420595667574752,75.71428571428571,0.0
608669,EEE,2013J,0.915992016349439,75.71428571428571,331.0
608967,EEE,2013J,0.9441278972965302,75.71428571428571,161.0
609490,EEE,2013J,0.9325408288639665,75.71428571428571,0.0
610143,EEE,2013J,0.9620391267064672,75.71428571428571,140.0
611565,EEE,2013J,0.9331038009656868,75.71428571428571,0.0
611639,EEE,2013J,0.7895116816996989,41.25,578.0
1400592,EEE,2013J,0.972479198223878,75.71428571428571,71.0
1837015,EEE,2013J,0.9643585634274505,75.71428571428571,85.0
2115680,EEE,2013J,0.9510876234949004,75.71428571428571,9.0
2198356,EEE,2013J,0.9420595667574752,75.71428571428571,0.0
2384615,EEE,2013J,0.9588064839383145,75.71428571428571,0.0
2435050,EEE,2013J,0.9582867198052278,75.71428571428571,0.0
2513333,EEE,2013J,0.8239856270292744,75.71428571428571,468.0
2518880,EEE,2013J,0.9420595667574752,75.71428571428571,0.0
2541992,EEE,2013J,0.8529810763953162,75.71428571428571,385.0
2610857,EEE,2013J,0.9722580753855629,75.71428571428571,1.0
2670012,EEE,2013J,0.9731870860832271,75.71428571428571,18.0
69239,EEE,2014B,0.9582867198052278,75.71428571428571,0.0
97486,EEE,2014B,0.9510876234949004,75.71428571428571,13.0
121574,EEE,2014B,0.9325408288639665,75.71428571428571,0.0
148282,EEE,2014B,0.8336319102086466,46.0,197.0
174512,EEE,2014B,0.9420595667574752,75.71428571428571,0.0
231019,EEE,2014B,0.7248229863506559,46.5,708.0
250092,EEE,2014B,0.9478070902369273,75.71428571428571,134.0
261042,EEE,2014B,0.9679523038968979,75.71428571428571,0.0
272103,EEE,2014B,0.9582867198052278,75.71428571428571,0.0
293670,EEE,2014B,0.9666797665082801,75.71428571428571,54.0
294578,EEE,2014B,0.9420595667574752,75.71428571428571,0.0
303774,EEE,2014B,0.9325408288639665,75.71428571428571,0.0
308391,EEE,2014B,0.7662675231443999,52.0,273.0
321112,EEE,2014B,0.9420595667574752,75.71428571428571,0.0
339353,EEE,2014B,0.9679523038968979,75.71428571428571,0.0
349069,EEE,2014B,0.8124926824691093,40.0,255.0
359728,EEE,2014B,0.9510876234949004,75.71428571428571,26.0
371113,EEE,2014B,0.9538683754260314,75.71428571428571,54.0
404239,EEE,2014B,0.9517636542337519,75.71428571428571,84.0
407428,EEE,2014B,0.8852734296567811,75.71428571428571,231.0
411381,EEE,2014B,0.8847060197970914,40.5,129.0
413891,EEE,2014B,0.741933022172222,46.333333333333336,667.0
422341,EEE,2014B,0.9510876234949004,75.71428571428571,16.0
446295,EEE,2014B,0.8662995934279496,75.71428571428571,298.0
471018,EEE,2014B,0.721005699008128,57.5,426.0
480928,EEE,2014B,0.8756680120572569,21.5,609.0
487494,EEE,2014B,0.86820341973162,75.71428571428571,282.0
488828,EEE,2014B,0.9325408288639665,75.71428571428571,0.0
490587,EEE,2014B,0.8578611419567337,41.0,690.0
491570,EEE,2014B,0.9636124618063959,75.71428571428571,140.0
497047,EEE,2014B,0.9420595667574752,75.71428571428571,0.0
498261,EEE,2014B,0.9420595667574752,75.71428571428571,0.0
502640,EEE,2014B,0.8026214756501404,29.0,371.0
503872,EEE,2014B,0.7796803816809473,34.2,599.0
505333,EEE,2014B,0.9491250823974074,75.71428571428571,80.0
510545,EEE,2014B,0.9420595667574752,75.71428571428571,0.0
513211,EEE,2014B,0.9670354524653132,75.71428571428571,83.0
515125,EEE,2014B,0.7294627079108608,53.75,576.0
516728,EEE,2014B,0.9689979935628061,75.71428571428571,28.0
518116,EEE,2014B,0.7382124468364326,54.0,311.0
519589,EEE,2014B,0.8101895024604795,20.0,249.0
520824,EEE,2014B,0.8198028159794077,44.0,365.0
524276,EEE,2014B,0.8310340361729134,29.0,195.0
531845,EEE,2014B,0.8221785691604439,37.0,352.0
532531,EEE,2014B,0.7653554286467004,45.25,634.0
532570,EEE,2014B,0.9604846291041567,75.71428571428571,0.0
536996,EEE,2014B,0.9666797665082801,75.71428571428571,28.0
546400,EEE,2014B,0.9773111132172037,75.71428571428571,54.0
547100,EEE,2014B,0.9325408288639665,75.71428571428571,0.0
548992,EEE,2014B,0.7747861995529293,50.6,437.0
549401,EEE,2014B,0.7744479254839599,50.0,388.0
550197,EEE,2014B,0.9646333513082733,75.71428571428571,163.0
551856,EEE,2014B,0.7853592018834463,24.0,621.0
553914,EEE,2014B,0.9325408288639665,75.71428571428571,0.0
554988,EEE,2014B,0.916655351155418,75.71428571428571,311.0
558122,EEE,2014B,0.7968120963026211,43.0,289.0
558342,EEE,2014B,0.7909170741093109,58.0,0.0
558492,EEE,2014B,0.9731870860832271,75.71428571428571,14.0
563902,EEE,2014B,0.9666797665082801,75.71428571428571,4.0
566337,EEE,2014B,0.8319355560907213,15.333333333333334,513.0
569620,EEE,2014B,0.9489829023026207,75.71428571428571,117.0
571946,EEE,2014B,0.9604890193424273,75.71428571428571,0.0
572249,EEE,2014B,0.9778853493894876,75.71428571428571,20.0
573072,EEE,2014B,0.9420595667574752,75.71428571428571,0.0
573665,EEE,2014B,0.9510876234949004,75.71428571428571,10.0
574580,EEE,2014B,0.8666275101367549,75.71428571428571,488.0
577352,EEE,2014B,0.9679523038968979,75.71428571428571,0.0
577603,EEE,2014B,0.9773111132172037,75.71428571428571,25.0
589001,EEE,2014B,0.9510876234949004,75.71428571428571,3.0
589083,EEE,2014B,0.909419815092044,75.71428571428571,0.0
589722,EEE,2014B,0.8070827733139329,10.0,266.0
590699,EEE,2014B,0.869712261960034,75.71428571428571,411.0
592080,EEE,2014B,0.9420595667574752,75.71428571428571,0.0
593941,EEE,2014B,0.9467004203735536,75.71428571428571,0.0
595356,EEE,2014B,0.814994949177926,42.0,711.0
595808,EEE,2014B,0.7491627676859934,53.25,571.0
599263,EEE,2014B,0.7655865235032014,49.55555555555556,653.0
600879,EEE,2014B,0.9637484907797561,75.71428571428571,0.0
601248,EEE,2014B,0.8895423383573104,75.71428571428571,382.0
603791,EEE,2014B,0.9687740005157021,75.71428571428571,93.0
604078,EEE,2014B,0.9420595667574752,75.71428571428571,0.0
604490,EEE,2014B,0.9667676161580151,75.71428571428571,144.0
604665,EEE,2014B,0.9679523038968979,75.71428571428571,0.0
605130,EEE,2014B,0.9461532838377518,75.71428571428571,0.0
605136,EEE,2014B,0.909419815092044,75.71428571428571,0.0
606025,EEE,2014B,0.9420595667574752,75.71428571428571,0.0
606290,EEE,2014B,0.9420595667574752,75.71428571428571,0.0
606350,EEE,2014B,0.8720706574278619,40.0,181.0
607570,EEE,2014B,0.8300841688845166,41.0,294.0
607703,EEE,2014B,0.9420595667574752,75.71428571428571,0.0
608694,EEE,2014B,0.9420595667574752,75.71428571428571,0.0
609241,EEE,2014B,0.9773111132172037,75.71428571428571,7.0
609450,EEE,2014B,0.7023352336582117,54.0,530.0
610718,EEE,2014B,0.9510876234949004,75.71428571428571,18.0
612124,EEE,2014B,0.9420595667574752,75.71428571428571,0.0
612287,EEE,2014B,0.8156280264657237,20.0,210.0
613116,EEE,2014B,0.9491250823974074,75.71428571428571,82.0
613120,EEE,2014B,0.9604846291041567,75.71428571428571,0.0
613387,EEE,2014B,0.9489829023026207,75.71428571428571,98.0
614952,EEE,2014B,0.8068165089519246,20.0,497.0
615112,EEE,2014B,0.964497067582575,75.71428571428571,108.0
616976,EEE,2014B,0.9420595667574752,75.71428571428571,0.0
617186,EEE,2014B,0.9510876234949004,75.71428571428571,22.0
617309,EEE,2014B,0.8016300276348178,53.0,151.0
617331,EEE,2014B,0.7429359145940134,60.0,233.0
617898,EEE,2014B,0.9491250823974074,75.71428571428571,83.0
618078,EEE,2014B,0.7775889894724256,51.75,225.0
618514,EEE,2014B,0.9420595667574752,75.71428571428571,0.0
618701,EEE,2014B,0.9545819152472932,75.71428571428571,0.0
618768,EEE,2014B,0.9545819152472932,75.71428571428571,0.0
619006,EEE,2014B,0.8006673080446635,26.0,540.0
619887,EEE,2014B,0.9703505347484379,75.71428571428571,0.0
620260,EEE,2014B,0.9510876234949004,75.71428571428571,40.0
620376,EEE,2014B,0.9510876234949004,75.71428571428571,10.0
620434,EEE,2014B,0.9325408288639665,75.71428571428571,0.0
620713,EEE,2014B,0.962277938035908,75.71428571428571,0.0
620918,EEE,2014B,0.8521738506182044,20.0,104.0
621401,EEE,2014B,0.9510876234949004,75.71428571428571,64.0
621619,EEE,2014B,0.9538683754260314,75.71428571428571,11.0
621853,EEE,2014B,0.9325408288639665,75.71428571428571,0.0
622398,EEE,2014B,0.9510876234949004,75.71428571428571,34.0
623105,EEE,2014B,0.9666797665082801,75.71428571428571,31.0
623111,EEE,2014B,0.962277938035908,75.71428571428571,0.0
623609,EEE,2014B,0.8052531556868904,27.0,514.0
624034,EEE,2014B,0.9607536253596051,75.71428571428571,172.0
624050,EEE,2014B,0.9666797665082801,75.71428571428571,23.0
624266,EEE,2014B,0.855142627370834,49.0,101.0
624384,EEE,2014B,0.7185165475916907,63.0,48.0
625121,EEE,2014B,0.9478070902369273,75.71428571428571,135.0
625207,EEE,2014B,0.8475084746539259,10.0,133.0
625774,EEE,2014B,0.9420595667574752,75.71428571428571,0.0
625884,EEE,2014B,0.8581440771178154,75.71428571428571,312.0
625901,EEE,2014B,0.831289736080566,27.0,319.0
625950,EEE,2014B,0.941347145365399,75.71428571428571,158.0
625975,EEE,2014B,0.770398071764081,49.0,527.0
626789,EEE,2014B,0.9325408288639665,75.71428571428571,0.0
626906,EEE,2014B,0.7247784352022408,60.0,340.0
627160,EEE,2014B,0.9722580753855629,75.71428571428571,35.0
627290,EEE,2014B,0.7578582378059713,43.0,589.0
628686,EEE,2014B,0.9545819152472932,75.71428571428571,0.0
628914,EEE,2014B,0.7081527589738736,56.0,561.0
628938,EEE,2014B,0.941347145365399,75.71428571428571,182.0
628993,EEE,2014B,0.9420595667574752,75.71428571428571,0.0
629234,EEE,2014B,0.9325408288639665,75.71428571428571,0.0
629283,EEE,2014B,0.9119174056429054,75.71428571428571,367.0
629421,EEE,2014B,0.9420595667574752,75.71428571428571,0.0
629623,EEE,2014B,0.9407640000705656,75.71428571428571,186.0
629628,EEE,2014B,0.7993231397744132,0.0,227.0
629765,EEE,2014B,0.9325408288639665,75.71428571428571,0.0
629887,EEE,2014B,0.9510876234949004,75.71428571428571,67.0
629893,EEE,2014B,0.9420595667574752,75.71428571428571,0.0
630120,EEE,2014B,0.9325408288639665,75.71428571428571,0.0
630416,EEE,2014B,0.9666797665082801,75.71428571428571,11.0
630514,EEE,2014B,0.9510876234949004,75.71428571428571,45.0
630540,EEE,2014B,0.7126046452946126,36.3,2402.0
630825,EEE,2014B,0.8391790501377785,0.0,155.0
631051,EEE,2014B,0.9491250823974074,75.71428571428571,80.0
631657,EEE,2014B,0.9420595667574752,75.71428571428571,0.0
632780,EEE,2014B,0.9489829023026207,75.71428571428571,91.0
632889,EEE,2014B,0.9510876234949004,75.71428571428571,11.0
633330,EEE,2014B,0.9491250823974074,75.71428571428571,75.0
633395,EEE,2014B,0.801644947663303,40.0,416.0
633432,EEE,2014B,0.7851121671975541,42.166666666666664,576.0
633637,EEE,2014B,0.7292615639668005,56.5,367.0
634083,EEE,2014B,0.9420595667574752,75.71428571428571,0.0
1664810,EEE,2014B,0.9420595667574752,75.71428571428571,0.0
1683692,EEE,2014B,0.9420595667574752,75.71428571428571,0.0
1828112,EEE,2014B,0.7660844173658414,50.0,473.0
1863564,EEE,2014B,0.9420595667574752,75.71428571428571,0.0
1878160,EEE,2014B,0.9669165242929424,75.71428571428571,0.0
1908526,EEE,2014B,0.9420595667574752,75.71428571428571,0.0
2295254,EEE,2014B,0.9325408288639665,75.71428571428571,0.0
2329539,EEE,2014B,0.8602926505448869,75.71428571428571,368.0
2384615,EEE,2014B,0.9669165242929424,75.71428571428571,0.0
2388492,EEE,2014B,0.959063480373128,75.71428571428571,198.0
2554047,EEE,2014B,0.9510876234949004,75.71428571428571,15.0
2569912,EEE,2014B,0.9510876234949004,75.71428571428571,11.0
2619011,EEE,2014B,0.9420595667574752,75.71428571428571,0.0
2662742,EEE,2014B,0.9510876234949004,75.71428571428571,61.0
28770,EEE,2014J,0.9325408288639665,75.71428571428571,0.0
46048,EEE,2014J,0.9666797665082801,75.71428571428571,12.0
70827,EEE,2014J,0.7393096199500458,62.0,269.0
124711,EEE,2014J,0.8005520549048252,44.0,265.0
164708,EEE,2014J,0.86820341973162,75.71428571428571,283.0
173341,EEE,2014J,0.8104558954470212,58.0,96.0
174512,EEE,2014J,0.9637484907797561,75.71428571428571,0.0
177186,EEE,2014J,0.9666797665082801,75.71428571428571,9.0
232078,EEE,2014J,0.8045049544180354,38.25,555.0
236512,EEE,2014J,0.8991698675379961,75.71428571428571,308.0
247653,EEE,2014J,0.9731870860832271,75.71428571428571,49.0
255449,EEE,2014J,0.9704583392562934,75.71428571428571,56.0
270764,EEE,2014J,0.9510876234949004,75.71428571428571,38.0
293321,EEE,2014J,0.9722580753855629,75.71428571428571,3.0
302363,EEE,2014J,0.8032305528650538,75.71428571428571,543.0
316454,EEE,2014J,0.962277938035908,75.71428571428571,0.0
318855,EEE,2014J,0.8438799393047369,46.0,93.0
325518,EEE,2014J,0.9117239694341925,75.71428571428571,207.0
331622,EEE,2014J,0.972520431542183,75.71428571428571,24.0
337741,EEE,2014J,0.9397247810272644,75.71428571428571,0.0
342187,EEE,2014J,0.9510876234949004,75.71428571428571,1.0
388252,EEE,2014J,0.9451889145711462,75.71428571428571,194.0
390332,EEE,2014J,0.9510876234949004,75.71428571428571,6.0
391572,EEE,2014J,0.9510876234949004,75.71428571428571,1.0
402906,EEE,2014J,0.9325408288639665,75.71428571428571,0.0
432484,EEE,2014J,0.9441475005172809,75.71428571428571,223.0
436900,EEE,2014J,0.9489829023026207,75.71428571428571,126.0
443701,EEE,2014J,0.9510876234949004,75.71428571428571,20.0
444814,EEE,2014J,0.9510876234949004,75.71428571428571,56.0
447659,EEE,2014J,0.7428721995356061,63.0,388.0
466430,EEE,2014J,0.9588511739811354,75.71428571428571,0.0
472845,EEE,2014J,0.9325408288639665,75.71428571428571,0.0
500440,EEE,2014J,0.7089627320147254,75.5,212.0
501422,EEE,2014J,0.941347145365399,75.71428571428571,172.0
510435,EEE,2014J,0.9150894227274178,75.71428571428571,331.0
520750,EEE,2014J,0.9627339242153229,75.71428571428571,173.0
520824,EEE,2014J,0.8607057261351073,44.0,365.0
521350,EEE,2014J,0.9544262435893898,75.71428571428571,75.0
544071,EEE,2014J,0.8954963237836939,75.71428571428571,330.0
546400,EEE,2014J,0.9675403527051906,75.71428571428571,54.0
551117,EEE,2014J,0.959063480373128,75.71428571428571,188.0
551589,EEE,2014J,0.9604052658984056,75.71428571428571,162.0
553753,EEE,2014J,0.9489829023026207,75.71428571428571,112.0
554999,EEE,2014J,0.8975371225456672,75.71428571428571,286.0
555051,EEE,2014J,0.9444599654927714,75.71428571428571,142.0
556450,EEE,2014J,0.9656979579136659,75.71428571428571,117.0
558342,EEE,2014J,0.7935529472688917,58.0,0.0
559113,EEE,2014J,0.8939680613695922,75.71428571428571,317.0
560953,EEE,2014J,0.9510876234949004,75.71428571428571,23.0
564562,EEE,2014J,0.9498329702567565,75.71428571428571,69.0
567681,EEE,2014J,0.7986404000898947,59.0,177.0
567926,EEE,2014J,0.9604846291041567,75.71428571428571,0.0
570278,EEE,2014J,0.8659473514887124,75.71428571428571,424.0
572659,EEE,2014J,0.9390472076245725,75.71428571428571,179.0
573600,EEE,2014J,0.9489829023026207,75.71428571428571,106.0
573922,EEE,2014J,0.9420595667574752,75.71428571428571,0.0
574565,EEE,2014J,0.8662995934279496,75.71428571428571,293.0
582340,EEE,2014J,0.9604890193424273,75.71428571428571,0.0
583288,EEE,2014J,0.7531385271699658,48.666666666666664,643.0
584514,EEE,2014J,0.758902100861512,55.0,420.0
588058,EEE,2014J,0.754290432764613,53.5,573.0
592951,EEE,2014J,0.7439810998809275,67.0,92.0
596423,EEE,2014J,0.9604890193424273,75.71428571428571,0.0
597166,EEE,2014J,0.787770802132068,44.0,499.0
599059,EEE,2014J,0.9704583392562934,75.71428571428571,26.0
600267,EEE,2014J,0.717387377691388,69.5,306.0
601599,EEE,2014J,0.9510876234949004,75.71428571428571,14.0
602150,EEE,2014J,0.7060543364899403,98.0,518.0
602745,EEE,2014J,0.9666797665082801,75.71428571428571,16.0
603700,EEE,2014J,0.9510876234949004,75.71428571428571,4.0
604875,EEE,2014J,0.9704583392562934,75.71428571428571,42.0
605541,EEE,2014J,0.8367424311132148,49.0,128.0
608669,EEE,2014J,0.8730271041106653,75.71428571428571,331.0
612157,EEE,2014J,0.9420595667574752,75.71428571428571,0.0
617309,EEE,2014J,0.8233037989696116,53.0,151.0
623002,EEE,2014J,0.9467004203735536,75.71428571428571,0.0
625288,EEE,2014J,0.7298647104436674,54.0,543.0
625797,EEE,2014J,0.7189668289153611,55.25,511.0
627457,EEE,2014J,0.9510876234949004,75.71428571428571,20.0
628366,EEE,2014J,0.7023835769431994,72.0,417.0
629421,EEE,2014J,0.9679523038968979,75.71428571428571,0.0
633868,EEE,2014J,0.941347145365399,75.71428571428571,157.0
633995,EEE,2014J,0.9731870860832271,75.71428571428571,13.0
634655,EEE,2014J,0.9491250823974074,75.71428571428571,78.0
634957,EEE,2014J,0.8058772061178836,40.0,266.0
635552,EEE,2014J,0.9420595667574752,75.71428571428571,0.0
637292,EEE,2014J,0.9420595667574752,75.71428571428571,0.0
637601,EEE,2014J,0.8748156475279829,75.71428571428571,257.0
637846,EEE,2014J,0.9325408288639665,75.71428571428571,0.0
638970,EEE,2014J,0.7019670214870082,57.75,464.0
639232,EEE,2014J,0.9722580753855629,75.71428571428571,1.0
640443,EEE,2014J,0.962277938035908,75.71428571428571,0.0
640658,EEE,2014J,0.8574040619910853,30.0,246.0
641629,EEE,2014J,0.9491250823974074,75.71428571428571,74.0
641716,EEE,2014J,0.9582867198052278,75.71428571428571,0.0
642066,EEE,2014J,0.7694230999150534,56.666666666666664,355.0
642627,EEE,2014J,0.9731870860832271,75.71428571428571,13.0
643200,EEE,2014J,0.9641798066203896,75.71428571428571,141.0
643269,EEE,2014J,0.9604846291041567,75.71428571428571,0.0
643644,EEE,2014J,0.9510876234949004,75.71428571428571,42.0
643755,EEE,2014J,0.9491250823974074,75.71428571428571,82.0
644064,EEE,2014J,0.9489829023026207,75.71428571428571,85.0
644163,EEE,2014J,0.9431744641459093,75.71428571428571,143.0
645045,EEE,2014J,0.9545819152472932,75.71428571428571,0.0
645151,EEE,2014J,0.9420595667574752,75.71428571428571,0.0
645462,EEE,2014J,0.9545819152472932,75.71428571428571,0.0
645481,EEE,2014J,0.9467004203735536,75.71428571428571,0.0
645867,EEE,2014J,0.8958279776407858,75.71428571428571,363.0
646218,EEE,2014J,0.9510876234949004,75.71428571428571,23.0
646459,EEE,2014J,0.7236119555285143,57.0,465.0
646581,EEE,2014J,0.8208668568480055,38.0,427.0
646722,EEE,2014J,0.9420595667574752,75.71428571428571,0.0
646747,EEE,2014J,0.9420595667574752,75.71428571428571,0.0
647184,EEE,2014J,0.9722580753855629,75.71428571428571,18.0
647405,EEE,2014J,0.9467004203735536,75.71428571428571,0.0
647432,EEE,2014J,0.7313291308024813,57.0,295.0
647791,EEE,2014J,0.9666797665082801,75.71428571428571,36.0
647887,EEE,2014J,0.9510876234949004,75.71428571428571,22.0
648058,EEE,2014J,0.8308851388243111,46.0,157.0
648429,EEE,2014J,0.9510876234949004,75.71428571428571,1.0
648440,EEE,2014J,0.9687740005157021,75.71428571428571,92.0
648652,EEE,2014J,0.8939680613695922,75.71428571428571,318.0
648834,EEE,2014J,0.8425319203806212,75.71428571428571,460.0
649001,EEE,2014J,0.7996322329652424,39.0,532.0
649200,EEE,2014J,0.946200669999526,75.71428571428571,221.0
649230,EEE,2014J,0.7708626867247156,65.75,19.0
649248,EEE,2014J,0.9731870860832271,75.71428571428571,65.0
649310,EEE,2014J,0.9510876234949004,75.71428571428571,18.0
649332,EEE,2014J,0.9510876234949004,75.71428571428571,12.0
649701,EEE,2014J,0.9722580753855629,75.71428571428571,5.0
649720,EEE,2014J,0.9604052658984056,75.71428571428571,170.0
649755,EEE,2014J,0.9420595667574752,75.71428571428571,0.0
649783,EEE,2014J,0.9687740005157021,75.71428571428571,120.0
650105,EEE,2014J,0.7397760902987001,51.0,491.0
650137,EEE,2014J,0.9420595667574752,75.71428571428571,0.0
650192,EEE,2014J,0.9325408288639665,75.71428571428571,0.0
650223,EEE,2014J,0.9604846291041567,75.71428571428571,0.0
650334,EEE,2014J,0.9420595667574752,75.71428571428571,0.0
650384,EEE,2014J,0.9325408288639665,75.71428571428571,0.0
650578,EEE,2014J,0.7964720389421791,59.0,102.0
651086,EEE,2014J,0.9604846291041567,75.71428571428571,0.0
651156,EEE,2014J,0.9722580753855629,75.71428571428571,2.0
651191,EEE,2014J,0.9420595667574752,75.71428571428571,0.0
651298,EEE,2014J,0.9420595667574752,75.71428571428571,0.0
651361,EEE,2014J,0.9604846291041567,75.71428571428571,0.0
651371,EEE,2014J,0.9420595667574752,75.71428571428571,0.0
651384,EEE,2014J,0.9510876234949004,75.71428571428571,1.0
651616,EEE,2014J,0.9604052658984056,75.71428571428571,193.0
651839,EEE,2014J,0.9708273622701369,75.71428571428571,84.0
651915,EEE,2014J,0.9731870860832271,75.71428571428571,20.0
652233,EEE,2014J,0.9666797665082801,75.71428571428571,4.0
652571,EEE,2014J,0.9510876234949004,75.71428571428571,14.0
652606,EEE,2014J,0.9545819152472932,75.71428571428571,0.0
652667,EEE,2014J,0.9715501875262137,75.71428571428571,73.0
653090,EEE,2014J,0.9420595667574752,75.71428571428571,0.0
653177,EEE,2014J,0.8412471225826152,33.333333333333336,332.0
653352,EEE,2014J,0.728903470507905,54.0,571.0
653506,EEE,2014J,0.8279367324510173,48.0,268.0
653608,EEE,2014J,0.9722580753855629,75.71428571428571,8.0
653661,EEE,2014J,0.9666797665082801,75.71428571428571,31.0
654095,EEE,2014J,0.9722580753855629,75.71428571428571,25.0
654202,EEE,2014J,0.9489829023026207,75.71428571428571,114.0
654325,EEE,2014J,0.9510876234949004,75.71428571428571,36.0
654464,EEE,2014J,0.8295024620314199,52.0,122.0
654570,EEE,2014J,0.9420595667574752,75.71428571428571,0.0
654579,EEE,2014J,0.9420595667574752,75.71428571428571,0.0
654755,EEE,2014J,0.8338956535649277,35.5,188.0
654876,EEE,2014J,0.7957668399933714,53.0,182.0
654888,EEE,2014J,0.9731870860832271,75.71428571428571,1.0
654925,EEE,2014J,0.9510876234949004,75.71428571428571,2.0
655383,EEE,2014J,0.9714203347213101,75.71428571428571,0.0
655468,EEE,2014J,0.9722580753855629,75.71428571428571,8.0
655484,EEE,2014J,0.7401852641636302,69.5,208.0
655634,EEE,2014J,0.9420595667574752,75.71428571428571,0.0
656068,EEE,2014J,0.9722580753855629,75.71428571428571,32.0
656535,EEE,2014J,0.9722580753855629,75.71428571428571,1.0
656825,EEE,2014J,0.9722580753855629,75.71428571428571,44.0
656906,EEE,2014J,0.9489829023026207,75.71428571428571,111.0
656928,EEE,2014J,0.9604846291041567,75.71428571428571,0.0
657091,EEE,2014J,0.8041304789602443,16.0,302.0
674296,EEE,2014J,0.9643585634274505,75.71428571428571,85.0
674457,EEE,2014J,0.9666797665082801,75.71428571428571,37.0
675104,EEE,2014J,0.9545819152472932,75.71428571428571,0.0
675337,EEE,2014J,0.7476229322990916,68.0,27.0
675391,EEE,2014J,0.9517636542337519,75.71428571428571,96.0
675441,EEE,2014J,0.9491250823974074,75.71428571428571,71.0
675853,EEE,2014J,0.9627339242153229,75.71428571428571,163.0
675972,EEE,2014J,0.8967177406888451,75.71428571428571,356.0
676025,EEE,2014J,0.9510876234949004,75.71428571428571,32.0
676150,EEE,2014J,0.9489829023026207,75.71428571428571,87.0
676181,EEE,2014J,0.9604846291041567,75.71428571428571,0.0
677049,EEE,2014J,0.7089363982977875,67.5,112.0
677250,EEE,2014J,0.941347145365399,75.71428571428571,159.0
677416,EEE,2014J,0.9545819152472932,75.71428571428571,0.0
677507,EEE,2014J,0.909705247298763,75.71428571428571,292.0
677711,EEE,2014J,0.9054077435239479,75.71428571428571,384.0
677721,EEE,2014J,0.9709370633458453,75.71428571428571,0.0
677772,EEE,2014J,0.9510876234949004,75.71428571428571,30.0
677776,EEE,2014J,0.8896308396717062,75.71428571428571,225.0
678613,EEE,2014J,0.8627122959774443,75.71428571428571,308.0
678811,EEE,2014J,0.9604846291041567,75.71428571428571,0.0
678852,EEE,2014J,0.9011527256511905,75.71428571428571,396.0
679037,EEE,2014J,0.9604846291041567,75.71428571428571,0.0
679539,EEE,2014J,0.9510876234949004,75.71428571428571,59.0
679883,EEE,2014J,0.9510876234949004,75.71428571428571,1.0
680074,EEE,2014J,0.9690363566723222,75.71428571428571,88.0
680333,EEE,2014J,0.9588064839383145,75.71428571428571,0.0
680563,EEE,2014J,0.964497067582575,75.71428571428571,127.0
680614,EEE,2014J,0.941347145365399,75.71428571428571,176.0
680678,EEE,2014J,0.959063480373128,75.71428571428571,187.0
680829,EEE,2014J,0.941347145365399,75.71428571428571,161.0
681095,EEE,2014J,0.9666797665082801,75.71428571428571,19.0
681852,EEE,2014J,0.9431744641459093,75.71428571428571,153.0
682041,EEE,2014J,0.9722580753855629,75.71428571428571,3.0
682217,EEE,2014J,0.7757278895848521,49.5,306.0
682319,EEE,2014J,0.9604052658984056,75.71428571428571,153.0
682554,EEE,2014J,0.9148671237945658,75.71428571428571,270.0
682575,EEE,2014J,0.9702012771093199,75.71428571428571,86.0
682673,EEE,2014J,0.9420595667574752,75.71428571428571,0.0
683170,EEE,2014J,0.9420595667574752,75.71428571428571,0.0
684498,EEE,2014J,0.8120396899184622,46.5,401.0
684617,EEE,2014J,0.7923185779672974,56.0,183.0
685557,EEE,2014J,0.799467266955606,56.0,140.0
685750,EEE,2014J,0.9792860327686289,75.71428571428571,10.0
685804,EEE,2014J,0.7870029284267634,48.5,280.0
685913,EEE,2014J,0.9325408288639665,75.71428571428571,0.0
685991,EEE,2014J,0.9420595667574752,75.71428571428571,0.0
686339,EEE,2014J,0.9510876234949004,75.71428571428571,38.0
686365,EEE,2014J,0.9666797665082801,75.71428571428571,9.0
686462,EEE,2014J,0.9489829023026207,75.71428571428571,97.0
686877,EEE,2014J,0.9588064839383145,75.71428571428571,0.0
687283,EEE,2014J,0.9420595667574752,75.71428571428571,0.0
687367,EEE,2014J,0.9604052658984056,75.71428571428571,165.0
687953,EEE,2014J,0.9420595667574752,75.71428571428571,0.0
688942,EEE,2014J,0.9420595667574752,75.71428571428571,0.0
688974,EEE,2014J,0.7122946819231538,63.0,99.0
689618,EEE,2014J,0.9325408288639665,75.71428571428571,0.0
689786,EEE,2014J,0.7594037566104204,48.75,530.0
689807,EEE,2014J,0.9604846291041567,75.71428571428571,0.0
689944,EEE,2014J,0.9325408288639665,75.71428571428571,0.0
690406,EEE,2014J,0.9722580753855629,75.71428571428571,51.0
690470,EEE,2014J,0.9510876234949004,75.71428571428571,43.0
690736,EEE,2014J,0.8509565758968389,75.71428571428571,427.0
691978,EEE,2014J,0.829662240690163,0.0,196.0
693147,EEE,2014J,0.9604052658984056,75.71428571428571,185.0
694081,EEE,2014J,0.9510876234949004,75.71428571428571,55.0
694106,EEE,2014J,0.9604846291041567,75.71428571428571,0.0
694548,EEE,2014J,0.9702012771093199,75.71428571428571,117.0
694658,EEE,2014J,0.9604846291041567,75.71428571428571,0.0
695760,EEE,2014J,0.9722580753855629,75.71428571428571,11.0
695921,EEE,2014J,0.9325408288639665,75.71428571428571,0.0
696464,EEE,2014J,0.9616447239763742,75.71428571428571,1.0
696796,EEE,2014J,0.8602926505448869,75.71428571428571,370.0
696930,EEE,2014J,0.7507562301484275,58.0,351.0
697120,EEE,2014J,0.9604846291041567,75.71428571428571,0.0
697460,EEE,2014J,0.7242677608107101,45.75,611.0
698092,EEE,2014J,0.7950017692393601,44.0,420.0
698717,EEE,2014J,0.9331038009656868,75.71428571428571,0.0
699038,EEE,2014J,0.9666797665082801,75.71428571428571,22.0
699049,EEE,2014J,0.94213816160132,75.71428571428571,0.0
699050,EEE,2014J,0.94213816160132,75.71428571428571,0.0
699138,EEE,2014J,0.959063480373128,75.71428571428571,199.0
699140,EEE,2014J,0.9666797665082801,75.71428571428571,10.0
699141,EEE,2014J,0.9616447239763742,75.71428571428571,1.0
1040037,EEE,2014J,0.9185591774590885,75.71428571428571,282.0
1895399,EEE,2014J,0.9703505347484379,75.71428571428571,0.0
1953275,EEE,2014J,0.9420595667574752,75.71428571428571,0.0
2242383,EEE,2014J,0.8524025556475232,33.0,280.0
2338535,EEE,2014J,0.7144363260231978,51.8,555.0
2372573,EEE,2014J,0.9538683754260314,75.71428571428571,24.0
2391303,EEE,2014J,0.9236694695773687,75.71428571428571,256.0
2395505,EEE,2014J,0.9420595667574752,75.71428571428571,0.0
2443165,EEE,2014J,0.9604052658984056,75.71428571428571,179.0
2484189,EEE,2014J,0.7950243052256338,59.0,154.0
2501127,EEE,2014J,0.9325408288639665,75.71428571428571,0.0
2566474,EEE,2014J,0.9420595667574752,75.71428571428571,0.0
2579558,EEE,2014J,0.7363006006095631,54.0,289.0
2612725,EEE,2014J,0.9088407238291856,75.71428571428571,363.0
2631935,EEE,2014J,0.9510876234949004,75.71428571428571,28.0
36842,FFF,2013B,0.9545819152472932,75.71428571428571,0.0
43011,FFF,2013B,0.9588511739811354,75.71428571428571,0.0
49095,FFF,2013B,0.9697463891372057,75.71428571428571,0.0
53197,FFF,2013B,0.8541363917156972,0.0,60.0
71275,FFF,2013B,0.9669165242929424,75.71428571428571,0.0
77998,FFF,2013B,0.7235541571609774,75.66666666666667,455.0
88957,FFF,2013B,0.9679523038968979,75.71428571428571,0.0
91164,FFF,2013B,0.9538683754260314,75.71428571428571,21.0
107955,FFF,2013B,0.9604846291041567,75.71428571428571,0.0
112010,FFF,2013B,0.9790000943379019,75.71428571428571,0.0
126088,FFF,2013B,0.7883951333388753,37.8,1026.0
134578,FFF,2013B,0.9630784313313933,75.71428571428571,185.0
146455,FFF,2013B,0.9489829023026207,75.71428571428571,91.0
160193,FFF,2013B,0.7060205354545817,70.33333333333333,314.0
169555,FFF,2013B,0.8716869261602908,75.71428571428571,277.0
174436,FFF,2013B,0.9489829023026207,75.71428571428571,101.0
184129,FFF,2013B,0.9706580821854937,75.71428571428571,185.0
189720,FFF,2013B,0.8006950587018702,50.25,438.0
191998,FFF,2013B,0.9431744641459093,75.71428571428571,148.0
193803,FFF,2013B,0.9801834957079505,75.71428571428571,5.0
203442,FFF,2013B,0.9722580753855629,75.71428571428571,53.0
228635,FFF,2013B,0.9545819152472932,75.71428571428571,0.0
234196,FFF,2013B,0.7571794289684343,64.0,117.0
241700,FFF,2013B,0.9407640000705656,75.71428571428571,187.0
246112,FFF,2013B,0.8591845444243217,44.0,190.0
247940,FFF,2013B,0.965913107612855,75.71428571428571,175.0
266559,FFF,2013B,0.7823504021088188,70.0,185.0
266858,FFF,2013B,0.9668932723705265,75.71428571428571,112.0
269593,FFF,2013B,0.8213699099659221,47.0,208.0
271168,FFF,2013B,0.9820428596416652,75.71428571428571,0.0
274237,FFF,2013B,0.9604846291041567,75.71428571428571,0.0
276846,FFF,2013B,0.9588511739811354,75.71428571428571,0.0
277577,FFF,2013B,0.7961481019999759,74.58333333333333,6.0
281785,FFF,2013B,0.9420595667574752,75.71428571428571,0.0
286067,FFF,2013B,0.9786148433348112,75.71428571428571,116.0
296911,FFF,2013B,0.9679501546208243,75.71428571428571,9.0
303288,FFF,2013B,0.7571304057748889,57.333333333333336,334.0
309048,FFF,2013B,0.7541435909104408,62.0,322.0
311401,FFF,2013B,0.9545819152472932,75.71428571428571,0.0
320764,FFF,2013B,0.9741378009184806,75.71428571428571,0.0
331104,FFF,2013B,0.9420595667574752,75.71428571428571,0.0
338373,FFF,2013B,0.9666202384446432,75.71428571428571,194.0
340850,FFF,2013B,0.9668932723705265,75.71428571428571,88.0
342208,FFF,2013B,0.97243345019087,75.71428571428571,35.0
343053,FFF,2013B,0.9747333932322992,75.71428571428571,92.0
347410,FFF,2013B,0.958883486134406,75.71428571428571,0.0
352152,FFF,2013B,0.773170952335764,75.71428571428571,515.0
355149,FFF,2013B,0.9732746996012497,75.71428571428571,0.0
355663,FFF,2013B,0.9675403527051906,75.71428571428571,58.0
362356,FFF,2013B,0.9663089122754848,75.71428571428571,0.0
366836,FFF,2013B,0.9849562738944435,75.71428571428571,117.0
368507,FFF,2013B,0.7071732223900229,68.0,157.0
371810,FFF,2013B,0.9738270383473427,75.71428571428571,87.0
379234,FFF,2013B,0.7303336350092331,55.0,331.0
382086,FFF,2013B,0.9703505347484379,75.71428571428571,0.0
382160,FFF,2013B,0.7141940172518718,68.0,284.0
383388,FFF,2013B,0.8748156475279829,75.71428571428571,259.0
385681,FFF,2013B,0.9689493753210092,75.71428571428571,103.0
386985,FFF,2013B,0.9391016882838518,75.71428571428571,189.0
387635,FFF,2013B,0.8469988903169806,44.0,428.0
388323,FFF,2013B,0.9689979935628061,75.71428571428571,13.0
392217,FFF,2013B,0.9644126738661697,75.71428571428571,0.0
392691,FFF,2013B,0.7134551885442373,42.0,1391.0
395010,FFF,2013B,0.9767249399879292,75.71428571428571,109.0
395463,FFF,2013B,0.7101072753831563,64.0,472.0
397297,FFF,2013B,0.9420595667574752,75.71428571428571,0.0
397310,FFF,2013B,0.8716522593156517,50.0,69.0
400010,FFF,2013B,0.7906624674055448,63.0,391.0
404559,FFF,2013B,0.9510876234949004,75.71428571428571,6.0
408372,FFF,2013B,0.7543607961553391,61.18181818181818,192.0
408762,FFF,2013B,0.9420595667574752,75.71428571428571,0.0
409663,FFF,2013B,0.8119163248556143,62.0,131.0
413705,FFF,2013B,0.9802090148577902,75.71428571428571,61.0
417863,FFF,2013B,0.9731870860832271,75.71428571428571,62.0
419228,FFF,2013B,0.7809039875508259,73.0,203.0
423985,FFF,2013B,0.7089768905937087,64.66666666666667,498.0
427228,FFF,2013B,0.9781994555246689,75.71428571428571,0.0
428979,FFF,2013B,0.7208034305805913,73.33333333333333,249.0
434298,FFF,2013B,0.7012729510875697,63.0,447.0
435258,FFF,2013B,0.8604900015710958,75.71428571428571,362.0
437246,FFF,2013B,0.9390472076245725,75.71428571428571,177.0
437432,FFF,2013B,0.9593814674421322,75.71428571428571,193.0
440288,FFF,2013B,0.9510876234949004,75.71428571428571,13.0
440911,FFF,2013B,0.9689979935628061,75.71428571428571,27.0
441421,FFF,2013B,0.7267252947475287,67.66666666666667,88.0
446825,FFF,2013B,0.9831864505589565,75.71428571428571,0.0
464616,FFF,2013B,0.78653444419306,53.583333333333336,0.0
465719,FFF,2013B,0.8576159353129151,11.0,47.0
466582,FFF,2013B,0.8529810763953162,75.71428571428571,388.0
466599,FFF,2013B,0.9687740005157021,75.71428571428571,123.0
468908,FFF,2013B,0.8331584375816721,49.0,213.0
472981,FFF,2013B,0.9687740005157021,75.71428571428571,115.0
474256,FFF,2013B,0.9679523038968979,75.71428571428571,0.0
476946,FFF,2013B,0.7109884076746235,72.0,363.0
479828,FFF,2013B,0.7589282454306755,54.333333333333336,489.0
479892,FFF,2013B,0.8939680613695922,75.71428571428571,318.0
482268,FFF,2013B,0.9810621229997858,75.71428571428571,6.0
482275,FFF,2013B,0.7350488779487558,72.0,317.0
483117,FFF,2013B,0.9604846291041567,75.71428571428571,0.0
483179,FFF,2013B,0.9738270383473427,75.71428571428571,90.0
483743,FFF,2013B,0.97907029053909,75.71428571428571,34.0
485412,FFF,2013B,0.9820428596416652,75.71428571428571,0.0
486145,FFF,2013B,0.7623919964743742,61.333333333333336,370.0
490156,FFF,2013B,0.9781994555246689,75.71428571428571,0.0
490542,FFF,2013B,0.9781994555246689,75.71428571428571,0.0
492111,FFF,2013B,0.9545819152472932,75.71428571428571,0.0
495318,FFF,2013B,0.9420595667574752,75.71428571428571,0.0
495621,FFF,2013B,0.7894465179824105,48.3,709.0
495776,FFF,2013B,0.9781994555246689,75.71428571428571,0.0
497139,FFF,2013B,0.9865073981543483,75.71428571428571,56.0
497891,FFF,2013B,0.9703505347484379,75.71428571428571,0.0
499372,FFF,2013B,0.7271016285944715,71.0,377.0
499419,FFF,2013B,0.9781994555246689,75.71428571428571,0.0
501411,FFF,2013B,0.9420595667574752,75.71428571428571,0.0
501869,FFF,2013B,0.766929607230488,55.0,352.0
502517,FFF,2013B,0.70106692532144,68.33333333333333,0.0
502973,FFF,2013B,0.9604846291041567,75.71428571428571,0.0
503134,FFF,2013B,0.9757293386761543,75.71428571428571,148.0
504190,FFF,2013B,0.9773111132172037,75.71428571428571,3.0
504741,FFF,2013B,0.9525191364246165,75.71428571428571,0.0
504824,FFF,2013B,0.9205927161249658,75.71428571428571,292.0
505244,FFF,2013B,0.9773111132172037,75.71428571428571,13.0
505333,FFF,2013B,0.9766032253578545,75.71428571428571,80.0
505488,FFF,2013B,0.7115641519787846,73.27272727272727,326.0
505501,FFF,2013B,0.9722580753855629,75.71428571428571,28.0
506092,FFF,2013B,0.9604052658984056,75.71428571428571,171.0
508288,FFF,2013B,0.9778197579764639,75.71428571428571,2.0
509177,FFF,2013B,0.9810621229997858,75.71428571428571,15.0
509535,FFF,2013B,0.9687740005157021,75.71428571428571,112.0
511005,FFF,2013B,0.941347145365399,75.71428571428571,183.0
511340,FFF,2013B,0.9722580753855629,75.71428571428571,24.0
512305,FFF,2013B,0.9097747104841306,75.71428571428571,329.0
514096,FFF,2013B,0.7230731369150266,60.0,376.0
514605,FFF,2013B,0.9781994555246689,75.71428571428571,0.0
515070,FFF,2013B,0.9706580821854937,75.71428571428571,191.0
515370,FFF,2013B,0.9709523573765612,75.71428571428571,0.0
516222,FFF,2013B,0.9018914563369436,75.71428571428571,362.0
516519,FFF,2013B,0.9646451233023277,75.71428571428571,0.0
517362,FFF,2013B,0.8648195326403922,0.0,237.0
518385,FFF,2013B,0.9811390366786096,75.71428571428571,3.0
518771,FFF,2013B,0.8559799793963008,34.333333333333336,364.0
519500,FFF,2013B,0.962277938035908,75.71428571428571,0.0
519600,FFF,2013B,0.9731870860832271,75.71428571428571,48.0
520061,FFF,2013B,0.7114228435733847,61.083333333333336,0.0
520153,FFF,2013B,0.9808271098006736,75.71428571428571,8.0
520307,FFF,2013B,0.9569586266586341,75.71428571428571,206.0
520525,FFF,2013B,0.9420595667574752,75.71428571428571,0.0
521109,FFF,2013B,0.870023435460708,48.25,163.0
522023,FFF,2013B,0.714046739555409,61.0,505.0
522479,FFF,2013B,0.9773111132172037,75.71428571428571,14.0
522862,FFF,2013B,0.9160236068127667,75.71428571428571,303.0
524609,FFF,2013B,0.9679523038968979,75.71428571428571,0.0
524984,FFF,2013B,0.9722580753855629,75.71428571428571,16.0
525353,FFF,2013B,0.9604846291041567,75.71428571428571,0.0
525557,FFF,2013B,0.9803542351404367,75.71428571428571,79.0
526060,FFF,2013B,0.9510876234949004,75.71428571428571,58.0
526356,FFF,2013B,0.97907029053909,75.71428571428571,11.0
526420,FFF,2013B,0.9604846291041567,75.71428571428571,0.0
526527,FFF,2013B,0.7996187042740679,38.0,458.0
527505,FFF,2013B,0.9731870860832271,75.71428571428571,54.0
528071,FFF,2013B,0.9538683754260314,75.71428571428571,67.0
528264,FFF,2013B,0.9738270383473427,75.71428571428571,91.0
528302,FFF,2013B,0.9731870860832271,75.71428571428571,39.0
528879,FFF,2013B,0.9604846291041567,75.71428571428571,0.0
528996,FFF,2013B,0.9722580753855629,75.71428571428571,43.0
529277,FFF,2013B,0.9679523038968979,75.71428571428571,0.0
531251,FFF,2013B,0.9604846291041567,75.71428571428571,0.0
531667,FFF,2013B,0.9604846291041567,75.71428571428571,0.0
531866,FFF,2013B,0.9420595667574752,75.71428571428571,0.0
532464,FFF,2013B,0.7604349604568411,55.0,399.0
532476,FFF,2013B,0.9420595667574752,75.71428571428571,0.0
532575,FFF,2013B,0.703804615286088,63.0,305.0
533458,FFF,2013B,0.9722580753855629,75.71428571428571,2.0
533874,FFF,2013B,0.8337339139363701,34.0,592.0
533944,FFF,2013B,0.8425319203806212,75.71428571428571,445.0
534854,FFF,2013B,0.7056161091416441,43.81818181818182,2091.0
534944,FFF,2013B,0.7987837190792362,60.0,151.0
534962,FFF,2013B,0.7033102230200208,36.0,960.0
535228,FFF,2013B,0.9510876234949004,75.71428571428571,46.0
535276,FFF,2013B,0.7313291308024813,56.0,286.0
535761,FFF,2013B,0.9545819152472932,75.71428571428571,0.0
535981,FFF,2013B,0.9604846291041567,75.71428571428571,0.0
536046,FFF,2013B,0.7131328848736316,51.75,648.0
536103,FFF,2013B,0.7045302228408599,62.666666666666664,354.0
536454,FFF,2013B,0.9420595667574752,75.71428571428571,0.0
536503,FFF,2013B,0.9491250823974074,75.71428571428571,82.0
536843,FFF,2013B,0.7846558763785904,42.25,525.0
537000,FFF,2013B,0.9604846291041567,75.71428571428571,0.0
537674,FFF,2013B,0.857781835676651,22.333333333333332,246.0
537728,FFF,2013B,0.9545819152472932,75.71428571428571,0.0
538051,FFF,2013B,0.732785430175805,66.0,179.0
539128,FFF,2013B,0.9604846291041567,75.71428571428571,0.0
539468,FFF,2013B,0.9491250823974074,75.71428571428571,72.0
539668,FFF,2013B,0.9545819152472932,75.71428571428571,0.0
539774,FFF,2013B,0.8574807423118365,75.71428571428571,336.0
539953,FFF,2013B,0.7716581516482772,48.0,436.0
541327,FFF,2013B,0.7869687894830719,51.0,332.0
541369,FFF,2013B,0.9491250823974074,75.71428571428571,76.0
541923,FFF,2013B,0.8627122959774443,75.71428571428571,302.0
542062,FFF,2013B,0.9420595667574752,75.71428571428571,0.0
543095,FFF,2013B,0.9510876234949004,75.71428571428571,26.0
543604,FFF,2013B,0.9604846291041567,75.71428571428571,0.0
544279,FFF,2013B,0.9510876234949004,75.71428571428571,14.0
544651,FFF,2013B,0.8315582436506395,46.0,306.0
544802,FFF,2013B,0.9604846291041567,75.71428571428571,0.0
544955,FFF,2013B,0.9420595667574752,75.71428571428571,0.0
545485,FFF,2013B,0.9545819152472932,75.71428571428571,0.0
545522,FFF,2013B,0.9545819152472932,75.71428571428571,0.0
545565,FFF,2013B,0.9687740005157021,75.71428571428571,129.0
545600,FFF,2013B,0.9420595667574752,75.71428571428571,0.0
545604,FFF,2013B,0.7267553060559685,62.0,271.0
545693,FFF,2013B,0.733771479385347,52.0,737.0
545791,FFF,2013B,0.97243345019087,75.71428571428571,20.0
545918,FFF,2013B,0.7713677283303985,58.0,270.0
546141,FFF,2013B,0.8383230909217748,43.0,148.0
546164,FFF,2013B,0.8529810763953162,75.71428571428571,381.0
546396,FFF,2013B,0.7313738502437466,3.0,731.0
546431,FFF,2013B,0.7490008331890149,62.0,169.0
546863,FFF,2013B,0.9420595667574752,75.71428571428571,0.0
547267,FFF,2013B,0.9722580753855629,75.71428571428571,30.0
547609,FFF,2013B,0.9722580753855629,75.71428571428571,17.0
547666,FFF,2013B,0.8686039302076811,75.71428571428571,402.0
547667,FFF,2013B,0.9420595667574752,75.71428571428571,0.0
547876,FFF,2013B,0.8010130655373255,36.0,299.0
548043,FFF,2013B,0.9517636542337519,75.71428571428571,129.0
548331,FFF,2013B,0.9588064839383145,75.71428571428571,0.0
548608,FFF,2013B,0.9467004203735536,75.71428571428571,0.0
548741,FFF,2013B,0.8343922780644245,38.0,180.0
548819,FFF,2013B,0.9510876234949004,75.71428571428571,15.0
548893,FFF,2013B,0.9441278972965302,75.71428571428571,155.0
549014,FFF,2013B,0.7144300613556139,70.1,330.0
549093,FFF,2013B,0.7986523479037689,45.0,251.0
549311,FFF,2013B,0.8341356226032195,53.0,119.0
549505,FFF,2013B,0.9538683754260314,75.71428571428571,27.0
549670,FFF,2013B,0.9489829023026207,75.71428571428571,92.0
549904,FFF,2013B,0.9722580753855629,75.71428571428571,6.0
550095,FFF,2013B,0.8300264887788444,38.0,198.0
550610,FFF,2013B,0.9510876234949004,75.71428571428571,18.0
551061,FFF,2013B,0.7974439784285984,43.333333333333336,397.0
551134,FFF,2013B,0.8662995934279496,75.71428571428571,295.0
551137,FFF,2013B,0.9510876234949004,75.71428571428571,43.0
551156,FFF,2013B,0.9731870860832271,75.71428571428571,1.0
551190,FFF,2013B,0.9498329702567565,75.71428571428571,70.0
551482,FFF,2013B,0.9510876234949004,75.71428571428571,15.0
551492,FFF,2013B,0.9545819152472932,75.71428571428571,0.0
551764,FFF,2013B,0.9687740005157021,75.71428571428571,109.0
552041,FFF,2013B,0.9545819152472932,75.71428571428571,0.0
552228,FFF,2013B,0.9604846291041567,75.71428571428571,0.0
552284,FFF,2013B,0.7092508047015716,70.42857142857143,138.0
552560,FFF,2013B,0.7130859851206489,69.0,193.0
552580,FFF,2013B,0.7872366116548085,45.0,333.0
552614,FFF,2013B,0.9420595667574752,75.71428571428571,0.0
552740,FFF,2013B,0.7890794139041154,47.0,490.0
553131,FFF,2013B,0.9420595667574752,75.71428571428571,0.0
553240,FFF,2013B,0.9420595667574752,75.71428571428571,0.0
553631,FFF,2013B,0.9545819152472932,75.71428571428571,0.0
554152,FFF,2013B,0.9517636542337519,75.71428571428571,116.0
554888,FFF,2013B,0.8557754440246222,75.71428571428571,374.0
554946,FFF,2013B,0.9117239694341925,75.71428571428571,205.0
555110,FFF,2013B,0.9604846291041567,75.71428571428571,0.0
555148,FFF,2013B,0.9489829023026207,75.71428571428571,96.0
555168,FFF,2013B,0.9510876234949004,75.71428571428571,49.0
555178,FFF,2013B,0.9510876234949004,75.71428571428571,2.0
555539,FFF,2013B,0.9731870860832271,75.71428571428571,28.0
555653,FFF,2013B,0.9666180838583784,75.71428571428571,152.0
556134,FFF,2013B,0.9604846291041567,75.71428571428571,0.0
556203,FFF,2013B,0.9420595667574752,75.71428571428571,0.0
556489,FFF,2013B,0.9489829023026207,75.71428571428571,96.0
556542,FFF,2013B,0.743958011874771,49.0,644.0
556927,FFF,2013B,0.9420595667574752,75.71428571428571,0.0
557089,FFF,2013B,0.9491250823974074,75.71428571428571,82.0
557203,FFF,2013B,0.7485425758145268,55.0,257.0
557588,FFF,2013B,0.9545819152472932,75.71428571428571,0.0
558199,FFF,2013B,0.9545819152472932,75.71428571428571,0.0
558262,FFF,2013B,0.7500443782363755,59.4,317.0
558354,FFF,2013B,0.962277938035908,75.71428571428571,0.0
558692,FFF,2013B,0.7337949679950536,43.7,659.0
558760,FFF,2013B,0.747951576967718,59.75,337.0
558957,FFF,2013B,0.9420595667574752,75.71428571428571,0.0
559019,FFF,2013B,0.9722580753855629,75.71428571428571,16.0
559062,FFF,2013B,0.7155057600333926,54.0,497.0
559656,FFF,2013B,0.9702012771093199,75.71428571428571,93.0
559991,FFF,2013B,0.8055337868839384,32.333333333333336,600.0
560010,FFF,2013B,0.9489829023026207,75.71428571428571,124.0
560197,FFF,2013B,0.9510876234949004,75.71428571428571,8.0
560443,FFF,2013B,0.9510876234949004,75.71428571428571,23.0
560459,FFF,2013B,0.8074969995679347,35.8,553.0
962951,FFF,2013B,0.7689395522738188,74.0,108.0
1494901,FFF,2013B,0.9545819152472932,75.71428571428571,0.0
1559365,FFF,2013B,0.9679523038968979,75.71428571428571,0.0
1627071,FFF,2013B,0.9796713406638023,75.71428571428571,22.0
1813664,FFF,2013B,0.9510876234949004,75.71428571428571,17.0
1824428,FFF,2013B,0.9669165242929424,75.71428571428571,0.0
1839785,FFF,2013B,0.97243345019087,75.71428571428571,9.0
1855249,FFF,2013B,0.9588511739811354,75.71428571428571,0.0
1896915,FFF,2013B,0.7505634394388264,75.71428571428571,559.0
1936935,FFF,2013B,0.9420595667574752,75.71428571428571,0.0
1974271,FFF,2013B,0.7089627320147254,74.41666666666667,213.0
2034533,FFF,2013B,0.9698985507450826,75.71428571428571,88.0
2102658,FFF,2013B,0.9420595667574752,75.71428571428571,0.0
2245011,FFF,2013B,0.9738270383473427,75.71428571428571,86.0
2252905,FFF,2013B,0.9689979935628061,75.71428571428571,35.0
2288493,FFF,2013B,0.9420595667574752,75.71428571428571,0.0
2367887,FFF,2013B,0.9722580753855629,75.71428571428571,70.0
2436873,FFF,2013B,0.7218956677798279,32.666666666666664,1433.0
2446784,FFF,2013B,0.9420595667574752,75.71428571428571,0.0
2532652,FFF,2013B,0.8748156475279829,75.71428571428571,259.0
2581800,FFF,2013B,0.7007475118642184,66.0,195.0
2586748,FFF,2013B,0.97243345019087,75.71428571428571,24.0
2610837,FFF,2013B,0.9679523038968979,75.71428571428571,0.0
2628246,FFF,2013B,0.9510876234949004,75.71428571428571,8.0
2644664,FFF,2013B,0.9420595667574752,75.71428571428571,0.0
2650929,FFF,2013B,0.9545819152472932,75.71428571428571,0.0
2658271,FFF,2013B,0.7969741061806684,57.0,243.0
2672734,FFF,2013B,0.7103438024516724,30.0,792.0
2685154,FFF,2013B,0.9510876234949004,75.71428571428571,17.0
47924,FFF,2013J,0.800470400401097,41.0,0.0
49670,FFF,2013J,0.9420595667574752,75.71428571428571,0.0
53626,FFF,2013J,0.9467004203735536,75.71428571428571,0.0
54739,FFF,2013J,0.9781994555246689,75.71428571428571,0.0
54882,FFF,2013J,0.8226831082981363,45.8,0.0
55013,FFF,2013J,0.78653444419306,53.25,0.0
58077,FFF,2013J,0.9604890193424273,75.71428571428571,0.0
71897,FFF,2013J,0.9604846291041567,75.71428571428571,0.0
81536,FFF,2013J,0.7113482404249803,68.0,0.0
87042,FFF,2013J,0.9604846291041567,75.71428571428571,0.0
88781,FFF,2013J,0.8063064685621183,55.25,0.0
101217,FFF,2013J,0.8402540638244536,41.0,0.0
106690,FFF,2013J,0.962277938035908,75.71428571428571,0.0
107028,FFF,2013J,0.7742041584070478,62.625,85.0
107084,FFF,2013J,0.7493891117416964,60.54545454545455,0.0
111678,FFF,2013J,0.9420595667574752,75.71428571428571,0.0
112010,FFF,2013J,0.9708283954391895,75.71428571428571,0.0
113487,FFF,2013J,0.9604846291041567,75.71428571428571,0.0
114500,FFF,2013J,0.8013836857877621,51.583333333333336,0.0
116499,FFF,2013J,0.9420595667574752,75.71428571428571,0.0
116631,FFF,2013J,0.7071132419052423,68.0,0.0
118176,FFF,2013J,0.9420595667574752,75.71428571428571,0.0
124379,FFF,2013J,0.9637484907797561,75.71428571428571,0.0
126074,FFF,2013J,0.9604846291041567,75.71428571428571,0.0
128723,FFF,2013J,0.9604846291041567,75.71428571428571,0.0
137903,FFF,2013J,0.7039543601561269,72.5,0.0
143752,FFF,2013J,0.9604846291041567,75.71428571428571,0.0
148931,FFF,2013J,0.9420595667574752,75.71428571428571,0.0
150121,FFF,2013J,0.8835466634460419,50.0,0.0
152037,FFF,2013J,0.9420595667574752,75.71428571428571,0.0
154059,FFF,2013J,0.7888414289045187,58.833333333333336,0.0
156755,FFF,2013J,0.9604846291041567,75.71428571428571,0.0
157647,FFF,2013J,0.9588064839383145,75.71428571428571,0.0
160310,FFF,2013J,0.8159381632069588,51.63636363636363,0.0
160720,FFF,2013J,0.9637484907797561,75.71428571428571,0.0
171304,FFF,2013J,0.7774709940214796,54.333333333333336,0.0
171692,FFF,2013J,0.7826730101433451,52.666666666666664,0.0
174468,FFF,2013J,0.9604890193424273,75.71428571428571,0.0
184627,FFF,2013J,0.8191174503106224,32.0,0.0
184925,FFF,2013J,0.9420595667574752,75.71428571428571,0.0
188524,FFF,2013J,0.8283555704599423,41.0,0.0
198691,FFF,2013J,0.801477947795166,14.0,0.0
200278,FFF,2013J,0.8124723586267268,40.0,0.0
202713,FFF,2013J,0.7133591013916643,69.0,0.0
206342,FFF,2013J,0.7966878938112417,59.0,0.0
227254,FFF,2013J,0.9604846291041567,75.71428571428571,0.0
229191,FFF,2013J,0.9604846291041567,75.71428571428571,0.0
229417,FFF,2013J,0.7701092250486122,58.0,0.0
234004,FFF,2013J,0.9420595667574752,75.71428571428571,0.0
234068,FFF,2013J,0.7436630303034683,70.0,2.0
236150,FFF,2013J,0.9554558206352058,75.71428571428571,198.0
241792,FFF,2013J,0.9545819152472932,75.71428571428571,0.0
243351,FFF,2013J,0.9545819152472932,75.71428571428571,0.0
243396,FFF,2013J,0.78653444419306,54.0,0.0
253516,FFF,2013J,0.9467004203735536,75.71428571428571,0.0
253767,FFF,2013J,0.7238026331562724,65.5,0.0
256905,FFF,2013J,0.8104087546287814,44.0,0.0
257970,FFF,2013J,0.9604890193424273,75.71428571428571,0.0
259609,FFF,2013J,0.9756858516293004,75.71428571428571,0.0
261205,FFF,2013J,0.8286587465152979,34.0,0.0
262403,FFF,2013J,0.7083121073264284,62.916666666666664,0.0
264924,FFF,2013J,0.9604846291041567,75.71428571428571,0.0
268343,FFF,2013J,0.9420595667574752,75.71428571428571,0.0
271274,FFF,2013J,0.8226831082981363,48.0,0.0
271702,FFF,2013J,0.9604846291041567,75.71428571428571,0.0
279069,FFF,2013J,0.9679523038968979,75.71428571428571,0.0
282385,FFF,2013J,0.9420595667574752,75.71428571428571,0.0
284395,FFF,2013J,0.7039543601561269,71.58333333333333,0.0
284636,FFF,2013J,0.9420595667574752,75.71428571428571,0.0
284742,FFF,2013J,0.9420595667574752,75.71428571428571,0.0
286442,FFF,2013J,0.9467004203735536,75.71428571428571,0.0
287079,FFF,2013J,0.7966878938112417,58.285714285714285,0.0
289221,FFF,2013J,0.7160607694013241,60.75,0.0
289826,FFF,2013J,0.9669165242929424,75.71428571428571,0.0
295255,FFF,2013J,0.7740227319954056,55.916666666666664,0.0
296100,FFF,2013J,0.9588064839383145,75.71428571428571,0.0
301128,FFF,2013J,0.9703505347484379,75.71428571428571,0.0
302071,FFF,2013J,0.9582867198052278,75.71428571428571,0.0
302566,FFF,2013J,0.7946254214365045,55.75,0.0
303937,FFF,2013J,0.9420595667574752,75.71428571428571,0.0
307245,FFF,2013J,0.7042544775252492,72.5,0.0
309150,FFF,2013J,0.8107309583868801,52.5,0.0
310899,FFF,2013J,0.9420595667574752,75.71428571428571,0.0
311151,FFF,2013J,0.8283555704599423,38.0,0.0
313206,FFF,2013J,0.7934817216425455,59.0,0.0
323480,FFF,2013J,0.7059357464048306,70.16666666666667,0.0
323984,FFF,2013J,0.7082425562250334,70.0,0.0
324331,FFF,2013J,0.7774709940214796,53.5,0.0
325750,FFF,2013J,0.7136122273736373,67.04545454545455,0.0
326056,FFF,2013J,0.9420595667574752,75.71428571428571,0.0
329655,FFF,2013J,0.7156177919136063,66.25,0.0
330347,FFF,2013J,0.8226831082981363,49.25,0.0
330669,FFF,2013J,0.9703505347484379,75.71428571428571,0.0
330723,FFF,2013J,0.8292801235195943,28.75,0.0
331039,FFF,2013J,0.7570916504334086,65.0909090909091,0.0
338806,FFF,2013J,0.7878568666225015,57.588235294117645,0.0
339624,FFF,2013J,0.9604846291041567,75.71428571428571,0.0
341096,FFF,2013J,0.7114228435733847,62.083333333333336,0.0
341361,FFF,2013J,0.7041077167905476,67.07692307692308,238.0
342208,FFF,2013J,0.9829906193659481,75.71428571428571,35.0
343828,FFF,2013J,0.7619341974439234,63.083333333333336,0.0
348717,FFF,2013J,0.7116483577941026,67.25,0.0
349219,FFF,2013J,0.7838729140369992,66.5,0.0
349247,FFF,2013J,0.7701077968202539,52.0,0.0
351170,FFF,2013J,0.713889395523516,60.583333333333336,0.0
352083,FFF,2013J,0.9420595667574752,75.71428571428571,0.0
352102,FFF,2013J,0.9604890193424273,75.71428571428571,0.0
353066,FFF,2013J,0.9545819152472932,75.71428571428571,0.0
353790,FFF,2013J,0.7721841954381894,57.333333333333336,0.0
355293,FFF,2013J,0.7746136936040402,60.72222222222222,0.0
356397,FFF,2013J,0.7311750680757266,65.0,0.0
360581,FFF,2013J,0.9420595667574752,75.71428571428571,0.0
360986,FFF,2013J,0.7355317715268318,64.91666666666667,0.0
363273,FFF,2013J,0.9545819152472932,75.71428571428571,0.0
364974,FFF,2013J,0.7986795280190735,60.166666666666664,0.0
367510,FFF,2013J,0.7939329194043425,59.45454545454545,352.0
368935,FFF,2013J,0.78653444419306,52.916666666666664,0.0
369208,FFF,2013J,0.7166449275262435,73.66666666666667,125.0
369826,FFF,2013J,0.9420595667574752,75.71428571428571,0.0
370934,FFF,2013J,0.9604890193424273,75.71428571428571,0.0
372619,FFF,2013J,0.9420595667574752,75.71428571428571,0.0
380161,FFF,2013J,0.9545819152472932,75.71428571428571,0.0
380710,FFF,2013J,0.836290975508739,32.0,0.0
381058,FFF,2013J,0.7774709940214796,55.0,0.0
382125,FFF,2013J,0.9637484907797561,75.71428571428571,0.0
385209,FFF,2013J,0.816740995320448,55.833333333333336,0.0
387941,FFF,2013J,0.9420595667574752,75.71428571428571,0.0
391187,FFF,2013J,0.7012095824355039,74.375,0.0
392427,FFF,2013J,0.7926835134544629,49.833333333333336,0.0
392692,FFF,2013J,0.7894186441264611,62.0,0.0
393698,FFF,2013J,0.9420595667574752,75.71428571428571,0.0
394218,FFF,2013J,0.8063064685621183,56.166666666666664,0.0
396502,FFF,2013J,0.7349325355830925,63.45454545454545,0.0
397292,FFF,2013J,0.7926835134544629,48.0,0.0
399863,FFF,2013J,0.9709370633458453,75.71428571428571,0.0
400266,FFF,2013J,0.7029159423986338,75.21428571428571,272.0
401824,FFF,2013J,0.7630824767033042,61.0,0.0
401866,FFF,2013J,0.8061268570239012,54.833333333333336,0.0
402458,FFF,2013J,0.7082425562250334,69.66666666666667,0.0
409040,FFF,2013J,0.7483525232038043,62.833333333333336,0.0
409276,FFF,2013J,0.9703505347484379,75.71428571428571,0.0
410666,FFF,2013J,0.7508370631206331,75.625,0.0
411939,FFF,2013J,0.9781994555246689,75.71428571428571,0.0
413259,FFF,2013J,0.9803787865000778,75.71428571428571,0.0
413747,FFF,2013J,0.7701092250486122,58.5,0.0
413950,FFF,2013J,0.9604890193424273,75.71428571428571,0.0
416426,FFF,2013J,0.9604846291041567,75.71428571428571,0.0
418129,FFF,2013J,0.9604846291041567,75.71428571428571,0.0
419565,FFF,2013J,0.743142985036798,41.0,1809.0
423544,FFF,2013J,0.9420595667574752,75.71428571428571,0.0
424069,FFF,2013J,0.9604846291041567,75.71428571428571,0.0
426137,FFF,2013J,0.8313722980957964,36.666666666666664,383.0
427802,FFF,2013J,0.7816805676721108,58.25,0.0
428195,FFF,2013J,0.8226831082981363,46.0,0.0
429194,FFF,2013J,0.9604890193424273,75.71428571428571,0.0
429832,FFF,2013J,0.8044679320049021,56.266666666666666,0.0
432474,FFF,2013J,0.9420595667574752,75.71428571428571,0.0
434617,FFF,2013J,0.7232325480488251,66.25,0.0
436044,FFF,2013J,0.7331265658386451,67.33333333333333,0.0
438063,FFF,2013J,0.7133591013916643,68.66666666666667,0.0
438313,FFF,2013J,0.7044692440653383,63.75,366.0
438644,FFF,2013J,0.7352326529522151,64.0,0.0
439053,FFF,2013J,0.9604846291041567,75.71428571428571,0.0
441606,FFF,2013J,0.7860812434448715,61.38461538461539,195.0
442432,FFF,2013J,0.9623611180971551,75.71428571428571,0.0
442670,FFF,2013J,0.7358263426358327,64.36363636363636,0.0
443300,FFF,2013J,0.9604846291041567,75.71428571428571,0.0
443753,FFF,2013J,0.8292801235195943,10.0,0.0
444266,FFF,2013J,0.7082425562250334,70.0,0.0
444856,FFF,2013J,0.7878312061922412,50.083333333333336,0.0
445728,FFF,2013J,0.962277938035908,75.71428571428571,0.0
446746,FFF,2013J,0.9604890193424273,75.71428571428571,0.0
447374,FFF,2013J,0.9420595667574752,75.71428571428571,0.0
447459,FFF,2013J,0.7012194834404962,69.0,0.0
464616,FFF,2013J,0.8062527612985454,53.583333333333336,0.0
467291,FFF,2013J,0.9604846291041567,75.71428571428571,0.0
467685,FFF,2013J,0.9420595667574752,75.71428571428571,0.0
473896,FFF,2013J,0.8098039772106966,53.0,0.0
475699,FFF,2013J,0.9545819152472932,75.71428571428571,0.0
479828,FFF,2013J,0.7753343390163577,54.333333333333336,489.0
480025,FFF,2013J,0.7721841954381894,57.5,0.0
480910,FFF,2013J,0.9604890193424273,75.71428571428571,0.0
481092,FFF,2013J,0.9729842774568935,75.71428571428571,0.0
482554,FFF,2013J,0.9420595667574752,75.71428571428571,0.0
482580,FFF,2013J,0.962277938035908,75.71428571428571,0.0
483724,FFF,2013J,0.7319494891563842,65.33333333333333,0.0
484125,FFF,2013J,0.7274203167359719,66.0,0.0
484312,FFF,2013J,0.8062527612985454,56.0,0.0
485671,FFF,2013J,0.7259942664656073,69.16666666666667,0.0
486473,FFF,2013J,0.9604890193424273,75.71428571428571,0.0
486551,FFF,2013J,0.7774709940214796,54.666666666666664,0.0
486948,FFF,2013J,0.7349325355830925,63.25,0.0
488324,FFF,2013J,0.7898444465182436,52.0,0.0
489146,FFF,2013J,0.7012095824355039,75.0,0.0
491011,FFF,2013J,0.7175993949784565,73.16666666666667,0.0
491688,FFF,2013J,0.980774453050597,75.71428571428571,73.0
491756,FFF,2013J,0.7480252598366799,65.5,0.0
492557,FFF,2013J,0.7039543601561269,72.3,0.0
493067,FFF,2013J,0.9604890193424273,75.71428571428571,0.0
494143,FFF,2013J,0.7090709053227577,72.0,0.0
494191,FFF,2013J,0.9420595667574752,75.71428571428571,0.0
494335,FFF,2013J,0.9754963234536176,75.71428571428571,0.0
494414,FFF,2013J,0.9545819152472932,75.71428571428571,0.0
496801,FFF,2013J,0.7774709940214796,53.666666666666664,0.0
496981,FFF,2013J,0.9679523038968979,75.71428571428571,0.0
498972,FFF,2013J,0.721226983508856,67.0,0.0
499386,FFF,2013J,0.8063064685621183,54.166666666666664,0.0
499768,FFF,2013J,0.9420595667574752,75.71428571428571,0.0
500099,FFF,2013J,0.7274203167359719,66.0,0.0
501922,FFF,2013J,0.9679523038968979,75.71428571428571,0.0
502517,FFF,2013J,0.7085426735941557,68.33333333333333,0.0
503401,FFF,2013J,0.958883486134406,75.71428571428571,0.0
504700,FFF,2013J,0.9604846291041567,75.71428571428571,0.0
504899,FFF,2013J,0.9703505347484379,75.71428571428571,0.0
505501,FFF,2013J,0.9773111132172037,75.71428571428571,28.0
506288,FFF,2013J,0.9604846291041567,75.71428571428571,0.0
506498,FFF,2013J,0.8159381632069588,51.0,0.0
506783,FFF,2013J,0.819772624800916,48.2,0.0
507084,FFF,2013J,0.8063064685621183,56.0,0.0
508059,FFF,2013J,0.719805560600753,66.0,0.0
508232,FFF,2013J,0.9604890193424273,75.71428571428571,0.0
508469,FFF,2013J,0.9604846291041567,75.71428571428571,0.0
508627,FFF,2013J,0.7205508111755118,66.6,0.0
508713,FFF,2013J,0.9604846291041567,75.71428571428571,0.0
509407,FFF,2013J,0.725783890093284,72.0,0.0
509940,FFF,2013J,0.7966878938112417,60.0,0.0
510112,FFF,2013J,0.9604846291041567,75.71428571428571,0.0
511432,FFF,2013J,0.9826271896710997,75.71428571428571,0.0
512123,FFF,2013J,0.7039543601561269,71.0,0.0
512335,FFF,2013J,0.830542287722739,47.0,0.0
512725,FFF,2013J,0.9679523038968979,75.71428571428571,0.0
512859,FFF,2013J,0.9637484907797561,75.71428571428571,0.0
513796,FFF,2013J,0.9604846291041567,75.71428571428571,0.0
514558,FFF,2013J,0.829155770672081,52.583333333333336,0.0
514913,FFF,2013J,0.7151960886914702,49.2,1323.0
515536,FFF,2013J,0.962277938035908,75.71428571428571,0.0
515574,FFF,2013J,0.7605478844182056,61.5,0.0
515859,FFF,2013J,0.7701092250486122,59.0,0.0
516620,FFF,2013J,0.7943082184600523,46.416666666666664,0.0
516673,FFF,2013J,0.9679523038968979,75.71428571428571,0.0
517571,FFF,2013J,0.9604890193424273,75.71428571428571,0.0
518930,FFF,2013J,0.7493453244026139,63.0,0.0
520061,FFF,2013J,0.763768046182359,61.083333333333336,0.0
520249,FFF,2013J,0.7943082184600523,46.0,0.0
521109,FFF,2013J,0.8411955332688824,48.25,163.0
521255,FFF,2013J,0.7400484936033656,60.142857142857146,0.0
521329,FFF,2013J,0.7966878938112417,59.09090909090909,0.0
522862,FFF,2013J,0.8856405462767656,75.71428571428571,303.0
522881,FFF,2013J,0.7082425562250334,70.0,0.0
523777,FFF,2013J,0.9604890193424273,75.71428571428571,0.0
523971,FFF,2013J,0.7113482404249803,67.91666666666667,0.0
524232,FFF,2013J,0.9604890193424273,75.71428571428571,0.0
524379,FFF,2013J,0.9709523573765612,75.71428571428571,0.0
524407,FFF,2013J,0.7721841954381894,56.333333333333336,0.0
524938,FFF,2013J,0.7039543601561269,71.33333333333333,0.0
525596,FFF,2013J,0.9420595667574752,75.71428571428571,0.0
525694,FFF,2013J,0.9604890193424273,75.71428571428571,0.0
525781,FFF,2013J,0.9420595667574752,75.71428571428571,0.0
526948,FFF,2013J,0.9709370633458453,75.71428571428571,0.0
527565,FFF,2013J,0.7792519865281894,59.75,0.0
527775,FFF,2013J,0.7966878938112417,58.0,0.0
529197,FFF,2013J,0.7301161329225289,65.63636363636364,0.0
529211,FFF,2013J,0.8279620171193142,40.0,0.0
529490,FFF,2013J,0.7774709940214796,53.333333333333336,0.0
529723,FFF,2013J,0.7007963442328656,68.15384615384616,170.0
530159,FFF,2013J,0.8044679320049021,56.583333333333336,0.0
531344,FFF,2013J,0.9679523038968979,75.71428571428571,0.0
531953,FFF,2013J,0.9545819152472932,75.71428571428571,0.0
532121,FFF,2013J,0.7114228435733847,61.81818181818182,0.0
532741,FFF,2013J,0.719805560600753,66.0,0.0
535529,FFF,2013J,0.8292801235195943,12.0,0.0
536103,FFF,2013J,0.7439404269167018,62.666666666666664,354.0
540637,FFF,2013J,0.7232325480488251,66.27272727272727,0.0
541783,FFF,2013J,0.7774709940214796,53.416666666666664,0.0
544289,FFF,2013J,0.7070564858829413,67.16666666666667,0.0
545119,FFF,2013J,0.7445243854432968,66.38461538461539,0.0
545944,FFF,2013J,0.7450777977891121,66.0,304.0
546643,FFF,2013J,0.7826730101433451,53.333333333333336,0.0
547442,FFF,2013J,0.9545819152472932,75.71428571428571,0.0
547593,FFF,2013J,0.9420595667574752,75.71428571428571,0.0
548080,FFF,2013J,0.9420595667574752,75.71428571428571,0.0
550556,FFF,2013J,0.7349325355830925,63.72727272727273,0.0
551299,FFF,2013J,0.7701092250486122,59.25,0.0
551354,FFF,2013J,0.78653444419306,54.81818181818182,0.0
551373,FFF,2013J,0.9420595667574752,75.71428571428571,0.0
551500,FFF,2013J,0.9604846291041567,75.71428571428571,0.0
551823,FFF,2013J,0.962277938035908,75.71428571428571,0.0
556275,FFF,2013J,0.9420595667574752,75.71428571428571,0.0
557232,FFF,2013J,0.8011671297970807,33.333333333333336,0.0
558090,FFF,2013J,0.7774709940214796,53.333333333333336,0.0
558284,FFF,2013J,0.9612096099414275,75.71428571428571,0.0
558301,FFF,2013J,0.8052069158443217,44.333333333333336,0.0
558309,FFF,2013J,0.9545819152472932,75.71428571428571,0.0
558635,FFF,2013J,0.7113482404249803,67.83333333333333,0.0
558909,FFF,2013J,0.9637484907797561,75.71428571428571,0.0
559599,FFF,2013J,0.9604846291041567,75.71428571428571,0.0
559902,FFF,2013J,0.9604890193424273,75.71428571428571,0.0
559999,FFF,2013J,0.822593559254707,28.0,0.0
560592,FFF,2013J,0.7774709940214796,55.0,0.0
560659,FFF,2013J,0.8108712156569762,40.666666666666664,0.0
560772,FFF,2013J,0.9420595667574752,75.71428571428571,0.0
560934,FFF,2013J,0.7943082184600523,45.75,0.0
560946,FFF,2013J,0.7630444229472074,57.666666666666664,0.0
561878,FFF,2013J,0.9420595667574752,75.71428571428571,0.0
562377,FFF,2013J,0.7770406044143683,60.0,0.0
562428,FFF,2013J,0.962277938035908,75.71428571428571,0.0
563019,FFF,2013J,0.9604846291041567,75.71428571428571,0.0
563239,FFF,2013J,0.9420595667574752,75.71428571428571,0.0
563430,FFF,2013J,0.9722580753855629,75.71428571428571,6.0
563742,FFF,2013J,0.7774709940214796,55.0,0.0
564437,FFF,2013J,0.795028753342681,48.0,0.0
565608,FFF,2013J,0.9420595667574752,75.71428571428571,0.0
565977,FFF,2013J,0.9420595667574752,75.71428571428571,0.0
566172,FFF,2013J,0.7701092250486122,60.0,0.0
566675,FFF,2013J,0.9420595667574752,75.71428571428571,0.0
567676,FFF,2013J,0.9545819152472932,75.71428571428571,0.0
568444,FFF,2013J,0.9420595667574752,75.71428571428571,0.0
568602,FFF,2013J,0.8062786370051457,47.5,0.0
568763,FFF,2013J,0.78653444419306,54.0,0.0
568767,FFF,2013J,0.7794709824217401,52.583333333333336,0.0
568857,FFF,2013J,0.962277938035908,75.71428571428571,0.0
568910,FFF,2013J,0.801477947795166,24.75,0.0
568998,FFF,2013J,0.7129104563204253,66.66666666666667,0.0
569070,FFF,2013J,0.9420595667574752,75.71428571428571,0.0
569132,FFF,2013J,0.7737225455402,57.5,0.0
569807,FFF,2013J,0.7827809847469237,51.0,0.0
570004,FFF,2013J,0.7108660336860732,72.27272727272727,0.0
570023,FFF,2013J,0.9420595667574752,75.71428571428571,0.0
570061,FFF,2013J,0.7151542297549797,69.0,0.0
570280,FFF,2013J,0.7740227319954056,56.166666666666664,0.0
571044,FFF,2013J,0.9545819152472932,75.71428571428571,0.0
571079,FFF,2013J,0.9420595667574752,75.71428571428571,0.0
571117,FFF,2013J,0.7943082184600523,44.333333333333336,0.0
571363,FFF,2013J,0.7114228435733847,61.083333333333336,0.0
571612,FFF,2013J,0.7879400020302362,57.25,0.0
571630,FFF,2013J,0.7114228435733847,62.0,0.0
571638,FFF,2013J,0.9420595667574752,75.71428571428571,0.0
571702,FFF,2013J,0.9545819152472932,75.71428571428571,0.0
571757,FFF,2013J,0.9420595667574752,75.71428571428571,0.0
571802,FFF,2013J,0.7740227319954056,56.0,0.0
571927,FFF,2013J,0.9420595667574752,75.71428571428571,0.0
571935,FFF,2013J,0.9545819152472932,75.71428571428571,0.0
571994,FFF,2013J,0.9420595667574752,75.71428571428571,0.0
572047,FFF,2013J,0.7701092250486122,59.166666666666664,0.0
572209,FFF,2013J,0.7062707784006867,74.0,0.0
572250,FFF,2013J,0.7608135811366412,75.66666666666667,39.0
572265,FFF,2013J,0.7849333012233093,52.5,0.0
572346,FFF,2013J,0.9545819152472932,75.71428571428571,0.0
572816,FFF,2013J,0.8698122473273423,33.0,120.0
572910,FFF,2013J,0.9420595667574752,75.71428571428571,0.0
572981,FFF,2013J,0.9545819152472932,75.71428571428571,0.0
573150,FFF,2013J,0.801477947795166,0.0,0.0
573199,FFF,2013J,0.7165022964087286,61.0,0.0
573481,FFF,2013J,0.7467423494947115,67.0,64.0
573678,FFF,2013J,0.7788921519388059,56.0,0.0
573704,FFF,2013J,0.7078705803190237,62.583333333333336,0.0
573766,FFF,2013J,0.7878312061922412,50.333333333333336,0.0
573860,FFF,2013J,0.7926835134544629,49.0,0.0
573864,FFF,2013J,0.7436232498842731,61.166666666666664,0.0
573901,FFF,2013J,0.7943082184600523,46.25,0.0
573922,FFF,2013J,0.9545819152472932,75.71428571428571,0.0
574056,FFF,2013J,0.7240536631931924,68.75,25.0
574232,FFF,2013J,0.9709370633458453,75.71428571428571,0.0
574237,FFF,2013J,0.9582867198052278,75.71428571428571,0.0
574305,FFF,2013J,0.9420595667574752,75.71428571428571,0.0
574382,FFF,2013J,0.7943082184600523,46.0,0.0
574735,FFF,2013J,0.7774709940214796,55.083333333333336,0.0
574737,FFF,2013J,0.9604846291041567,75.71428571428571,0.0
574820,FFF,2013J,0.9420595667574752,75.71428571428571,0.0
574856,FFF,2013J,0.7943082184600523,46.0,0.0
574871,FFF,2013J,0.9420595667574752,75.71428571428571,0.0
574950,FFF,2013J,0.9420595667574752,75.71428571428571,0.0
575019,FFF,2013J,0.9604846291041567,75.71428571428571,0.0
575282,FFF,2013J,0.7882226442185734,52.2,0.0
575459,FFF,2013J,0.7523556648440268,66.0,0.0
575533,FFF,2013J,0.9420595667574752,75.71428571428571,0.0
575655,FFF,2013J,0.9604846291041567,75.71428571428571,0.0
575919,FFF,2013J,0.9420595667574752,75.71428571428571,0.0
575941,FFF,2013J,0.7109813165659802,62.0,0.0
576032,FFF,2013J,0.9420595667574752,75.71428571428571,0.0
576088,FFF,2013J,0.9420595667574752,75.71428571428571,0.0
576417,FFF,2013J,0.9420595667574752,75.71428571428571,0.0
576423,FFF,2013J,0.8258710105572916,48.6,0.0
576466,FFF,2013J,0.7124088175032962,65.0,0.0
576512,FFF,2013J,0.7630444229472074,58.0,0.0
576670,FFF,2013J,0.9545819152472932,75.71428571428571,0.0
576681,FFF,2013J,0.9467004203735536,75.71428571428571,0.0
576943,FFF,2013J,0.9420595667574752,75.71428571428571,0.0
576972,FFF,2013J,0.7797837520250833,57.0,0.0
577371,FFF,2013J,0.9420595667574752,75.71428571428571,0.0
577454,FFF,2013J,0.9545819152472932,75.71428571428571,0.0
577607,FFF,2013J,0.7826730101433451,53.0,0.0
577673,FFF,2013J,0.962277938035908,75.71428571428571,0.0
577688,FFF,2013J,0.9545819152472932,75.71428571428571,0.0
577721,FFF,2013J,0.9588064839383145,75.71428571428571,0.0
578208,FFF,2013J,0.7734975591652377,58.0,0.0
578258,FFF,2013J,0.9703505347484379,75.71428571428571,0.0
578259,FFF,2013J,0.9604846291041567,75.71428571428571,0.0
578561,FFF,2013J,0.8011671297970807,34.25,0.0
578649,FFF,2013J,0.9420595667574752,75.71428571428571,0.0
579115,FFF,2013J,0.9420595667574752,75.71428571428571,0.0
579307,FFF,2013J,0.9420595667574752,75.71428571428571,0.0
579361,FFF,2013J,0.9604846291041567,75.71428571428571,0.0
579415,FFF,2013J,0.7898444465182436,52.0,0.0
579482,FFF,2013J,0.800470400401097,36.666666666666664,0.0
580358,FFF,2013J,0.9709523573765612,75.71428571428571,0.0
580477,FFF,2013J,0.7767206724920716,65.25,77.0
580533,FFF,2013J,0.962277938035908,75.71428571428571,0.0
580658,FFF,2013J,0.9467004203735536,75.71428571428571,0.0
580755,FFF,2013J,0.9420595667574752,75.71428571428571,0.0
580771,FFF,2013J,0.9604846291041567,75.71428571428571,0.0
580824,FFF,2013J,0.9588064839383145,75.71428571428571,0.0
581253,FFF,2013J,0.7774709940214796,54.73913043478261,0.0
581307,FFF,2013J,0.8086109245770119,41.666666666666664,0.0
581897,FFF,2013J,0.9420595667574752,75.71428571428571,0.0
582003,FFF,2013J,0.7165022964087286,61.0,0.0
582154,FFF,2013J,0.9545819152472932,75.71428571428571,0.0
582181,FFF,2013J,0.9604846291041567,75.71428571428571,0.0
582251,FFF,2013J,0.9420595667574752,75.71428571428571,0.0
582629,FFF,2013J,0.9703505347484379,75.71428571428571,0.0
582665,FFF,2013J,0.9420595667574752,75.71428571428571,0.0
582679,FFF,2013J,0.9545819152472932,75.71428571428571,0.0
582690,FFF,2013J,0.9582867198052278,75.71428571428571,0.0
582842,FFF,2013J,0.962277938035908,75.71428571428571,0.0
582992,FFF,2013J,0.9420595667574752,75.71428571428571,0.0
583033,FFF,2013J,0.9420595667574752,75.71428571428571,0.0
583081,FFF,2013J,0.9604846291041567,75.71428571428571,0.0
583121,FFF,2013J,0.9420595667574752,75.71428571428571,0.0
583128,FFF,2013J,0.7941077449057434,31.333333333333332,0.0
583236,FFF,2013J,0.7701092250486122,59.72727272727273,0.0
583591,FFF,2013J,0.9420595667574752,75.71428571428571,0.0
583599,FFF,2013J,0.7827809847469237,51.0,0.0
583826,FFF,2013J,0.9420595667574752,75.71428571428571,0.0
583840,FFF,2013J,0.9604846291041567,75.71428571428571,0.0
583966,FFF,2013J,0.9582867198052278,75.71428571428571,0.0
584210,FFF,2013J,0.7774709940214796,54.61538461538461,0.0
584225,FFF,2013J,0.7774709940214796,54.0,0.0
584362,FFF,2013J,0.9604846291041567,75.71428571428571,0.0
584594,FFF,2013J,0.9545819152472932,75.71428571428571,0.0
584687,FFF,2013J,0.9420595667574752,75.71428571428571,0.0
584749,FFF,2013J,0.9703505347484379,75.71428571428571,0.0
584792,FFF,2013J,0.9420595667574752,75.71428571428571,0.0
584806,FFF,2013J,0.7669058569969225,58.90909090909091,0.0
585222,FFF,2013J,0.7201414173795311,71.54545454545455,71.0
585290,FFF,2013J,0.9420595667574752,75.71428571428571,0.0
585389,FFF,2013J,0.9604846291041567,75.71428571428571,0.0
585409,FFF,2013J,0.7095027074661928,66.0,0.0
585484,FFF,2013J,0.7926835134544629,48.0,0.0
585574,FFF,2013J,0.7165022964087286,60.75,0.0
585942,FFF,2013J,0.7849333012233093,53.142857142857146,0.0
586011,FFF,2013J,0.9420595667574752,75.71428571428571,0.0
586112,FFF,2013J,0.9420595667574752,75.71428571428571,0.0
586233,FFF,2013J,0.7305093237633683,66.45454545454545,52.0
586249,FFF,2013J,0.9420595667574752,75.71428571428571,0.0
586259,FFF,2013J,0.800470400401097,40.666666666666664,0.0
586445,FFF,2013J,0.9588064839383145,75.71428571428571,0.0
586510,FFF,2013J,0.9420595667574752,75.71428571428571,0.0
586543,FFF,2013J,0.8360168907668303,38.0,0.0
586620,FFF,2013J,0.9420595667574752,75.71428571428571,0.0
586753,FFF,2013J,0.8124723586267268,38.6,0.0
586957,FFF,2013J,0.793583780898446,75.66666666666667,4.0
586974,FFF,2013J,0.7740227319954056,56.0,0.0
587195,FFF,2013J,0.7912655618162856,72.5,26.0
587308,FFF,2013J,0.9420595667574752,75.71428571428571,0.0
587435,FFF,2013J,0.7114228435733847,62.4,0.0
587659,FFF,2013J,0.9420595667574752,75.71428571428571,0.0
587912,FFF,2013J,0.9604846291041567,75.71428571428571,0.0
587934,FFF,2013J,0.9582867198052278,75.71428571428571,0.0
587976,FFF,2013J,0.7826730101433451,55.0,0.0
588052,FFF,2013J,0.8068080588140724,44.25,0.0
588360,FFF,2013J,0.9604846291041567,75.71428571428571,0.0
588539,FFF,2013J,0.9420595667574752,75.71428571428571,0.0
588597,FFF,2013J,0.7114228435733847,62.5,0.0
588796,FFF,2013J,0.9588064839383145,75.71428571428571,0.0
588914,FFF,2013J,0.8070219518408873,42.0,0.0
588925,FFF,2013J,0.7114228435733847,62.0,0.0
589017,FFF,2013J,0.9420595667574752,75.71428571428571,0.0
589178,FFF,2013J,0.9604846291041567,75.71428571428571,0.0
589196,FFF,2013J,0.9420595667574752,75.71428571428571,0.0
589267,FFF,2013J,0.9588064839383145,75.71428571428571,0.0
589441,FFF,2013J,0.8288270296109641,50.666666666666664,190.0
589474,FFF,2013J,0.8088850093189205,30.333333333333332,0.0
589594,FFF,2013J,0.795028753342681,48.0,0.0
589665,FFF,2013J,0.9604846291041567,75.71428571428571,0.0
589749,FFF,2013J,0.9420595667574752,75.71428571428571,0.0
589768,FFF,2013J,0.9604846291041567,75.71428571428571,0.0
590289,FFF,2013J,0.7078705803190237,62.666666666666664,0.0
590466,FFF,2013J,0.9604846291041567,75.71428571428571,0.0
590494,FFF,2013J,0.9604846291041567,75.71428571428571,0.0
590545,FFF,2013J,0.9420595667574752,75.71428571428571,0.0
590555,FFF,2013J,0.9420595667574752,75.71428571428571,0.0
590571,FFF,2013J,0.9604846291041567,75.71428571428571,0.0
590714,FFF,2013J,0.9604846291041567,75.71428571428571,0.0
590815,FFF,2013J,0.9604846291041567,75.71428571428571,0.0
590849,FFF,2013J,0.714934855429804,65.0,0.0
590898,FFF,2013J,0.9420595667574752,75.71428571428571,0.0
591008,FFF,2013J,0.7774709940214796,53.0,0.0
591015,FFF,2013J,0.9420595667574752,75.71428571428571,0.0
591057,FFF,2013J,0.9604846291041567,75.71428571428571,0.0
591411,FFF,2013J,0.9420595667574752,75.71428571428571,0.0
591581,FFF,2013J,0.78653444419306,52.5,0.0
591620,FFF,2013J,0.9604846291041567,75.71428571428571,0.0
591638,FFF,2013J,0.9604846291041567,75.71428571428571,0.0
591655,FFF,2013J,0.829223466992459,56.857142857142854,95.0
591661,FFF,2013J,0.9604846291041567,75.71428571428571,0.0
591677,FFF,2013J,0.9420595667574752,75.71428571428571,0.0
591893,FFF,2013J,0.7737225455402,57.5,0.0
591975,FFF,2013J,0.7701092250486122,59.0,0.0
592142,FFF,2013J,0.800470400401097,41.333333333333336,0.0
592458,FFF,2013J,0.9420595667574752,75.71428571428571,0.0
592563,FFF,2013J,0.9604846291041567,75.71428571428571,0.0
592634,FFF,2013J,0.7774709940214796,53.916666666666664,0.0
593157,FFF,2013J,0.9420595667574752,75.71428571428571,0.0
593511,FFF,2013J,0.9420595667574752,75.71428571428571,0.0
593532,FFF,2013J,0.9604846291041567,75.71428571428571,0.0
593670,FFF,2013J,0.9420595667574752,75.71428571428571,0.0
593671,FFF,2013J,0.9582867198052278,75.71428571428571,0.0
593780,FFF,2013J,0.783086182166986,56.0,0.0
593865,FFF,2013J,0.9420595667574752,75.71428571428571,0.0
593904,FFF,2013J,0.7774709940214796,53.25,0.0
594221,FFF,2013J,0.962277938035908,75.71428571428571,0.0
594280,FFF,2013J,0.7721841954381894,56.333333333333336,0.0
594341,FFF,2013J,0.9604846291041567,75.71428571428571,0.0
594359,FFF,2013J,0.9420595667574752,75.71428571428571,0.0
594404,FFF,2013J,0.7701092250486122,59.2,0.0
594406,FFF,2013J,0.7083121073264284,63.0,0.0
594510,FFF,2013J,0.9420595667574752,75.71428571428571,0.0
594603,FFF,2013J,0.9604846291041567,75.71428571428571,0.0
594737,FFF,2013J,0.9545819152472932,75.71428571428571,0.0
594815,FFF,2013J,0.7083121073264284,62.75,0.0
594881,FFF,2013J,0.9545819152472932,75.71428571428571,0.0
594933,FFF,2013J,0.9604846291041567,75.71428571428571,0.0
594956,FFF,2013J,0.7148252404591395,65.25,0.0
594996,FFF,2013J,0.9604846291041567,75.71428571428571,0.0
595359,FFF,2013J,0.9420595667574752,75.71428571428571,0.0
595593,FFF,2013J,0.7250776858188747,60.2,0.0
595895,FFF,2013J,0.9604846291041567,75.71428571428571,0.0
595978,FFF,2013J,0.7583773664657601,62.5,0.0
596029,FFF,2013J,0.7898444465182436,52.0,0.0
596266,FFF,2013J,0.7826730101433451,53.0,0.0
596296,FFF,2013J,0.7124088175032962,65.0,0.0
596480,FFF,2013J,0.9420595667574752,75.71428571428571,0.0
596601,FFF,2013J,0.7139659748299301,65.83333333333333,0.0
596691,FFF,2013J,0.78653444419306,54.0,0.0
596774,FFF,2013J,0.9604846291041567,75.71428571428571,0.0
596829,FFF,2013J,0.800470400401097,36.666666666666664,0.0
596860,FFF,2013J,0.7166449275262435,74.66666666666667,106.0
597098,FFF,2013J,0.9604846291041567,75.71428571428571,0.0
597190,FFF,2013J,0.9420595667574752,75.71428571428571,0.0
597402,FFF,2013J,0.9604846291041567,75.71428571428571,0.0
597555,FFF,2013J,0.9420595667574752,75.71428571428571,0.0
597557,FFF,2013J,0.9420595667574752,75.71428571428571,0.0
597747,FFF,2013J,0.7859830124685288,51.916666666666664,0.0
597761,FFF,2013J,0.8005148923979855,47.0,0.0
597817,FFF,2013J,0.7439810998809275,66.0,95.0
597880,FFF,2013J,0.9420595667574752,75.71428571428571,0.0
597931,FFF,2013J,0.9420595667574752,75.71428571428571,0.0
598235,FFF,2013J,0.7797837520250833,57.0,0.0
598259,FFF,2013J,0.962277938035908,75.71428571428571,0.0
598268,FFF,2013J,0.9604846291041567,75.71428571428571,0.0
598385,FFF,2013J,0.7701092250486122,59.75,0.0
598480,FFF,2013J,0.7774709940214796,54.0,0.0
598629,FFF,2013J,0.9604846291041567,75.71428571428571,0.0
598666,FFF,2013J,0.7669058569969225,58.333333333333336,0.0
598887,FFF,2013J,0.7230935817424471,70.4,29.0
599114,FFF,2013J,0.9420595667574752,75.71428571428571,0.0
599297,FFF,2013J,0.7953199600705192,59.5,144.0
599464,FFF,2013J,0.9604846291041567,75.71428571428571,0.0
599570,FFF,2013J,0.7943082184600523,46.333333333333336,0.0
599595,FFF,2013J,0.798890187392396,49.0,0.0
599776,FFF,2013J,0.9545819152472932,75.71428571428571,0.0
599783,FFF,2013J,0.7109813165659802,62.333333333333336,0.0
599795,FFF,2013J,0.801477947795166,20.0,0.0
599805,FFF,2013J,0.714934855429804,64.0,0.0
599994,FFF,2013J,0.9420595667574752,75.71428571428571,0.0
600037,FFF,2013J,0.9604846291041567,75.71428571428571,0.0
600367,FFF,2013J,0.8062786370051457,46.666666666666664,0.0
600436,FFF,2013J,0.7768510247697564,63.2,116.0
600564,FFF,2013J,0.9604846291041567,75.71428571428571,0.0
600615,FFF,2013J,0.7600170117918816,60.0,0.0
600667,FFF,2013J,0.9420595667574752,75.71428571428571,0.0
600748,FFF,2013J,0.9420595667574752,75.71428571428571,0.0
600955,FFF,2013J,0.9420595667574752,75.71428571428571,0.0
601021,FFF,2013J,0.7220958718622319,68.38461538461539,178.0
601217,FFF,2013J,0.9420595667574752,75.71428571428571,0.0
601271,FFF,2013J,0.7542679688402808,58.53333333333333,0.0
601640,FFF,2013J,0.9545819152472932,75.71428571428571,0.0
601783,FFF,2013J,0.9420595667574752,75.71428571428571,0.0
601855,FFF,2013J,0.9420595667574752,75.71428571428571,0.0
602097,FFF,2013J,0.7743586206233165,51.0,0.0
602152,FFF,2013J,0.9604846291041567,75.71428571428571,0.0
602312,FFF,2013J,0.7134855906021759,73.53846153846153,268.0
602406,FFF,2013J,0.9604846291041567,75.71428571428571,0.0
602569,FFF,2013J,0.9420595667574752,75.71428571428571,0.0
602592,FFF,2013J,0.9420595667574752,75.71428571428571,0.0
602600,FFF,2013J,0.7774709940214796,54.0,0.0
602719,FFF,2013J,0.7114228435733847,61.333333333333336,0.0
602781,FFF,2013J,0.962277938035908,75.71428571428571,0.0
603030,FFF,2013J,0.7701092250486122,58.0,0.0
603199,FFF,2013J,0.7078705803190237,62.857142857142854,0.0
603204,FFF,2013J,0.9703505347484379,75.71428571428571,0.0
603216,FFF,2013J,0.7898444465182436,51.0,0.0
603575,FFF,2013J,0.9604846291041567,75.71428571428571,0.0
603848,FFF,2013J,0.7946254214365045,56.0625,0.0
603873,FFF,2013J,0.9604846291041567,75.71428571428571,0.0
604228,FFF,2013J,0.7600170117918816,60.0,0.0
604258,FFF,2013J,0.7701092250486122,58.0,0.0
604296,FFF,2013J,0.9604846291041567,75.71428571428571,0.0
604449,FFF,2013J,0.9420595667574752,75.71428571428571,0.0
604619,FFF,2013J,0.9420595667574752,75.71428571428571,0.0
604817,FFF,2013J,0.9467004203735536,75.71428571428571,0.0
604889,FFF,2013J,0.9604846291041567,75.71428571428571,0.0
604946,FFF,2013J,0.9604846291041567,75.71428571428571,0.0
605108,FFF,2013J,0.9420595667574752,75.71428571428571,0.0
605145,FFF,2013J,0.9420595667574752,75.71428571428571,0.0
605228,FFF,2013J,0.8412899164855002,36.6,0.0
605269,FFF,2013J,0.78653444419306,52.6,0.0
605372,FFF,2013J,0.9420595667574752,75.71428571428571,0.0
605394,FFF,2013J,0.7669058569969225,58.0,0.0
605886,FFF,2013J,0.800470400401097,39.8,0.0
605921,FFF,2013J,0.9420595667574752,75.71428571428571,0.0
605974,FFF,2013J,0.7888414289045187,59.25,0.0
606006,FFF,2013J,0.8011671297970807,34.0,0.0
606189,FFF,2013J,0.9420595667574752,75.71428571428571,0.0
606369,FFF,2013J,0.9420595667574752,75.71428571428571,0.0
606612,FFF,2013J,0.9420595667574752,75.71428571428571,0.0
606817,FFF,2013J,0.9420595667574752,75.71428571428571,0.0
606911,FFF,2013J,0.9588064839383145,75.71428571428571,0.0
606930,FFF,2013J,0.7417133255872997,72.0,58.0
606966,FFF,2013J,0.7701092250486122,59.083333333333336,0.0
606967,FFF,2013J,0.7814850391972353,56.0,0.0
606998,FFF,2013J,0.9604846291041567,75.71428571428571,0.0
607011,FFF,2013J,0.7701092250486122,59.0,0.0
607068,FFF,2013J,0.9420595667574752,75.71428571428571,0.0
607134,FFF,2013J,0.7826730101433451,52.333333333333336,0.0
607200,FFF,2013J,0.7926835134544629,50.0,0.0
607577,FFF,2013J,0.9545819152472932,75.71428571428571,0.0
607613,FFF,2013J,0.9604846291041567,75.71428571428571,0.0
607629,FFF,2013J,0.9420595667574752,75.71428571428571,0.0
607696,FFF,2013J,0.7882433035484929,52.0,0.0
608169,FFF,2013J,0.7630444229472074,57.75,0.0
608196,FFF,2013J,0.7701092250486122,58.0,0.0
608198,FFF,2013J,0.9545819152472932,75.71428571428571,0.0
608211,FFF,2013J,0.9420595667574752,75.71428571428571,0.0
608280,FFF,2013J,0.7797837520250833,57.0,0.0
608348,FFF,2013J,0.9420595667574752,75.71428571428571,0.0
608453,FFF,2013J,0.9604846291041567,75.71428571428571,0.0
608535,FFF,2013J,0.9420595667574752,75.71428571428571,0.0
608606,FFF,2013J,0.9420595667574752,75.71428571428571,0.0
608997,FFF,2013J,0.9582867198052278,75.71428571428571,0.0
609163,FFF,2013J,0.9420595667574752,75.71428571428571,0.0
609367,FFF,2013J,0.9420595667574752,75.71428571428571,0.0
609513,FFF,2013J,0.7926835134544629,50.0,0.0
609558,FFF,2013J,0.7966534583482704,47.333333333333336,0.0
609743,FFF,2013J,0.7701092250486122,59.166666666666664,0.0
609985,FFF,2013J,0.7882433035484929,50.666666666666664,0.0
610225,FFF,2013J,0.9420595667574752,75.71428571428571,0.0
610335,FFF,2013J,0.9420595667574752,75.71428571428571,0.0
610517,FFF,2013J,0.7853133105650404,48.0,0.0
610774,FFF,2013J,0.9545819152472932,75.71428571428571,0.0
611126,FFF,2013J,0.7898444465182436,51.0,0.0
611213,FFF,2013J,0.9420595667574752,75.71428571428571,0.0
611245,FFF,2013J,0.7242583811120202,66.66666666666667,0.0
1107596,FFF,2013J,0.9420595667574752,75.71428571428571,0.0
1455474,FFF,2013J,0.801477947795166,24.0,0.0
1527616,FFF,2013J,0.9420595667574752,75.71428571428571,0.0
1532921,FFF,2013J,0.9420595667574752,75.71428571428571,0.0
1559959,FFF,2013J,0.9604890193424273,75.71428571428571,0.0
1859407,FFF,2013J,0.962277938035908,75.71428571428571,0.0
1864086,FFF,2013J,0.7131151924444878,65.14285714285714,147.0
1891977,FFF,2013J,0.9604846291041567,75.71428571428571,0.0
1902283,FFF,2013J,0.9420595667574752,75.71428571428571,0.0
1910111,FFF,2013J,0.9709370633458453,75.71428571428571,0.0
1929219,FFF,2013J,0.9420595667574752,75.71428571428571,0.0
1931370,FFF,2013J,0.9420595667574752,75.71428571428571,0.0
1935735,FFF,2013J,0.7455880027412191,62.333333333333336,0.0
1941149,FFF,2013J,0.9604846291041567,75.71428571428571,0.0
1943681,FFF,2013J,0.9461532838377518,75.71428571428571,0.0
1949484,FFF,2013J,0.7630444229472074,59.0,0.0
1962128,FFF,2013J,0.7669058569969225,59.0,0.0
1978492,FFF,2013J,0.9604846291041567,75.71428571428571,0.0
1983331,FFF,2013J,0.9420595667574752,75.71428571428571,0.0
2088982,FFF,2013J,0.8226831082981363,47.5,0.0
2105230,FFF,2013J,0.78653444419306,53.5,0.0
2178466,FFF,2013J,0.7979089142747613,42.75,0.0
2191588,FFF,2013J,0.7701092250486122,59.625,0.0
2195853,FFF,2013J,0.8451623211142849,51.6,0.0
2239746,FFF,2013J,0.7617383745956634,75.66666666666667,0.0
2286574,FFF,2013J,0.7774709940214796,54.666666666666664,0.0
2292047,FFF,2013J,0.9679523038968979,75.71428571428571,0.0
2298402,FFF,2013J,0.9545819152472932,75.71428571428571,0.0
2299682,FFF,2013J,0.8127464433686354,20.0,0.0
2305237,FFF,2013J,0.7420313656759713,75.71428571428571,857.0
2340746,FFF,2013J,0.7124088175032962,64.0,0.0
2356049,FFF,2013J,0.9420595667574752,75.71428571428571,0.0
2364905,FFF,2013J,0.7082425562250334,68.72727272727273,0.0
2366574,FFF,2013J,0.9545819152472932,75.71428571428571,0.0
2380602,FFF,2013J,0.9604890193424273,75.71428571428571,0.0
2382965,FFF,2013J,0.9679523038968979,75.71428571428571,0.0
2383169,FFF,2013J,0.9420595667574752,75.71428571428571,0.0
2383780,FFF,2013J,0.8102617481096339,52.77777777777778,0.0
2387725,FFF,2013J,0.8124723586267268,39.666666666666664,0.0
2389837,FFF,2013J,0.9604890193424273,75.71428571428571,0.0
2393230,FFF,2013J,0.756342939229858,56.416666666666664,0.0
2410687,FFF,2013J,0.9420595667574752,75.71428571428571,0.0
2414552,FFF,2013J,0.9420595667574752,75.71428571428571,0.0
2417433,FFF,2013J,0.8044812593954619,56.25,0.0
2447469,FFF,2013J,0.9420595667574752,75.71428571428571,0.0
2463282,FFF,2013J,0.8535899573131673,40.0,0.0
2465105,FFF,2013J,0.801477947795166,30.4,0.0
2468232,FFF,2013J,0.7223255589477833,70.5,0.0
2471302,FFF,2013J,0.9604846291041567,75.71428571428571,0.0
2526537,FFF,2013J,0.801477947795166,18.25,0.0
2539666,FFF,2013J,0.9467004203735536,75.71428571428571,0.0
2540424,FFF,2013J,0.8124723586267268,39.5,0.0
2555893,FFF,2013J,0.9703505347484379,75.71428571428571,0.0
2558713,FFF,2013J,0.8360246134808712,44.5,0.0
2579401,FFF,2013J,0.7721841954381894,57.083333333333336,0.0
2580196,FFF,2013J,0.7114228435733847,62.4,0.0
2586313,FFF,2013J,0.9420595667574752,75.71428571428571,0.0
2588467,FFF,2013J,0.9467004203735536,75.71428571428571,0.0
2610837,FFF,2013J,0.9588511739811354,75.71428571428571,0.0
2621734,FFF,2013J,0.8342479425014245,53.666666666666664,6.0
2622634,FFF,2013J,0.9420595667574752,75.71428571428571,0.0
2625545,FFF,2013J,0.7701092250486122,59.0,0.0
2630284,FFF,2013J,0.7292303524037664,75.33333333333333,0.0
2637239,FFF,2013J,0.9420595667574752,75.71428571428571,0.0
2655370,FFF,2013J,0.7436232498842731,61.083333333333336,0.0
2657185,FFF,2013J,0.9420595667574752,75.71428571428571,0.0
2672155,FFF,2013J,0.9604890193424273,75.71428571428571,0.0
2678373,FFF,2013J,0.9604846291041567,75.71428571428571,0.0
2686609,FFF,2013J,0.7685501316116583,58.76923076923077,282.0
2697608,FFF,2013J,0.9420595667574752,75.71428571428571,0.0
26269,FFF,2014B,0.9420595667574752,75.71428571428571,0.0
27189,FFF,2014B,0.7898444465182436,52.0,0.0
41489,FFF,2014B,0.9420595667574752,75.71428571428571,0.0
58221,FFF,2014B,0.9604846291041567,75.71428571428571,0.0
63958,FFF,2014B,0.9420595667574752,75.71428571428571,0.0
77998,FFF,2014B,0.701716790309758,75.66666666666667,455.0
79683,FFF,2014B,0.756342939229858,57.0,0.0
81216,FFF,2014B,0.9420595667574752,75.71428571428571,0.0
106747,FFF,2014B,0.9754963234536176,75.71428571428571,0.0
115875,FFF,2014B,0.9637484907797561,75.71428571428571,0.0
116174,FFF,2014B,0.972479198223878,75.71428571428571,76.0
117550,FFF,2014B,0.9420595667574752,75.71428571428571,0.0
124018,FFF,2014B,0.9604846291041567,75.71428571428571,0.0
140108,FFF,2014B,0.9604846291041567,75.71428571428571,0.0
150121,FFF,2014B,0.8873287505863242,50.0,0.0
156788,FFF,2014B,0.9703505347484379,75.71428571428571,0.0
160262,FFF,2014B,0.9588064839383145,75.71428571428571,0.0
163332,FFF,2014B,0.7774709940214796,53.75,0.0
163962,FFF,2014B,0.8363937769682842,0.0,0.0
167106,FFF,2014B,0.8059987101279164,56.25,0.0
174155,FFF,2014B,0.9467004203735536,75.71428571428571,0.0
190829,FFF,2014B,0.9545819152472932,75.71428571428571,0.0
193803,FFF,2014B,0.9820381290873851,75.71428571428571,5.0
197097,FFF,2014B,0.9545819152472932,75.71428571428571,0.0
197538,FFF,2014B,0.7966878938112417,59.75,0.0
203568,FFF,2014B,0.7300720861621905,69.57142857142857,0.0
228258,FFF,2014B,0.7701092250486122,59.583333333333336,0.0
237370,FFF,2014B,0.7859830124685288,51.0,0.0
242254,FFF,2014B,0.837749613355123,51.583333333333336,0.0
247714,FFF,2014B,0.9545819152472932,75.71428571428571,0.0
247940,FFF,2014B,0.960913107612855,75.71428571428571,175.0
268845,FFF,2014B,0.78653444419306,55.0,0.0
271702,FFF,2014B,0.9679523038968979,75.71428571428571,0.0
272701,FFF,2014B,0.9588511739811354,75.71428571428571,0.0
276265,FFF,2014B,0.7063261276021348,74.88888888888889,0.0
277577,FFF,2014B,0.7626735507266802,74.58333333333333,6.0
282806,FFF,2014B,0.7308159804442639,65.83333333333333,0.0
286484,FFF,2014B,0.7630444229472074,58.666666666666664,0.0
289180,FFF,2014B,0.962277938035908,75.71428571428571,0.0
301128,FFF,2014B,0.9781994555246689,75.71428571428571,0.0
302363,FFF,2014B,0.7609472107891702,75.71428571428571,543.0
304500,FFF,2014B,0.9420595667574752,75.71428571428571,0.0
316772,FFF,2014B,0.7593457862655976,64.0,0.0
323688,FFF,2014B,0.9420595667574752,75.71428571428571,0.0
325089,FFF,2014B,0.7409472586602475,63.083333333333336,0.0
326995,FFF,2014B,0.9545819152472932,75.71428571428571,0.0
330669,FFF,2014B,0.9781994555246689,75.71428571428571,0.0
331107,FFF,2014B,0.7701092250486122,59.5,0.0
335996,FFF,2014B,0.9604846291041567,75.71428571428571,0.0
336163,FFF,2014B,0.7274203167359719,66.0,0.0
337615,FFF,2014B,0.8214399942170543,54.0,0.0
337940,FFF,2014B,0.7701092250486122,60.0,0.0
338958,FFF,2014B,0.7740227319954056,55.333333333333336,0.0
341044,FFF,2014B,0.819772624800916,49.333333333333336,0.0
342089,FFF,2014B,0.9731870860832271,75.71428571428571,31.0
342303,FFF,2014B,0.8279620171193142,40.0,0.0
345442,FFF,2014B,0.7943082184600523,45.8,0.0
345455,FFF,2014B,0.9420595667574752,75.71428571428571,0.0
347257,FFF,2014B,0.9604846291041567,75.71428571428571,0.0
348378,FFF,2014B,0.9420595667574752,75.71428571428571,0.0
353979,FFF,2014B,0.8583885563106017,49.25,71.0
354552,FFF,2014B,0.9604890193424273,75.71428571428571,0.0
356535,FFF,2014B,0.9663089122754848,75.71428571428571,0.0
367510,FFF,2014B,0.7940316642390413,59.45454545454545,352.0
379107,FFF,2014B,0.7827809847469237,51.0,0.0
379769,FFF,2014B,0.8198592222463897,52.0,0.0
382857,FFF,2014B,0.7308552958018661,72.33333333333333,0.0
383921,FFF,2014B,0.7656351058562437,60.916666666666664,0.0
385547,FFF,2014B,0.725783890093284,71.25,0.0
398357,FFF,2014B,0.9545819152472932,75.71428571428571,0.0
399863,FFF,2014B,0.9826271896710997,75.71428571428571,0.0
400252,FFF,2014B,0.7429823672848683,72.33333333333333,0.0
402806,FFF,2014B,0.8008590690434529,55.166666666666664,0.0
405963,FFF,2014B,0.9604890193424273,75.71428571428571,0.0
406116,FFF,2014B,0.9604846291041567,75.71428571428571,0.0
408105,FFF,2014B,0.7818512795392433,60.25,0.0
409949,FFF,2014B,0.795028753342681,50.0,0.0
410666,FFF,2014B,0.742840685071913,75.625,0.0
411939,FFF,2014B,0.9697463891372057,75.71428571428571,0.0
412387,FFF,2014B,0.9467004203735536,75.71428571428571,0.0
417805,FFF,2014B,0.9679523038968979,75.71428571428571,0.0
421989,FFF,2014B,0.9637484907797561,75.71428571428571,0.0
423648,FFF,2014B,0.7848828380108682,59.0,0.0
426782,FFF,2014B,0.9545819152472932,75.71428571428571,0.0
427276,FFF,2014B,0.9604846291041567,75.71428571428571,0.0
428068,FFF,2014B,0.9637484907797561,75.71428571428571,0.0
430516,FFF,2014B,0.7186074686237365,74.66666666666667,29.0
430625,FFF,2014B,0.8007046604719918,60.333333333333336,0.0
436481,FFF,2014B,0.7065875129123083,60.416666666666664,0.0
437303,FFF,2014B,0.9588511739811354,75.71428571428571,0.0
437529,FFF,2014B,0.9420595667574752,75.71428571428571,0.0
439633,FFF,2014B,0.7082425562250334,69.25,0.0
441073,FFF,2014B,0.8005148923979855,47.0,0.0
442753,FFF,2014B,0.7534258400300989,69.4,0.0
442819,FFF,2014B,0.9420595667574752,75.71428571428571,0.0
444574,FFF,2014B,0.7740227319954056,55.5,0.0
445605,FFF,2014B,0.9420595667574752,75.71428571428571,0.0
466347,FFF,2014B,0.7042544775252492,72.0,0.0
472120,FFF,2014B,0.798218671934256,59.25,0.0
475811,FFF,2014B,0.7059357464048306,70.33333333333333,0.0
476912,FFF,2014B,0.7113482404249803,68.0,0.0
477069,FFF,2014B,0.9656809029062832,75.71428571428571,0.0
480531,FFF,2014B,0.9420595667574752,75.71428571428571,0.0
481210,FFF,2014B,0.7943082184600523,46.666666666666664,0.0
482445,FFF,2014B,0.9679523038968979,75.71428571428571,0.0
483195,FFF,2014B,0.9679523038968979,75.71428571428571,0.0
483975,FFF,2014B,0.7598006314377049,62.083333333333336,0.0
484292,FFF,2014B,0.9663089122754848,75.71428571428571,0.0
484675,FFF,2014B,0.8485155375692349,42.0,0.0
488758,FFF,2014B,0.8137791281479809,52.0,0.0
490154,FFF,2014B,0.7579952552652662,61.6,0.0
491011,FFF,2014B,0.7172876926792179,73.16666666666667,0.0
495580,FFF,2014B,0.9545819152472932,75.71428571428571,0.0
496590,FFF,2014B,0.7698022822808016,61.8,0.0
501302,FFF,2014B,0.7039543601561269,72.0,0.0
502150,FFF,2014B,0.7966878938112417,58.0,0.0
503024,FFF,2014B,0.9420595667574752,75.71428571428571,0.0
504700,FFF,2014B,0.9679523038968979,75.71428571428571,0.0
505017,FFF,2014B,0.7308387701129943,65.5,0.0
505826,FFF,2014B,0.9588511739811354,75.71428571428571,0.0
505900,FFF,2014B,0.9604890193424273,75.71428571428571,0.0
507577,FFF,2014B,0.7669058569969225,58.0,0.0
509292,FFF,2014B,0.7124088175032962,64.88888888888889,0.0
509407,FFF,2014B,0.7308552958018661,72.0,0.0
509866,FFF,2014B,0.9420595667574752,75.71428571428571,0.0
510142,FFF,2014B,0.8176782546654067,57.416666666666664,0.0
511350,FFF,2014B,0.8205975172957432,47.90909090909091,176.0
512236,FFF,2014B,0.7197839739183937,60.5,0.0
513796,FFF,2014B,0.9679523038968979,75.71428571428571,0.0
515965,FFF,2014B,0.705751344207621,68.0,0.0
516894,FFF,2014B,0.9637484907797561,75.71428571428571,0.0
521073,FFF,2014B,0.9663089122754848,75.71428571428571,0.0
524296,FFF,2014B,0.7701092250486122,59.333333333333336,0.0
524379,FFF,2014B,0.9820428596416652,75.71428571428571,0.0
529390,FFF,2014B,0.9604890193424273,75.71428571428571,0.0
529458,FFF,2014B,0.8063064685621183,55.0,0.0
532575,FFF,2014B,0.7541371179816819,63.0,305.0
533140,FFF,2014B,0.7701092250486122,59.25,0.0
536636,FFF,2014B,0.783086182166986,55.166666666666664,0.0
541327,FFF,2014B,0.7757275752080828,51.0,332.0
541478,FFF,2014B,0.9420595667574752,75.71428571428571,0.0
544276,FFF,2014B,0.9420595667574752,75.71428571428571,0.0
545119,FFF,2014B,0.7503569143373131,66.38461538461539,0.0
548332,FFF,2014B,0.9656809029062832,75.71428571428571,0.0
551636,FFF,2014B,0.9663089122754848,75.71428571428571,0.0
552284,FFF,2014B,0.7441178231179099,70.42857142857143,138.0
554597,FFF,2014B,0.9420595667574752,75.71428571428571,0.0
555691,FFF,2014B,0.7492760447401694,75.5,0.0
556052,FFF,2014B,0.9604846291041567,75.71428571428571,0.0
557141,FFF,2014B,0.9420595667574752,75.71428571428571,0.0
557894,FFF,2014B,0.9679523038968979,75.71428571428571,0.0
558284,FFF,2014B,0.9646451233023277,75.71428571428571,0.0
560168,FFF,2014B,0.7259942664656073,69.0,0.0
560399,FFF,2014B,0.7166449275262435,73.91666666666667,97.0
561796,FFF,2014B,0.9679523038968979,75.71428571428571,0.0
561799,FFF,2014B,0.9420595667574752,75.71428571428571,0.0
562917,FFF,2014B,0.7588573958295354,60.0,0.0
563813,FFF,2014B,0.9420595667574752,75.71428571428571,0.0
565257,FFF,2014B,0.9679523038968979,75.71428571428571,0.0
565526,FFF,2014B,0.9604846291041567,75.71428571428571,0.0
566460,FFF,2014B,0.7542679688402808,59.0,0.0
567168,FFF,2014B,0.9545819152472932,75.71428571428571,0.0
567681,FFF,2014B,0.7955691369681623,59.0,177.0
567859,FFF,2014B,0.8141185095486825,53.416666666666664,0.0
569556,FFF,2014B,0.9824486182425283,75.71428571428571,0.0
569729,FFF,2014B,0.9420595667574752,75.71428571428571,0.0
571612,FFF,2014B,0.817946296177512,57.25,0.0
571844,FFF,2014B,0.7429823672848683,70.57142857142857,0.0
572367,FFF,2014B,0.70106692532144,68.33333333333333,0.0
572804,FFF,2014B,0.7859830124685288,52.0,0.0
572832,FFF,2014B,0.7344205137838109,61.166666666666664,0.0
572952,FFF,2014B,0.9679523038968979,75.71428571428571,0.0
574815,FFF,2014B,0.7300720861621905,68.5,0.0
576557,FFF,2014B,0.9604846291041567,75.71428571428571,0.0
577600,FFF,2014B,0.9545819152472932,75.71428571428571,0.0
577679,FFF,2014B,0.962277938035908,75.71428571428571,0.0
577795,FFF,2014B,0.962277938035908,75.71428571428571,0.0
578258,FFF,2014B,0.9781994555246689,75.71428571428571,0.0
581772,FFF,2014B,0.9679523038968979,75.71428571428571,0.0
582629,FFF,2014B,0.9781994555246689,75.71428571428571,0.0
583056,FFF,2014B,0.7792247481172712,55.86666666666667,0.0
584571,FFF,2014B,0.795028753342681,50.0,0.0
584843,FFF,2014B,0.9781994555246689,75.71428571428571,0.0
586351,FFF,2014B,0.7383502241656035,62.0,0.0
586506,FFF,2014B,0.9420595667574752,75.71428571428571,0.0
586543,FFF,2014B,0.8571598336918733,38.0,0.0
587195,FFF,2014B,0.8253516349615241,72.5,26.0
587248,FFF,2014B,0.9669165242929424,75.71428571428571,0.0
587600,FFF,2014B,0.7400484936033656,60.166666666666664,0.0
587696,FFF,2014B,0.8395917429482402,38.0,0.0
588107,FFF,2014B,0.814226429384397,58.5,0.0
588436,FFF,2014B,0.7277652763419877,70.25,0.0
590604,FFF,2014B,0.9781994555246689,75.71428571428571,0.0
590970,FFF,2014B,0.7449637535335719,70.25,0.0
591111,FFF,2014B,0.7634859499546119,59.5,0.0
591132,FFF,2014B,0.9545819152472932,75.71428571428571,0.0
592632,FFF,2014B,0.7721841954381894,56.75,0.0
593004,FFF,2014B,0.9781994555246689,75.71428571428571,0.0
594258,FFF,2014B,0.7912460275660358,54.285714285714285,0.0
594374,FFF,2014B,0.7669058569969225,58.25,0.0
594636,FFF,2014B,0.7355130002907891,60.5625,0.0
595481,FFF,2014B,0.9420595667574752,75.71428571428571,0.0
595895,FFF,2014B,0.9679523038968979,75.71428571428571,0.0
595978,FFF,2014B,0.7966869736129202,62.5,0.0
596601,FFF,2014B,0.7531715609119674,65.83333333333333,0.0
596637,FFF,2014B,0.9467004203735536,75.71428571428571,0.0
596699,FFF,2014B,0.7764565189062275,66.91666666666667,0.0
596953,FFF,2014B,0.7352637300147263,63.25,0.0
597386,FFF,2014B,0.7355317715268318,65.0,0.0
597761,FFF,2014B,0.827906414563158,47.0,0.0
598353,FFF,2014B,0.7071132419052423,68.0,0.0
598362,FFF,2014B,0.9420595667574752,75.71428571428571,0.0
598642,FFF,2014B,0.8068762046204365,57.666666666666664,0.0
599105,FFF,2014B,0.9545819152472932,75.71428571428571,0.0
599117,FFF,2014B,0.9679523038968979,75.71428571428571,0.0
600397,FFF,2014B,0.9604846291041567,75.71428571428571,0.0
600702,FFF,2014B,0.756342939229858,57.083333333333336,0.0
600893,FFF,2014B,0.7134478685161114,60.588235294117645,0.0
601266,FFF,2014B,0.9545819152472932,75.71428571428571,0.0
601345,FFF,2014B,0.7701092250486122,58.857142857142854,0.0
601435,FFF,2014B,0.9781994555246689,75.71428571428571,0.0
601560,FFF,2014B,0.7721841954381894,57.416666666666664,0.0
601649,FFF,2014B,0.9679523038968979,75.71428571428571,0.0
601678,FFF,2014B,0.9679523038968979,75.71428571428571,0.0
603111,FFF,2014B,0.70106692532144,68.46666666666667,0.0
603483,FFF,2014B,0.7966534583482704,45.0,0.0
603848,FFF,2014B,0.8267312692475797,56.0625,0.0
604326,FFF,2014B,0.9545819152472932,75.71428571428571,0.0
604678,FFF,2014B,0.962277938035908,75.71428571428571,0.0
604946,FFF,2014B,0.9679523038968979,75.71428571428571,0.0
605228,FFF,2014B,0.8734519154905921,36.6,0.0
606300,FFF,2014B,0.9545819152472932,75.71428571428571,0.0
606911,FFF,2014B,0.9669165242929424,75.71428571428571,0.0
606935,FFF,2014B,0.9679523038968979,75.71428571428571,0.0
606967,FFF,2014B,0.8141185095486825,56.0,0.0
607702,FFF,2014B,0.827906414563158,46.0,0.0
608111,FFF,2014B,0.7289324062582626,75.33333333333333,0.0
608173,FFF,2014B,0.9461532838377518,75.71428571428571,0.0
608618,FFF,2014B,0.9679523038968979,75.71428571428571,0.0
609868,FFF,2014B,0.7630444229472074,58.25,0.0
610267,FFF,2014B,0.9420595667574752,75.71428571428571,0.0
611245,FFF,2014B,0.7764565189062275,66.66666666666667,0.0
611581,FFF,2014B,0.9467004203735536,75.71428571428571,0.0
611714,FFF,2014B,0.8086109245770119,38.0,0.0
611855,FFF,2014B,0.9420595667574752,75.71428571428571,0.0
611905,FFF,2014B,0.801477947795166,0.0,0.0
612254,FFF,2014B,0.9545819152472932,75.71428571428571,0.0
612338,FFF,2014B,0.9703505347484379,75.71428571428571,0.0
612506,FFF,2014B,0.9461532838377518,75.71428571428571,0.0
612743,FFF,2014B,0.9420595667574752,75.71428571428571,0.0
612880,FFF,2014B,0.7721841954381894,57.333333333333336,0.0
612982,FFF,2014B,0.7701092250486122,59.583333333333336,0.0
613106,FFF,2014B,0.9420595667574752,75.71428571428571,0.0
613146,FFF,2014B,0.9420595667574752,75.71428571428571,0.0
613226,FFF,2014B,0.7827809847469237,51.5,0.0
613281,FFF,2014B,0.9467004203735536,75.71428571428571,0.0
613417,FFF,2014B,0.972479198223878,75.71428571428571,80.0
613717,FFF,2014B,0.7630444229472074,59.666666666666664,0.0
613775,FFF,2014B,0.9420595667574752,75.71428571428571,0.0
613900,FFF,2014B,0.7721841954381894,57.416666666666664,0.0
614381,FFF,2014B,0.7774709940214796,53.75,0.0
614661,FFF,2014B,0.9420595667574752,75.71428571428571,0.0
614733,FFF,2014B,0.8324873053766453,49.5,252.0
614801,FFF,2014B,0.7669058569969225,58.714285714285715,0.0
614907,FFF,2014B,0.9545819152472932,75.71428571428571,0.0
614973,FFF,2014B,0.7630444229472074,58.5,0.0
614994,FFF,2014B,0.9420595667574752,75.71428571428571,0.0
616557,FFF,2014B,0.9420595667574752,75.71428571428571,0.0
616909,FFF,2014B,0.7669058569969225,58.857142857142854,0.0
617015,FFF,2014B,0.9420595667574752,75.71428571428571,0.0
617018,FFF,2014B,0.7701092250486122,58.083333333333336,0.0
617212,FFF,2014B,0.9420595667574752,75.71428571428571,0.0
617255,FFF,2014B,0.9420595667574752,75.71428571428571,0.0
617307,FFF,2014B,0.9604846291041567,75.71428571428571,0.0
617406,FFF,2014B,0.9420595667574752,75.71428571428571,0.0
617535,FFF,2014B,0.800470400401097,36.0,0.0
617540,FFF,2014B,0.9420595667574752,75.71428571428571,0.0
617557,FFF,2014B,0.9420595667574752,75.71428571428571,0.0
617564,FFF,2014B,0.7979089142747613,43.0,0.0
617638,FFF,2014B,0.9420595667574752,75.71428571428571,0.0
617647,FFF,2014B,0.9604846291041567,75.71428571428571,0.0
617824,FFF,2014B,0.9420595667574752,75.71428571428571,0.0
617847,FFF,2014B,0.9582867198052278,75.71428571428571,0.0
617945,FFF,2014B,0.9604846291041567,75.71428571428571,0.0
618124,FFF,2014B,0.7943082184600523,46.833333333333336,0.0
618279,FFF,2014B,0.8417491708427906,38.0,316.0
618642,FFF,2014B,0.9545819152472932,75.71428571428571,0.0
618665,FFF,2014B,0.7357982982880205,59.2,414.0
618684,FFF,2014B,0.9420595667574752,75.71428571428571,0.0
618843,FFF,2014B,0.9420595667574752,75.71428571428571,0.0
618848,FFF,2014B,0.9420595667574752,75.71428571428571,0.0
618925,FFF,2014B,0.9420595667574752,75.71428571428571,0.0
619205,FFF,2014B,0.9420595667574752,75.71428571428571,0.0
619887,FFF,2014B,0.9703505347484379,75.71428571428571,0.0
620320,FFF,2014B,0.7129104563204253,65.66666666666667,0.0
620356,FFF,2014B,0.9731870860832271,75.71428571428571,5.0
620364,FFF,2014B,0.9420595667574752,75.71428571428571,0.0
620423,FFF,2014B,0.7774709940214796,54.333333333333336,0.0
620430,FFF,2014B,0.9545819152472932,75.71428571428571,0.0
620498,FFF,2014B,0.8157659033581643,22.0,0.0
620933,FFF,2014B,0.801477947795166,30.0,0.0
621464,FFF,2014B,0.7083121073264284,63.0,0.0
621675,FFF,2014B,0.9722580753855629,75.71428571428571,3.0
621682,FFF,2014B,0.9420595667574752,75.71428571428571,0.0
621698,FFF,2014B,0.9420595667574752,75.71428571428571,0.0
621741,FFF,2014B,0.9420595667574752,75.71428571428571,0.0
621909,FFF,2014B,0.9604846291041567,75.71428571428571,0.0
621990,FFF,2014B,0.9420595667574752,75.71428571428571,0.0
622038,FFF,2014B,0.9588064839383145,75.71428571428571,0.0
622164,FFF,2014B,0.9420595667574752,75.71428571428571,0.0
622218,FFF,2014B,0.7827809847469237,52.0,0.0
622239,FFF,2014B,0.9545819152472932,75.71428571428571,0.0
622430,FFF,2014B,0.7083121073264284,63.0,0.0
622894,FFF,2014B,0.9420595667574752,75.71428571428571,0.0
622897,FFF,2014B,0.9545819152472932,75.71428571428571,0.0
623138,FFF,2014B,0.9420595667574752,75.71428571428571,0.0
623232,FFF,2014B,0.9467004203735536,75.71428571428571,0.0
623263,FFF,2014B,0.7114228435733847,61.333333333333336,0.0
623326,FFF,2014B,0.9420595667574752,75.71428571428571,0.0
623554,FFF,2014B,0.7701092250486122,59.0,0.0
623568,FFF,2014B,0.9420595667574752,75.71428571428571,0.0
623786,FFF,2014B,0.8310074023931429,57.0,2.0
623939,FFF,2014B,0.9420595667574752,75.71428571428571,0.0
624056,FFF,2014B,0.9420595667574752,75.71428571428571,0.0
624187,FFF,2014B,0.7943082184600523,47.0,0.0
624243,FFF,2014B,0.9582867198052278,75.71428571428571,0.0
624259,FFF,2014B,0.9420595667574752,75.71428571428571,0.0
624718,FFF,2014B,0.9420595667574752,75.71428571428571,0.0
624959,FFF,2014B,0.9420595667574752,75.71428571428571,0.0
625034,FFF,2014B,0.7083121073264284,62.666666666666664,0.0
625043,FFF,2014B,0.9420595667574752,75.71428571428571,0.0
625073,FFF,2014B,0.9420595667574752,75.71428571428571,0.0
625075,FFF,2014B,0.7701092250486122,57.54545454545455,0.0
625229,FFF,2014B,0.9420595667574752,75.71428571428571,0.0
625341,FFF,2014B,0.9604846291041567,75.71428571428571,0.0
625361,FFF,2014B,0.801477947795166,27.0,0.0
625373,FFF,2014B,0.9604846291041567,75.71428571428571,0.0
625667,FFF,2014B,0.9420595667574752,75.71428571428571,0.0
625793,FFF,2014B,0.7795778783718343,62.0,17.0
625812,FFF,2014B,0.9467004203735536,75.71428571428571,0.0
625885,FFF,2014B,0.9420595667574752,75.71428571428571,0.0
625986,FFF,2014B,0.9604846291041567,75.71428571428571,0.0
626047,FFF,2014B,0.9467004203735536,75.71428571428571,0.0
626174,FFF,2014B,0.9467004203735536,75.71428571428571,0.0
626281,FFF,2014B,0.9582867198052278,75.71428571428571,0.0
626320,FFF,2014B,0.9420595667574752,75.71428571428571,0.0
626422,FFF,2014B,0.9604846291041567,75.71428571428571,0.0
626530,FFF,2014B,0.7701092250486122,59.583333333333336,0.0
626777,FFF,2014B,0.9545819152472932,75.71428571428571,0.0
626875,FFF,2014B,0.9420595667574752,75.71428571428571,0.0
627126,FFF,2014B,0.7943082184600523,45.5,0.0
627366,FFF,2014B,0.7770406044143683,60.0,0.0
627383,FFF,2014B,0.9420595667574752,75.71428571428571,0.0
627395,FFF,2014B,0.9604846291041567,75.71428571428571,0.0
627442,FFF,2014B,0.7740227319954056,55.4,0.0
627522,FFF,2014B,0.9420595667574752,75.71428571428571,0.0
627524,FFF,2014B,0.7737225455402,57.25,0.0
627569,FFF,2014B,0.7109813165659802,62.0,0.0
627651,FFF,2014B,0.962277938035908,75.71428571428571,0.0
628010,FFF,2014B,0.9545819152472932,75.71428571428571,0.0
628038,FFF,2014B,0.7396069665959609,60.25,0.0
628110,FFF,2014B,0.7774709940214796,55.0,0.0
628141,FFF,2014B,0.8005148923979855,45.333333333333336,0.0
628296,FFF,2014B,0.9604846291041567,75.71428571428571,0.0
628666,FFF,2014B,0.9604846291041567,75.71428571428571,0.0
628725,FFF,2014B,0.7594424126862644,64.0,9.0
628736,FFF,2014B,0.9604846291041567,75.71428571428571,0.0
628803,FFF,2014B,0.7148246500779537,65.91666666666667,240.0
628841,FFF,2014B,0.7981312035071226,60.416666666666664,8.0
628978,FFF,2014B,0.798890187392396,49.0,0.0
629163,FFF,2014B,0.800470400401097,37.25,0.0
629228,FFF,2014B,0.9420595667574752,75.71428571428571,0.0
629231,FFF,2014B,0.7600170117918816,60.0,0.0
629404,FFF,2014B,0.9545819152472932,75.71428571428571,0.0
629459,FFF,2014B,0.7926835134544629,50.0,0.0
629543,FFF,2014B,0.9604846291041567,75.71428571428571,0.0
629613,FFF,2014B,0.8583885563106017,50.0,83.0
629735,FFF,2014B,0.9420595667574752,75.71428571428571,0.0
629762,FFF,2014B,0.7827809847469237,52.0,0.0
629879,FFF,2014B,0.7542679688402808,60.0,0.0
629918,FFF,2014B,0.9420595667574752,75.71428571428571,0.0
630032,FFF,2014B,0.9420595667574752,75.71428571428571,0.0
630129,FFF,2014B,0.7701092250486122,59.0,0.0
630269,FFF,2014B,0.7701092250486122,60.0,0.0
630426,FFF,2014B,0.9420595667574752,75.71428571428571,0.0
630435,FFF,2014B,0.9604846291041567,75.71428571428571,0.0
630634,FFF,2014B,0.7124088175032962,65.0,0.0
630782,FFF,2014B,0.9420595667574752,75.71428571428571,0.0
630804,FFF,2014B,0.78653444419306,55.0,0.0
630867,FFF,2014B,0.9604846291041567,75.71428571428571,0.0
630870,FFF,2014B,0.9604846291041567,75.71428571428571,0.0
630891,FFF,2014B,0.7987864300795573,39.07692307692308,504.0
630950,FFF,2014B,0.9420595667574752,75.71428571428571,0.0
631099,FFF,2014B,0.7878312061922412,50.166666666666664,0.0
631111,FFF,2014B,0.7342193912897176,60.333333333333336,0.0
631135,FFF,2014B,0.9420595667574752,75.71428571428571,0.0
631195,FFF,2014B,0.9467004203735536,75.71428571428571,0.0
631300,FFF,2014B,0.8373024167382259,50.0,216.0
631365,FFF,2014B,0.9545819152472932,75.71428571428571,0.0
631654,FFF,2014B,0.9545819152472932,75.71428571428571,0.0
631701,FFF,2014B,0.7826730101433451,55.0,0.0
632235,FFF,2014B,0.9545819152472932,75.71428571428571,0.0
632621,FFF,2014B,0.9420595667574752,75.71428571428571,0.0
632634,FFF,2014B,0.9467004203735536,75.71428571428571,0.0
632773,FFF,2014B,0.9545819152472932,75.71428571428571,0.0
632840,FFF,2014B,0.7701092250486122,59.583333333333336,0.0
632841,FFF,2014B,0.9420595667574752,75.71428571428571,0.0
632927,FFF,2014B,0.9420595667574752,75.71428571428571,0.0
633047,FFF,2014B,0.7891611175841874,59.53333333333333,173.0
633102,FFF,2014B,0.9420595667574752,75.71428571428571,0.0
633205,FFF,2014B,0.720765316858039,72.45454545454545,6.0
633233,FFF,2014B,0.9420595667574752,75.71428571428571,0.0
633238,FFF,2014B,0.791025576375248,57.642857142857146,159.0
633243,FFF,2014B,0.8452562216524286,20.0,270.0
633305,FFF,2014B,0.9420595667574752,75.71428571428571,0.0
633401,FFF,2014B,0.9420595667574752,75.71428571428571,0.0
633403,FFF,2014B,0.7721841954381894,57.0,0.0
633558,FFF,2014B,0.9420595667574752,75.71428571428571,0.0
633625,FFF,2014B,0.7979089142747613,43.75,0.0
633676,FFF,2014B,0.7869380155706298,46.0,0.0
633739,FFF,2014B,0.9420595667574752,75.71428571428571,0.0
633884,FFF,2014B,0.7774709940214796,54.666666666666664,0.0
634007,FFF,2014B,0.9420595667574752,75.71428571428571,0.0
634057,FFF,2014B,0.7382168357340123,75.5,48.0
634099,FFF,2014B,0.7943082184600523,45.0,0.0
634176,FFF,2014B,0.8722929467238602,30.0,88.0
634245,FFF,2014B,0.7926835134544629,49.333333333333336,0.0
634279,FFF,2014B,0.7313418368511861,72.66666666666667,85.0
634292,FFF,2014B,0.9420595667574752,75.71428571428571,0.0
634339,FFF,2014B,0.9545819152472932,75.71428571428571,0.0
634349,FFF,2014B,0.7067865990750697,69.0,203.0
634480,FFF,2014B,0.9420595667574752,75.71428571428571,0.0
634638,FFF,2014B,0.9420595667574752,75.71428571428571,0.0
634682,FFF,2014B,0.9420595667574752,75.71428571428571,0.0
634796,FFF,2014B,0.9420595667574752,75.71428571428571,0.0
634820,FFF,2014B,0.801477947795166,22.0,0.0
634918,FFF,2014B,0.7165022964087286,60.75,0.0
634946,FFF,2014B,0.7827809847469237,51.0,0.0
634979,FFF,2014B,0.9420595667574752,75.71428571428571,0.0
1290731,FFF,2014B,0.9545819152472932,75.71428571428571,0.0
1498823,FFF,2014B,0.9697463891372057,75.71428571428571,0.0
1528232,FFF,2014B,0.7304107040315299,65.66666666666667,0.0
1799963,FFF,2014B,0.7600170117918816,60.0,0.0
1892879,FFF,2014B,0.9604846291041567,75.71428571428571,0.0
1928947,FFF,2014B,0.714901153438978,60.916666666666664,0.0
1933534,FFF,2014B,0.7938240680668116,57.63636363636363,0.0
1936935,FFF,2014B,0.9604890193424273,75.71428571428571,0.0
1961652,FFF,2014B,0.8063700076863936,55.0,0.0
1962128,FFF,2014B,0.7909170741093109,59.0,0.0
2022750,FFF,2014B,0.9420595667574752,75.71428571428571,0.0
2161710,FFF,2014B,0.8136881039713251,52.333333333333336,0.0
2209846,FFF,2014B,0.9420595667574752,75.71428571428571,0.0
2239539,FFF,2014B,0.9420595667574752,75.71428571428571,0.0
2242595,FFF,2014B,0.7447694002683718,75.63636363636364,0.0
2298316,FFF,2014B,0.9604846291041567,75.71428571428571,0.0
2322813,FFF,2014B,0.9420595667574752,75.71428571428571,0.0
2336654,FFF,2014B,0.9420595667574752,75.71428571428571,0.0
2360071,FFF,2014B,0.9545819152472932,75.71428571428571,0.0
2413895,FFF,2014B,0.9607119981654272,75.71428571428571,0.0
2448082,FFF,2014B,0.7774709940214796,54.0,0.0
2462281,FFF,2014B,0.9467004203735536,75.71428571428571,0.0
2463282,FFF,2014B,0.8871241416283614,40.0,0.0
2465589,FFF,2014B,0.725783890093284,72.16666666666667,0.0
2517983,FFF,2014B,0.9669165242929424,75.71428571428571,0.0
2523915,FFF,2014B,0.70106692532144,69.27272727272727,0.0
2524794,FFF,2014B,0.9420595667574752,75.71428571428571,0.0
2540424,FFF,2014B,0.8395917429482402,39.5,0.0
2558365,FFF,2014B,0.709798573527284,63.714285714285715,274.0
2575119,FFF,2014B,0.8078372466851326,54.0,0.0
2583997,FFF,2014B,0.8086109245770119,40.0,0.0
2593175,FFF,2014B,0.9545819152472932,75.71428571428571,0.0
2625021,FFF,2014B,0.9420595667574752,75.71428571428571,0.0
2634654,FFF,2014B,0.7701092250486122,58.0,0.0
2636921,FFF,2014B,0.9420595667574752,75.71428571428571,0.0
2652268,FFF,2014B,0.9420595667574752,75.71428571428571,0.0
2653007,FFF,2014B,0.9545819152472932,75.71428571428571,0.0
2675061,FFF,2014B,0.9637484907797561,75.71428571428571,0.0
2697885,FFF,2014B,0.723039112372661,74.91666666666667,0.0
31296,FFF,2014J,0.7247736730795158,66.08333333333333,0.0
35747,FFF,2014J,0.78653444419306,54.0,0.0
47861,FFF,2014J,0.7647978060948097,53.333333333333336,0.0
52275,FFF,2014J,0.8086109245770119,38.0,0.0
54772,FFF,2014J,0.9420595667574752,75.71428571428571,0.0
56667,FFF,2014J,0.7060459153166221,67.36363636363636,0.0
61297,FFF,2014J,0.9703505347484379,75.71428571428571,0.0
64777,FFF,2014J,0.9607119981654272,75.71428571428571,0.0
66892,FFF,2014J,0.7267441444026277,66.0,0.0
82201,FFF,2014J,0.7349325355830925,65.0,0.0
85241,FFF,2014J,0.811481587896099,48.0,0.0
90651,FFF,2014J,0.9604846291041567,75.71428571428571,0.0
91801,FFF,2014J,0.7082425562250334,69.0,0.0
101217,FFF,2014J,0.8293500917801541,41.0,0.0
103594,FFF,2014J,0.9703505347484379,75.71428571428571,0.0
109907,FFF,2014J,0.9604846291041567,75.71428571428571,0.0
119310,FFF,2014J,0.7281155490573877,74.53846153846153,119.0
161837,FFF,2014J,0.962277938035908,75.71428571428571,0.0
166607,FFF,2014J,0.9545819152472932,75.71428571428571,0.0
170874,FFF,2014J,0.7701092250486122,59.083333333333336,0.0
171692,FFF,2014J,0.8165430109731838,52.666666666666664,0.0
184627,FFF,2014J,0.884664027636654,32.0,0.0
184720,FFF,2014J,0.7064640327132342,71.25,0.0
195246,FFF,2014J,0.7740227319954056,56.09090909090909,0.0
197188,FFF,2014J,0.962277938035908,75.71428571428571,0.0
230656,FFF,2014J,0.9709370633458453,75.71428571428571,0.0
231980,FFF,2014J,0.9604846291041567,75.71428571428571,0.0
234031,FFF,2014J,0.9420595667574752,75.71428571428571,0.0
238301,FFF,2014J,0.9709370633458453,75.71428571428571,0.0
242636,FFF,2014J,0.8701230653254277,0.0,108.0
251397,FFF,2014J,0.9604846291041567,75.71428571428571,0.0
251916,FFF,2014J,0.9604846291041567,75.71428571428571,0.0
258978,FFF,2014J,0.7039543601561269,72.75,0.0
260275,FFF,2014J,0.9604846291041567,75.71428571428571,0.0
261863,FFF,2014J,0.7165022964087286,60.666666666666664,0.0
262332,FFF,2014J,0.9420595667574752,75.71428571428571,0.0
263143,FFF,2014J,0.9420595667574752,75.71428571428571,0.0
264589,FFF,2014J,0.9564198806241673,75.71428571428571,0.0
268727,FFF,2014J,0.9604846291041567,75.71428571428571,0.0
271702,FFF,2014J,0.9663089122754848,75.71428571428571,0.0
272704,FFF,2014J,0.9420595667574752,75.71428571428571,0.0
275127,FFF,2014J,0.798890187392396,50.0,0.0
276265,FFF,2014J,0.705495597833207,74.88888888888889,0.0
276337,FFF,2014J,0.7175993949784565,75.0,0.0
279883,FFF,2014J,0.8560296963840841,49.0,167.0
281970,FFF,2014J,0.9604846291041567,75.71428571428571,0.0
287079,FFF,2014J,0.798218671934256,58.285714285714285,0.0
287715,FFF,2014J,0.9420595667574752,75.71428571428571,0.0
289179,FFF,2014J,0.9420595667574752,75.71428571428571,0.0
289676,FFF,2014J,0.9604890193424273,75.71428571428571,0.0
294929,FFF,2014J,0.7630444229472074,57.90909090909091,0.0
295893,FFF,2014J,0.8100798841183412,24.4,541.0
300848,FFF,2014J,0.9709370633458453,75.71428571428571,0.0
301561,FFF,2014J,0.7113482404249803,68.0,0.0
310205,FFF,2014J,0.7267441444026277,65.91666666666667,0.0
315795,FFF,2014J,0.7943082184600523,46.916666666666664,0.0
318289,FFF,2014J,0.9548946860043899,75.71428571428571,0.0
319461,FFF,2014J,0.9545819152472932,75.71428571428571,0.0
324331,FFF,2014J,0.8063064685621183,53.5,0.0
325750,FFF,2014J,0.721521554617857,67.04545454545455,0.0
327664,FFF,2014J,0.9679523038968979,75.71428571428571,0.0
328377,FFF,2014J,0.9679523038968979,75.71428571428571,0.0
328797,FFF,2014J,0.7267441444026277,65.75,0.0
329095,FFF,2014J,0.9420595667574752,75.71428571428571,0.0
332676,FFF,2014J,0.9576631785037318,75.71428571428571,0.0
338806,FFF,2014J,0.7922108855363027,57.588235294117645,0.0
341093,FFF,2014J,0.7013614964304411,70.0,0.0
348906,FFF,2014J,0.9420595667574752,75.71428571428571,0.0
349777,FFF,2014J,0.9545819152472932,75.71428571428571,0.0
351293,FFF,2014J,0.9588511739811354,75.71428571428571,0.0
354713,FFF,2014J,0.9420595667574752,75.71428571428571,0.0
355293,FFF,2014J,0.7630824767033042,60.72222222222222,0.0
360278,FFF,2014J,0.9420595667574752,75.71428571428571,0.0
360752,FFF,2014J,0.9420595667574752,75.71428571428571,0.0
368389,FFF,2014J,0.9420595667574752,75.71428571428571,0.0
374353,FFF,2014J,0.714901153438978,60.666666666666664,0.0
375993,FFF,2014J,0.9604890193424273,75.71428571428571,0.0
381528,FFF,2014J,0.9420595667574752,75.71428571428571,0.0
381529,FFF,2014J,0.7701092250486122,58.0,0.0
383445,FFF,2014J,0.7905387113853388,43.5,0.0
383629,FFF,2014J,0.7015096998046263,74.91666666666667,0.0
384331,FFF,2014J,0.9420595667574752,75.71428571428571,0.0
386956,FFF,2014J,0.7240730610127047,67.0,0.0
393141,FFF,2014J,0.7344205137838109,61.5,0.0
396136,FFF,2014J,0.9604846291041567,75.71428571428571,0.0
396907,FFF,2014J,0.7082425562250334,69.3,0.0
397292,FFF,2014J,0.8226831082981363,48.0,0.0
408872,FFF,2014J,0.9467004203735536,75.71428571428571,0.0
411304,FFF,2014J,0.7774709940214796,55.083333333333336,0.0
411688,FFF,2014J,0.9588511739811354,75.71428571428571,0.0
416426,FFF,2014J,0.9637484907797561,75.71428571428571,0.0
418486,FFF,2014J,0.983007879130385,75.71428571428571,0.0
419081,FFF,2014J,0.7078705803190237,63.0,0.0
425467,FFF,2014J,0.9467004203735536,75.71428571428571,0.0
426410,FFF,2014J,0.9604890193424273,75.71428571428571,0.0
429832,FFF,2014J,0.8044812593954619,56.266666666666666,0.0
435294,FFF,2014J,0.9612096099414275,75.71428571428571,0.0
438063,FFF,2014J,0.7125285716227364,68.66666666666667,0.0
438644,FFF,2014J,0.7374422081402,64.0,0.0
439995,FFF,2014J,0.7250660482725884,66.41666666666667,0.0
441020,FFF,2014J,0.9604846291041567,75.71428571428571,0.0
441165,FFF,2014J,0.7570916504334086,63.36363636363637,0.0
441170,FFF,2014J,0.9679523038968979,75.71428571428571,0.0
441421,FFF,2014J,0.7652456205675467,67.66666666666667,88.0
442725,FFF,2014J,0.9604846291041567,75.71428571428571,0.0
445459,FFF,2014J,0.9582867198052278,75.71428571428571,0.0
465078,FFF,2014J,0.7063261276021348,74.66666666666667,0.0
465121,FFF,2014J,0.725783890093284,72.9090909090909,0.0
465245,FFF,2014J,0.9604846291041567,75.71428571428571,0.0
466717,FFF,2014J,0.9420595667574752,75.71428571428571,0.0
466807,FFF,2014J,0.7012095824355039,73.6,0.0
467312,FFF,2014J,0.9604890193424273,75.71428571428571,0.0
468623,FFF,2014J,0.8132783901953197,56.0,157.0
470121,FFF,2014J,0.9420595667574752,75.71428571428571,0.0
471284,FFF,2014J,0.7349325355830925,64.5,0.0
471374,FFF,2014J,0.9588064839383145,75.71428571428571,0.0
472401,FFF,2014J,0.9703505347484379,75.71428571428571,0.0
474667,FFF,2014J,0.7039543601561269,71.5,0.0
475015,FFF,2014J,0.7039543601561269,72.16666666666667,0.0
475566,FFF,2014J,0.9604846291041567,75.71428571428571,0.0
475699,FFF,2014J,0.9637484907797561,75.71428571428571,0.0
476401,FFF,2014J,0.7849498726650009,59.166666666666664,0.0
477833,FFF,2014J,0.7274587415260448,66.38888888888889,0.0
489048,FFF,2014J,0.9420595667574752,75.71428571428571,0.0
489104,FFF,2014J,0.9420595667574752,75.71428571428571,0.0
489493,FFF,2014J,0.9420595667574752,75.71428571428571,0.0
489553,FFF,2014J,0.7966878938112417,57.9,0.0
490297,FFF,2014J,0.8237463484708294,45.714285714285715,664.0
491077,FFF,2014J,0.830542287722739,48.5,0.0
491756,FFF,2014J,0.7462267789651363,65.5,0.0
496815,FFF,2014J,0.9697463891372057,75.71428571428571,0.0
501897,FFF,2014J,0.8126249884320467,59.4,92.0
503684,FFF,2014J,0.725783890093284,72.0,0.0
504270,FFF,2014J,0.8159381632069588,51.0,0.0
504700,FFF,2014J,0.9588511739811354,75.71428571428571,0.0
507031,FFF,2014J,0.9722580753855629,75.71428571428571,66.0
509177,FFF,2014J,0.9749639650629905,75.71428571428571,15.0
510762,FFF,2014J,0.9420595667574752,75.71428571428571,0.0
511246,FFF,2014J,0.9420595667574752,75.71428571428571,0.0
511309,FFF,2014J,0.7451323614396509,62.916666666666664,0.0
511350,FFF,2014J,0.8610745537471535,47.90909090909091,176.0
511859,FFF,2014J,0.9604846291041567,75.71428571428571,0.0
511981,FFF,2014J,0.7792247481172712,55.916666666666664,0.0
512335,FFF,2014J,0.8250905864269672,47.0,0.0
513272,FFF,2014J,0.7966878938112417,60.0,0.0
514556,FFF,2014J,0.8061268570239012,54.0,0.0
517551,FFF,2014J,0.7503052566279621,62.083333333333336,0.0
518599,FFF,2014J,0.9604846291041567,75.71428571428571,0.0
520265,FFF,2014J,0.9420595667574752,75.71428571428571,0.0
521032,FFF,2014J,0.7271522752238667,66.0,0.0
521255,FFF,2014J,0.7930494064882186,60.142857142857146,0.0
525523,FFF,2014J,0.9420595667574752,75.71428571428571,0.0
529693,FFF,2014J,0.7012095824355039,73.08333333333333,0.0
530148,FFF,2014J,0.7605478844182056,61.63636363636363,0.0
532744,FFF,2014J,0.9604846291041567,75.71428571428571,0.0
534018,FFF,2014J,0.7158165663575285,64.0,0.0
535997,FFF,2014J,0.78653444419306,53.166666666666664,0.0
537321,FFF,2014J,0.9420595667574752,75.71428571428571,0.0
539913,FFF,2014J,0.9709523573765612,75.71428571428571,0.0
540723,FFF,2014J,0.7605478844182056,61.666666666666664,0.0
541184,FFF,2014J,0.8350227164423729,30.0,315.0
541532,FFF,2014J,0.7271920145688402,64.63636363636364,0.0
544141,FFF,2014J,0.7740227319954056,55.25,0.0
545164,FFF,2014J,0.7039543601561269,71.45454545454545,0.0
546547,FFF,2014J,0.7349325355830925,64.875,0.0
549219,FFF,2014J,0.7012095824355039,73.83333333333333,0.0
552832,FFF,2014J,0.9604846291041567,75.71428571428571,0.0
555277,FFF,2014J,0.9467004203735536,75.71428571428571,0.0
557792,FFF,2014J,0.7424513103653498,61.0,283.0
558342,FFF,2014J,0.7669058569969225,58.0,0.0
559882,FFF,2014J,0.9604846291041567,75.71428571428571,0.0
560459,FFF,2014J,0.8207665123619315,35.8,553.0
560659,FFF,2014J,0.8395917429482402,40.666666666666664,0.0
560823,FFF,2014J,0.9679523038968979,75.71428571428571,0.0
561311,FFF,2014J,0.962277938035908,75.71428571428571,0.0
562762,FFF,2014J,0.9634312378766303,75.71428571428571,0.0
564821,FFF,2014J,0.7039543601561269,72.5,0.0
565474,FFF,2014J,0.9420595667574752,75.71428571428571,0.0
567213,FFF,2014J,0.9604890193424273,75.71428571428571,0.0
568443,FFF,2014J,0.962277938035908,75.71428571428571,0.0
568447,FFF,2014J,0.9420595667574752,75.71428571428571,0.0
568998,FFF,2014J,0.7274587415260448,66.66666666666667,0.0
569556,FFF,2014J,0.9789952571085915,75.71428571428571,0.0
569745,FFF,2014J,0.9420595667574752,75.71428571428571,0.0
570004,FFF,2014J,0.7090709053227577,72.27272727272727,0.0
570213,FFF,2014J,0.7605478844182056,61.833333333333336,0.0
570280,FFF,2014J,0.8143865510607875,56.166666666666664,0.0
570689,FFF,2014J,0.7039543601561269,71.25,0.0
571932,FFF,2014J,0.962277938035908,75.71428571428571,0.0
571950,FFF,2014J,0.7442870015718234,51.25,608.0
572071,FFF,2014J,0.7012095824355039,75.0,0.0
572265,FFF,2014J,0.808677262723047,52.5,0.0
572804,FFF,2014J,0.8137791281479809,52.0,0.0
573291,FFF,2014J,0.7082425562250334,70.0,0.0
573481,FFF,2014J,0.774682703288771,67.0,64.0
574068,FFF,2014J,0.9545819152472932,75.71428571428571,0.0
574527,FFF,2014J,0.7542679688402808,58.166666666666664,0.0
574638,FFF,2014J,0.9604846291041567,75.71428571428571,0.0
574695,FFF,2014J,0.7698022822808016,62.0,0.0
575685,FFF,2014J,0.8279620171193142,38.333333333333336,0.0
575710,FFF,2014J,0.7669058569969225,58.0,0.0
575983,FFF,2014J,0.9604846291041567,75.71428571428571,0.0
576140,FFF,2014J,0.9420595667574752,75.71428571428571,0.0
576423,FFF,2014J,0.827906414563158,48.6,0.0
577950,FFF,2014J,0.9545819152472932,75.71428571428571,0.0
578573,FFF,2014J,0.9420595667574752,75.71428571428571,0.0
580926,FFF,2014J,0.8311853704234222,52.666666666666664,0.0
581219,FFF,2014J,0.7171651306621718,66.85714285714286,0.0
581253,FFF,2014J,0.8143865510607875,54.73913043478261,0.0
582141,FFF,2014J,0.9545819152472932,75.71428571428571,0.0
582266,FFF,2014J,0.8108344824007995,33.6,0.0
582530,FFF,2014J,0.7684841573511331,61.25,359.0
582670,FFF,2014J,0.756342939229858,56.63636363636363,0.0
582749,FFF,2014J,0.9545819152472932,75.71428571428571,0.0
583056,FFF,2014J,0.8063064685621183,55.86666666666667,0.0
584210,FFF,2014J,0.8063064685621183,54.61538461538461,0.0
584362,FFF,2014J,0.9679523038968979,75.71428571428571,0.0
584594,FFF,2014J,0.9604890193424273,75.71428571428571,0.0
585021,FFF,2014J,0.9703505347484379,75.71428571428571,0.0
585224,FFF,2014J,0.7349325355830925,63.75,0.0
585301,FFF,2014J,0.7274203167359719,65.75,0.0
586282,FFF,2014J,0.9709370633458453,75.71428571428571,0.0
586811,FFF,2014J,0.8063064685621183,54.0,0.0
588128,FFF,2014J,0.7156177919136063,66.2,0.0
589441,FFF,2014J,0.8414009093096037,50.666666666666664,190.0
589798,FFF,2014J,0.7509250430302294,67.6,0.0
590381,FFF,2014J,0.9604846291041567,75.71428571428571,0.0
590543,FFF,2014J,0.7605478844182056,62.0,0.0
590818,FFF,2014J,0.7774709940214796,53.0,0.0
591581,FFF,2014J,0.8165430109731838,52.5,0.0
591655,FFF,2014J,0.8468624541240178,56.857142857142854,95.0
592233,FFF,2014J,0.9420595667574752,75.71428571428571,0.0
594258,FFF,2014J,0.816740995320448,54.285714285714285,0.0
594406,FFF,2014J,0.7795866610488857,63.0,0.0
594615,FFF,2014J,0.7039543601561269,70.66666666666667,0.0
594636,FFF,2014J,0.7928059711962164,60.5625,0.0
595246,FFF,2014J,0.7082425562250334,70.0,0.0
595673,FFF,2014J,0.9604846291041567,75.71428571428571,0.0
595676,FFF,2014J,0.7225563757154809,66.5,0.0
596052,FFF,2014J,0.7796122743835404,64.0,11.0
596245,FFF,2014J,0.9604846291041567,75.71428571428571,0.0
596693,FFF,2014J,0.9679523038968979,75.71428571428571,0.0
597391,FFF,2014J,0.9604846291041567,75.71428571428571,0.0
597937,FFF,2014J,0.7721841954381894,56.5,0.0
598442,FFF,2014J,0.9604846291041567,75.71428571428571,0.0
598582,FFF,2014J,0.9420595667574752,75.71428571428571,0.0
598757,FFF,2014J,0.732338694175486,63.666666666666664,0.0
598939,FFF,2014J,0.9604846291041567,75.71428571428571,0.0
599007,FFF,2014J,0.9545819152472932,75.71428571428571,0.0
599297,FFF,2014J,0.8197456056089639,59.5,144.0
600405,FFF,2014J,0.7878896629539851,60.0,0.0
600615,FFF,2014J,0.7966878938112417,60.0,0.0
600893,FFF,2014J,0.7908408656272712,60.588235294117645,0.0
601180,FFF,2014J,0.7482430976866072,62.5,0.0
601271,FFF,2014J,0.7934817216425455,58.53333333333333,0.0
602502,FFF,2014J,0.7175993949784565,74.25,0.0
603423,FFF,2014J,0.7171651306621718,67.0,0.0
603931,FFF,2014J,0.7349325355830925,65.0,0.0
604142,FFF,2014J,0.70106692532144,69.0,0.0
604652,FFF,2014J,0.9709370633458453,75.71428571428571,0.0
605228,FFF,2014J,0.8400581889102541,36.6,0.0
605394,FFF,2014J,0.7848828380108682,58.0,0.0
606293,FFF,2014J,0.9604846291041567,75.71428571428571,0.0
607866,FFF,2014J,0.7296760388900797,66.11764705882354,0.0
611465,FFF,2014J,0.9679523038968979,75.71428571428571,0.0
612763,FFF,2014J,0.9420595667574752,75.71428571428571,0.0
614984,FFF,2014J,0.7113482404249803,67.41666666666667,0.0
615340,FFF,2014J,0.7827809847469237,51.09090909090909,0.0
615342,FFF,2014J,0.7701092250486122,59.0,0.0
617010,FFF,2014J,0.7039543601561269,71.53333333333333,0.0
617332,FFF,2014J,0.705751344207621,68.0,0.0
619204,FFF,2014J,0.732338694175486,63.333333333333336,0.0
619863,FFF,2014J,0.9604846291041567,75.71428571428571,0.0
619887,FFF,2014J,0.9679523038968979,75.71428571428571,0.0
620112,FFF,2014J,0.7012095824355039,74.0,0.0
620824,FFF,2014J,0.9637484907797561,75.71428571428571,0.0
621307,FFF,2014J,0.9679523038968979,75.71428571428571,0.0
622029,FFF,2014J,0.9604846291041567,75.71428571428571,0.0
622362,FFF,2014J,0.7774709940214796,54.0,0.0
622910,FFF,2014J,0.9420595667574752,75.71428571428571,0.0
623763,FFF,2014J,0.9420595667574752,75.71428571428571,0.0
623945,FFF,2014J,0.9604890193424273,75.71428571428571,0.0
624740,FFF,2014J,0.9545819152472932,75.71428571428571,0.0
625802,FFF,2014J,0.78653444419306,55.083333333333336,0.0
626349,FFF,2014J,0.7349325355830925,64.4,0.0
626539,FFF,2014J,0.7082425562250334,69.33333333333333,0.0
627379,FFF,2014J,0.719805560600753,66.0,0.0
627443,FFF,2014J,0.9604846291041567,75.71428571428571,0.0
627829,FFF,2014J,0.7229645065367198,66.5,0.0
627840,FFF,2014J,0.7039543601561269,73.0,0.0
628363,FFF,2014J,0.9420595667574752,75.71428571428571,0.0
629029,FFF,2014J,0.7774709940214796,54.63636363636363,0.0
629394,FFF,2014J,0.9604890193424273,75.71428571428571,0.0
629522,FFF,2014J,0.7012095824355039,74.08333333333333,0.0
629594,FFF,2014J,0.7701092250486122,58.0,0.0
629686,FFF,2014J,0.798890187392396,48.0,0.0
629907,FFF,2014J,0.9604846291041567,75.71428571428571,0.0
630024,FFF,2014J,0.9604846291041567,75.71428571428571,0.0
630289,FFF,2014J,0.9612096099414275,75.71428571428571,0.0
630358,FFF,2014J,0.9420595667574752,75.71428571428571,0.0
630510,FFF,2014J,0.9709370633458453,75.71428571428571,0.0
630992,FFF,2014J,0.7082425562250334,69.36363636363636,0.0
631524,FFF,2014J,0.7240730610127047,67.125,0.0
631681,FFF,2014J,0.7630444229472074,58.54545454545455,0.0
631750,FFF,2014J,0.9604846291041567,75.71428571428571,0.0
632179,FFF,2014J,0.7136122273736373,66.66666666666667,0.0
632634,FFF,2014J,0.9576631785037318,75.71428571428571,0.0
632773,FFF,2014J,0.9604890193424273,75.71428571428571,0.0
633628,FFF,2014J,0.7605478844182056,62.0,0.0
634114,FFF,2014J,0.7090709053227577,70.66666666666667,0.0
634888,FFF,2014J,0.9467004203735536,75.71428571428571,0.0
635165,FFF,2014J,0.962277938035908,75.71428571428571,0.0
635184,FFF,2014J,0.7740227319954056,55.75,0.0
635191,FFF,2014J,0.9604846291041567,75.71428571428571,0.0
635271,FFF,2014J,0.9420595667574752,75.71428571428571,0.0
635410,FFF,2014J,0.8549475676077124,51.833333333333336,92.0
636407,FFF,2014J,0.9604846291041567,75.71428571428571,0.0
636492,FFF,2014J,0.8005148923979855,46.0,0.0
636634,FFF,2014J,0.7826718935704998,58.0,0.0
636653,FFF,2014J,0.9604846291041567,75.71428571428571,0.0
636749,FFF,2014J,0.9729842774568935,75.71428571428571,0.0
637089,FFF,2014J,0.7727695628559714,53.75,374.0
637338,FFF,2014J,0.9604846291041567,75.71428571428571,0.0
637474,FFF,2014J,0.9604846291041567,75.71428571428571,0.0
637509,FFF,2014J,0.7849333012233093,54.666666666666664,0.0
637514,FFF,2014J,0.7943082184600523,46.0,0.0
637582,FFF,2014J,0.7859830124685288,50.916666666666664,0.0
637800,FFF,2014J,0.7129104563204253,66.66666666666667,0.0
637939,FFF,2014J,0.8108344824007995,33.25,0.0
638414,FFF,2014J,0.9604846291041567,75.71428571428571,0.0
638425,FFF,2014J,0.9420595667574752,75.71428571428571,0.0
638831,FFF,2014J,0.7792247481172712,56.0,0.0
639993,FFF,2014J,0.9467004203735536,75.71428571428571,0.0
640140,FFF,2014J,0.9709370633458453,75.71428571428571,0.0
640393,FFF,2014J,0.9604846291041567,75.71428571428571,0.0
640552,FFF,2014J,0.7158165663575285,64.0,0.0
640774,FFF,2014J,0.9604846291041567,75.71428571428571,0.0
641028,FFF,2014J,0.9420595667574752,75.71428571428571,0.0
641169,FFF,2014J,0.9545819152472932,75.71428571428571,0.0
641265,FFF,2014J,0.9709370633458453,75.71428571428571,0.0
641275,FFF,2014J,0.801477947795166,31.0,0.0
641307,FFF,2014J,0.9604846291041567,75.71428571428571,0.0
641470,FFF,2014J,0.7701092250486122,59.333333333333336,0.0
641565,FFF,2014J,0.9703505347484379,75.71428571428571,0.0
641866,FFF,2014J,0.9420595667574752,75.71428571428571,0.0
642013,FFF,2014J,0.9709370633458453,75.71428571428571,0.0
642128,FFF,2014J,0.9604846291041567,75.71428571428571,0.0
642449,FFF,2014J,0.7109813165659802,61.416666666666664,0.0
642536,FFF,2014J,0.9420595667574752,75.71428571428571,0.0
642560,FFF,2014J,0.9420595667574752,75.71428571428571,0.0
642626,FFF,2014J,0.7158165663575285,65.0,0.0
642790,FFF,2014J,0.8310698825348396,56.0,57.0
642843,FFF,2014J,0.7399134501777762,61.0,0.0
643024,FFF,2014J,0.9420595667574752,75.71428571428571,0.0
643326,FFF,2014J,0.7701092250486122,59.083333333333336,0.0
643379,FFF,2014J,0.9420595667574752,75.71428571428571,0.0
643455,FFF,2014J,0.962277938035908,75.71428571428571,0.0
643690,FFF,2014J,0.8510946679021866,49.5,215.0
643757,FFF,2014J,0.8270535855940263,57.0,121.0
644210,FFF,2014J,0.7062707784006867,74.75,0.0
644834,FFF,2014J,0.9420595667574752,75.71428571428571,0.0
644885,FFF,2014J,0.9420595667574752,75.71428571428571,0.0
644934,FFF,2014J,0.9420595667574752,75.71428571428571,0.0
644967,FFF,2014J,0.9420595667574752,75.71428571428571,0.0
645145,FFF,2014J,0.798890187392396,48.666666666666664,0.0
645194,FFF,2014J,0.9732746996012497,75.71428571428571,0.0
645401,FFF,2014J,0.9545819152472932,75.71428571428571,0.0
645407,FFF,2014J,0.9420595667574752,75.71428571428571,0.0
645529,FFF,2014J,0.9604846291041567,75.71428571428571,0.0
645618,FFF,2014J,0.9709523573765612,75.71428571428571,0.0
645638,FFF,2014J,0.9604846291041567,75.71428571428571,0.0
645787,FFF,2014J,0.9709523573765612,75.71428571428571,0.0
645790,FFF,2014J,0.798890187392396,49.0,0.0
645800,FFF,2014J,0.9604846291041567,75.71428571428571,0.0
645840,FFF,2014J,0.8005148923979855,47.166666666666664,0.0
646083,FFF,2014J,0.9420595667574752,75.71428571428571,0.0
646120,FFF,2014J,0.9545819152472932,75.71428571428571,0.0
646498,FFF,2014J,0.962277938035908,75.71428571428571,0.0
646613,FFF,2014J,0.9420595667574752,75.71428571428571,0.0
646742,FFF,2014J,0.7440222466922986,62.0,0.0
646972,FFF,2014J,0.9420595667574752,75.71428571428571,0.0
647045,FFF,2014J,0.795028753342681,48.0,0.0
647072,FFF,2014J,0.9420595667574752,75.71428571428571,0.0
647111,FFF,2014J,0.9420595667574752,75.71428571428571,0.0
647194,FFF,2014J,0.9420595667574752,75.71428571428571,0.0
647245,FFF,2014J,0.9588064839383145,75.71428571428571,0.0
647284,FFF,2014J,0.9604846291041567,75.71428571428571,0.0
647321,FFF,2014J,0.9467004203735536,75.71428571428571,0.0
647594,FFF,2014J,0.9545819152472932,75.71428571428571,0.0
647598,FFF,2014J,0.9420595667574752,75.71428571428571,0.0
647784,FFF,2014J,0.800470400401097,38.5,0.0
647799,FFF,2014J,0.9604846291041567,75.71428571428571,0.0
647910,FFF,2014J,0.8124723586267268,37.333333333333336,0.0
648118,FFF,2014J,0.9604846291041567,75.71428571428571,0.0
648137,FFF,2014J,0.9420595667574752,75.71428571428571,0.0
648244,FFF,2014J,0.7669058569969225,58.0,0.0
648348,FFF,2014J,0.9545819152472932,75.71428571428571,0.0
648373,FFF,2014J,0.9545819152472932,75.71428571428571,0.0
648455,FFF,2014J,0.7669058569969225,58.0,0.0
648477,FFF,2014J,0.9604846291041567,75.71428571428571,0.0
648521,FFF,2014J,0.9545819152472932,75.71428571428571,0.0
648546,FFF,2014J,0.9604846291041567,75.71428571428571,0.0
648576,FFF,2014J,0.9420595667574752,75.71428571428571,0.0
648605,FFF,2014J,0.9604846291041567,75.71428571428571,0.0
648611,FFF,2014J,0.9420595667574752,75.71428571428571,0.0
648650,FFF,2014J,0.9703505347484379,75.71428571428571,0.0
648667,FFF,2014J,0.9420595667574752,75.71428571428571,0.0
648698,FFF,2014J,0.9420595667574752,75.71428571428571,0.0
648819,FFF,2014J,0.9722580753855629,75.71428571428571,5.0
648840,FFF,2014J,0.9420595667574752,75.71428571428571,0.0
648863,FFF,2014J,0.9420595667574752,75.71428571428571,0.0
648867,FFF,2014J,0.9420595667574752,75.71428571428571,0.0
648872,FFF,2014J,0.7237755434342219,67.0,190.0
648930,FFF,2014J,0.9420595667574752,75.71428571428571,0.0
649028,FFF,2014J,0.9729842774568935,75.71428571428571,0.0
649036,FFF,2014J,0.783086182166986,56.0,0.0
649147,FFF,2014J,0.9703505347484379,75.71428571428571,0.0
649161,FFF,2014J,0.9604846291041567,75.71428571428571,0.0
649230,FFF,2014J,0.7708626867247156,65.75,19.0
649284,FFF,2014J,0.78653444419306,53.25,0.0
649389,FFF,2014J,0.9420595667574752,75.71428571428571,0.0
649523,FFF,2014J,0.9604846291041567,75.71428571428571,0.0
649547,FFF,2014J,0.9420595667574752,75.71428571428571,0.0
649764,FFF,2014J,0.9420595667574752,75.71428571428571,0.0
649849,FFF,2014J,0.9545819152472932,75.71428571428571,0.0
649926,FFF,2014J,0.9420595667574752,75.71428571428571,0.0
650052,FFF,2014J,0.9604846291041567,75.71428571428571,0.0
650180,FFF,2014J,0.9420595667574752,75.71428571428571,0.0
650285,FFF,2014J,0.9420595667574752,75.71428571428571,0.0
650321,FFF,2014J,0.9420595667574752,75.71428571428571,0.0
650353,FFF,2014J,0.9604846291041567,75.71428571428571,0.0
650398,FFF,2014J,0.9703505347484379,75.71428571428571,0.0
650400,FFF,2014J,0.9604846291041567,75.71428571428571,0.0
650461,FFF,2014J,0.7701092250486122,58.25,0.0
650464,FFF,2014J,0.9420595667574752,75.71428571428571,0.0
650544,FFF,2014J,0.972479198223878,75.71428571428571,75.0
650570,FFF,2014J,0.7669058569969225,59.25,0.0
650637,FFF,2014J,0.9604846291041567,75.71428571428571,0.0
650716,FFF,2014J,0.7669058569969225,58.0,0.0
650717,FFF,2014J,0.714901153438978,61.0,0.0
650758,FFF,2014J,0.760458538799286,60.0,0.0
650791,FFF,2014J,0.9604846291041567,75.71428571428571,0.0
650952,FFF,2014J,0.9420595667574752,75.71428571428571,0.0
651255,FFF,2014J,0.9420595667574752,75.71428571428571,0.0
651351,FFF,2014J,0.9604846291041567,75.71428571428571,0.0
651473,FFF,2014J,0.9420595667574752,75.71428571428571,0.0
651608,FFF,2014J,0.9604846291041567,75.71428571428571,0.0
651611,FFF,2014J,0.962277938035908,75.71428571428571,0.0
651639,FFF,2014J,0.9604846291041567,75.71428571428571,0.0
651697,FFF,2014J,0.9604846291041567,75.71428571428571,0.0
651879,FFF,2014J,0.9420595667574752,75.71428571428571,0.0
652025,FFF,2014J,0.9604846291041567,75.71428571428571,0.0
652311,FFF,2014J,0.9420595667574752,75.71428571428571,0.0
652569,FFF,2014J,0.9420595667574752,75.71428571428571,0.0
652706,FFF,2014J,0.9604846291041567,75.71428571428571,0.0
652824,FFF,2014J,0.7827809847469237,52.0,0.0
652832,FFF,2014J,0.7979089142747613,44.0,0.0
652994,FFF,2014J,0.7732994196505494,61.30769230769231,71.0
652998,FFF,2014J,0.7701092250486122,58.0,0.0
653051,FFF,2014J,0.8603243531181823,48.57142857142857,216.0
653174,FFF,2014J,0.9420595667574752,75.71428571428571,0.0
653206,FFF,2014J,0.9709370633458453,75.71428571428571,0.0
653255,FFF,2014J,0.9604846291041567,75.71428571428571,0.0
653336,FFF,2014J,0.9420595667574752,75.71428571428571,0.0
653616,FFF,2014J,0.9420595667574752,75.71428571428571,0.0
653747,FFF,2014J,0.9545819152472932,75.71428571428571,0.0
653848,FFF,2014J,0.962277938035908,75.71428571428571,0.0
653854,FFF,2014J,0.9604846291041567,75.71428571428571,0.0
654094,FFF,2014J,0.7853133105650404,50.0,0.0
654289,FFF,2014J,0.9604846291041567,75.71428571428571,0.0
654338,FFF,2014J,0.9545819152472932,75.71428571428571,0.0
654407,FFF,2014J,0.972520431542183,75.71428571428571,2.0
654432,FFF,2014J,0.9420595667574752,75.71428571428571,0.0
654619,FFF,2014J,0.9604846291041567,75.71428571428571,0.0
654620,FFF,2014J,0.9604846291041567,75.71428571428571,0.0
654671,FFF,2014J,0.969821548548991,75.71428571428571,98.0
654677,FFF,2014J,0.9420595667574752,75.71428571428571,0.0
654684,FFF,2014J,0.7966534583482704,46.2,0.0
654698,FFF,2014J,0.9420595667574752,75.71428571428571,0.0
654732,FFF,2014J,0.9604846291041567,75.71428571428571,0.0
654816,FFF,2014J,0.9703505347484379,75.71428571428571,0.0
654943,FFF,2014J,0.9604846291041567,75.71428571428571,0.0
654960,FFF,2014J,0.9604846291041567,75.71428571428571,0.0
655028,FFF,2014J,0.7634859499546119,59.666666666666664,0.0
655402,FFF,2014J,0.9588064839383145,75.71428571428571,0.0
655416,FFF,2014J,0.7701092250486122,59.0,0.0
655417,FFF,2014J,0.9420595667574752,75.71428571428571,0.0
655492,FFF,2014J,0.9604846291041567,75.71428571428571,0.0
655627,FFF,2014J,0.9604846291041567,75.71428571428571,0.0
655629,FFF,2014J,0.760458538799286,60.0,0.0
655720,FFF,2014J,0.9604846291041567,75.71428571428571,0.0
655747,FFF,2014J,0.9480644560059488,75.71428571428571,0.0
656029,FFF,2014J,0.7588573958295354,60.0,0.0
656102,FFF,2014J,0.9420595667574752,75.71428571428571,0.0
656145,FFF,2014J,0.7399134501777762,61.0,0.0
656150,FFF,2014J,0.9604846291041567,75.71428571428571,0.0
656360,FFF,2014J,0.714934855429804,64.5,0.0
656441,FFF,2014J,0.9703505347484379,75.71428571428571,0.0
656510,FFF,2014J,0.7109813165659802,62.0,0.0
656512,FFF,2014J,0.9420595667574752,75.71428571428571,0.0
656519,FFF,2014J,0.962277938035908,75.71428571428571,0.0
656565,FFF,2014J,0.9420595667574752,75.71428571428571,0.0
656599,FFF,2014J,0.9604846291041567,75.71428571428571,0.0
656622,FFF,2014J,0.9420595667574752,75.71428571428571,0.0
656677,FFF,2014J,0.9420595667574752,75.71428571428571,0.0
657118,FFF,2014J,0.9709370633458453,75.71428571428571,0.0
657184,FFF,2014J,0.9604846291041567,75.71428571428571,0.0
657211,FFF,2014J,0.9722580753855629,75.71428571428571,5.0
674261,FFF,2014J,0.9420595667574752,75.71428571428571,0.0
674478,FFF,2014J,0.7669058569969225,58.333333333333336,0.0
674617,FFF,2014J,0.9420595667574752,75.71428571428571,0.0
674764,FFF,2014J,0.9420595667574752,75.71428571428571,0.0
674814,FFF,2014J,0.9709370633458453,75.71428571428571,0.0
674911,FFF,2014J,0.9420595667574752,75.71428571428571,0.0
674935,FFF,2014J,0.9545819152472932,75.71428571428571,0.0
674970,FFF,2014J,0.9604846291041567,75.71428571428571,0.0
675002,FFF,2014J,0.9604846291041567,75.71428571428571,0.0
675046,FFF,2014J,0.9604846291041567,75.71428571428571,0.0
675127,FFF,2014J,0.9604846291041567,75.71428571428571,0.0
675273,FFF,2014J,0.7669058569969225,57.583333333333336,0.0
675337,FFF,2014J,0.7476229322990916,68.0,27.0
675613,FFF,2014J,0.9545819152472932,75.71428571428571,0.0
675669,FFF,2014J,0.9420595667574752,75.71428571428571,0.0
675818,FFF,2014J,0.9420595667574752,75.71428571428571,0.0
675824,FFF,2014J,0.9582867198052278,75.71428571428571,0.0
675829,FFF,2014J,0.9604846291041567,75.71428571428571,0.0
675947,FFF,2014J,0.7701092250486122,58.0,0.0
676128,FFF,2014J,0.9420595667574752,75.71428571428571,0.0
676194,FFF,2014J,0.9420595667574752,75.71428571428571,0.0
676272,FFF,2014J,0.7774709940214796,54.45454545454545,0.0
676320,FFF,2014J,0.9604846291041567,75.71428571428571,0.0
676324,FFF,2014J,0.9420595667574752,75.71428571428571,0.0
676627,FFF,2014J,0.783086182166986,56.0,0.0
676930,FFF,2014J,0.9604846291041567,75.71428571428571,0.0
677027,FFF,2014J,0.9545819152472932,75.71428571428571,0.0
677155,FFF,2014J,0.7701092250486122,58.0,0.0
677369,FFF,2014J,0.9604846291041567,75.71428571428571,0.0
677486,FFF,2014J,0.7701092250486122,58.5,0.0
677546,FFF,2014J,0.7737225455402,57.333333333333336,0.0
677643,FFF,2014J,0.9420595667574752,75.71428571428571,0.0
677687,FFF,2014J,0.756342939229858,56.75,0.0
677701,FFF,2014J,0.7823941107068824,60.0,0.0
677748,FFF,2014J,0.7797837520250833,56.333333333333336,0.0
677782,FFF,2014J,0.9420595667574752,75.71428571428571,0.0
677828,FFF,2014J,0.9604846291041567,75.71428571428571,0.0
677867,FFF,2014J,0.7943082184600523,47.0,0.0
677869,FFF,2014J,0.7826718935704998,59.333333333333336,0.0
678005,FFF,2014J,0.9420595667574752,75.71428571428571,0.0
678044,FFF,2014J,0.9604846291041567,75.71428571428571,0.0
678090,FFF,2014J,0.9731870860832271,75.71428571428571,4.0
678127,FFF,2014J,0.9420595667574752,75.71428571428571,0.0
678270,FFF,2014J,0.7701092250486122,58.72727272727273,0.0
678287,FFF,2014J,0.9545819152472932,75.71428571428571,0.0
678346,FFF,2014J,0.9604846291041567,75.71428571428571,0.0
678397,FFF,2014J,0.9420595667574752,75.71428571428571,0.0
678474,FFF,2014J,0.9722580753855629,75.71428571428571,34.0
678769,FFF,2014J,0.9703505347484379,75.71428571428571,0.0
678877,FFF,2014J,0.760458538799286,60.0,0.0
679119,FFF,2014J,0.9604846291041567,75.71428571428571,0.0
679237,FFF,2014J,0.7114228435733847,62.0,0.0
679251,FFF,2014J,0.7378282626380432,61.27272727272727,0.0
679337,FFF,2014J,0.9420595667574752,75.71428571428571,0.0
679342,FFF,2014J,0.800470400401097,41.333333333333336,0.0
679688,FFF,2014J,0.9420595667574752,75.71428571428571,0.0
679938,FFF,2014J,0.9604846291041567,75.71428571428571,0.0
679949,FFF,2014J,0.9420595667574752,75.71428571428571,0.0
680072,FFF,2014J,0.9604846291041567,75.71428571428571,0.0
680145,FFF,2014J,0.7040075463121955,64.3529411764706,389.0
680222,FFF,2014J,0.8679118405506575,0.0,213.0
680312,FFF,2014J,0.9604846291041567,75.71428571428571,0.0
680349,FFF,2014J,0.9420595667574752,75.71428571428571,0.0
680374,FFF,2014J,0.9420595667574752,75.71428571428571,0.0
680517,FFF,2014J,0.760458538799286,60.0,0.0
680714,FFF,2014J,0.9545819152472932,75.71428571428571,0.0
680715,FFF,2014J,0.9604846291041567,75.71428571428571,0.0
680766,FFF,2014J,0.9604846291041567,75.71428571428571,0.0
680938,FFF,2014J,0.9703505347484379,75.71428571428571,0.0
681052,FFF,2014J,0.9545819152472932,75.71428571428571,0.0
681063,FFF,2014J,0.9420595667574752,75.71428571428571,0.0
681120,FFF,2014J,0.962277938035908,75.71428571428571,0.0
681277,FFF,2014J,0.8104087546287814,43.0,0.0
681298,FFF,2014J,0.9545819152472932,75.71428571428571,0.0
681393,FFF,2014J,0.9420595667574752,75.71428571428571,0.0
681397,FFF,2014J,0.9604846291041567,75.71428571428571,0.0
682025,FFF,2014J,0.7674897852059048,62.0,0.0
682050,FFF,2014J,0.9604846291041567,75.71428571428571,0.0
682098,FFF,2014J,0.9420595667574752,75.71428571428571,0.0
682142,FFF,2014J,0.9420595667574752,75.71428571428571,0.0
682358,FFF,2014J,0.7391927461403357,64.0,0.0
682359,FFF,2014J,0.9604846291041567,75.71428571428571,0.0
682482,FFF,2014J,0.9604846291041567,75.71428571428571,0.0
682505,FFF,2014J,0.9420595667574752,75.71428571428571,0.0
682524,FFF,2014J,0.9467004203735536,75.71428571428571,0.0
682546,FFF,2014J,0.783086182166986,56.0,0.0
682565,FFF,2014J,0.9803438384252088,75.71428571428571,8.0
682596,FFF,2014J,0.9420595667574752,75.71428571428571,0.0
682617,FFF,2014J,0.9420595667574752,75.71428571428571,0.0
682671,FFF,2014J,0.7770406044143683,60.0,0.0
682719,FFF,2014J,0.9420595667574752,75.71428571428571,0.0
683144,FFF,2014J,0.9420595667574752,75.71428571428571,0.0
683243,FFF,2014J,0.7630444229472074,59.083333333333336,0.0
683360,FFF,2014J,0.9604846291041567,75.71428571428571,0.0
683427,FFF,2014J,0.9420595667574752,75.71428571428571,0.0
683446,FFF,2014J,0.7740227319954056,56.0,0.0
683508,FFF,2014J,0.7721841954381894,57.5,0.0
683547,FFF,2014J,0.9604846291041567,75.71428571428571,0.0
683628,FFF,2014J,0.9420595667574752,75.71428571428571,0.0
683642,FFF,2014J,0.9604846291041567,75.71428571428571,0.0
683912,FFF,2014J,0.9604846291041567,75.71428571428571,0.0
684014,FFF,2014J,0.9604846291041567,75.71428571428571,0.0
684075,FFF,2014J,0.9420595667574752,75.71428571428571,0.0
684313,FFF,2014J,0.9604846291041567,75.71428571428571,0.0
684572,FFF,2014J,0.9604846291041567,75.71428571428571,0.0
684579,FFF,2014J,0.9588064839383145,75.71428571428571,0.0
684676,FFF,2014J,0.9420595667574752,75.71428571428571,0.0
684726,FFF,2014J,0.9420595667574752,75.71428571428571,0.0
684983,FFF,2014J,0.9588064839383145,75.71428571428571,0.0
685105,FFF,2014J,0.7888414289045187,58.27272727272727,0.0
685283,FFF,2014J,0.7701092250486122,58.4,0.0
685330,FFF,2014J,0.800470400401097,36.44444444444444,0.0
685333,FFF,2014J,0.9604846291041567,75.71428571428571,0.0
685367,FFF,2014J,0.756342939229858,57.5,0.0
685439,FFF,2014J,0.9420595667574752,75.71428571428571,0.0
685512,FFF,2014J,0.9604846291041567,75.71428571428571,0.0
685565,FFF,2014J,0.962277938035908,75.71428571428571,0.0
685663,FFF,2014J,0.9545819152472932,75.71428571428571,0.0
685683,FFF,2014J,0.9420595667574752,75.71428571428571,0.0
685802,FFF,2014J,0.9687740005157021,75.71428571428571,103.0
685807,FFF,2014J,0.9604846291041567,75.71428571428571,0.0
685920,FFF,2014J,0.962277938035908,75.71428571428571,0.0
685952,FFF,2014J,0.8194768135001389,56.0,138.0
686100,FFF,2014J,0.9545819152472932,75.71428571428571,0.0
686358,FFF,2014J,0.9604846291041567,75.71428571428571,0.0
686390,FFF,2014J,0.9604846291041567,75.71428571428571,0.0
686448,FFF,2014J,0.7701092250486122,60.0,0.0
686458,FFF,2014J,0.9467004203735536,75.71428571428571,0.0
686760,FFF,2014J,0.9604846291041567,75.71428571428571,0.0
686799,FFF,2014J,0.9545819152472932,75.71428571428571,0.0
686852,FFF,2014J,0.9703505347484379,75.71428571428571,0.0
686869,FFF,2014J,0.9588064839383145,75.71428571428571,0.0
686946,FFF,2014J,0.7114228435733847,61.083333333333336,0.0
687304,FFF,2014J,0.783086182166986,55.75,0.0
687319,FFF,2014J,0.9709370633458453,75.71428571428571,0.0
687345,FFF,2014J,0.7419950609933739,70.33333333333333,84.0
687448,FFF,2014J,0.9604846291041567,75.71428571428571,0.0
687485,FFF,2014J,0.7888414289045187,57.916666666666664,0.0
687747,FFF,2014J,0.9420595667574752,75.71428571428571,0.0
687795,FFF,2014J,0.9604846291041567,75.71428571428571,0.0
687988,FFF,2014J,0.7701092250486122,58.5,0.0
688005,FFF,2014J,0.9420595667574752,75.71428571428571,0.0
688187,FFF,2014J,0.9420595667574752,75.71428571428571,0.0
688203,FFF,2014J,0.9420595667574752,75.71428571428571,0.0
688250,FFF,2014J,0.801477947795166,30.0,0.0
688251,FFF,2014J,0.9604846291041567,75.71428571428571,0.0
688297,FFF,2014J,0.9604846291041567,75.71428571428571,0.0
688326,FFF,2014J,0.9545819152472932,75.71428571428571,0.0
688442,FFF,2014J,0.9420595667574752,75.71428571428571,0.0
688475,FFF,2014J,0.9420595667574752,75.71428571428571,0.0
688509,FFF,2014J,0.9604846291041567,75.71428571428571,0.0
688532,FFF,2014J,0.9467004203735536,75.71428571428571,0.0
688752,FFF,2014J,0.9604846291041567,75.71428571428571,0.0
688891,FFF,2014J,0.7139659748299301,65.75,0.0
688937,FFF,2014J,0.962277938035908,75.71428571428571,0.0
688964,FFF,2014J,0.9604846291041567,75.71428571428571,0.0
689051,FFF,2014J,0.9604846291041567,75.71428571428571,0.0
689290,FFF,2014J,0.9604846291041567,75.71428571428571,0.0
689352,FFF,2014J,0.9722580753855629,75.71428571428571,3.0
689498,FFF,2014J,0.7436232498842731,62.0,0.0
689533,FFF,2014J,0.9604846291041567,75.71428571428571,0.0
689582,FFF,2014J,0.9420595667574752,75.71428571428571,0.0
689585,FFF,2014J,0.962277938035908,75.71428571428571,0.0
689626,FFF,2014J,0.798890187392396,50.0,0.0
689640,FFF,2014J,0.9604846291041567,75.71428571428571,0.0
689747,FFF,2014J,0.962277938035908,75.71428571428571,0.0
689751,FFF,2014J,0.9420595667574752,75.71428571428571,0.0
689761,FFF,2014J,0.9420595667574752,75.71428571428571,0.0
689977,FFF,2014J,0.9604846291041567,75.71428571428571,0.0
690137,FFF,2014J,0.9420595667574752,75.71428571428571,0.0
690174,FFF,2014J,0.9604846291041567,75.71428571428571,0.0
690559,FFF,2014J,0.9604846291041567,75.71428571428571,0.0
690585,FFF,2014J,0.7701092250486122,60.0,0.0
690631,FFF,2014J,0.9803438384252088,75.71428571428571,3.0
690656,FFF,2014J,0.9612096099414275,75.71428571428571,0.0
690687,FFF,2014J,0.9703505347484379,75.71428571428571,0.0
690962,FFF,2014J,0.7307731248383028,73.83333333333333,199.0
691056,FFF,2014J,0.9779798020422612,75.71428571428571,2.0
691177,FFF,2014J,0.8246839731519995,56.0,135.0
691253,FFF,2014J,0.9604846291041567,75.71428571428571,0.0
691288,FFF,2014J,0.9604846291041567,75.71428571428571,0.0
691326,FFF,2014J,0.7109813165659802,61.833333333333336,0.0
691465,FFF,2014J,0.7812476456097699,56.25,0.0
691563,FFF,2014J,0.9604846291041567,75.71428571428571,0.0
692189,FFF,2014J,0.9420595667574752,75.71428571428571,0.0
692219,FFF,2014J,0.7805318425032324,56.0,283.0
692273,FFF,2014J,0.9604846291041567,75.71428571428571,0.0
692740,FFF,2014J,0.9420595667574752,75.71428571428571,0.0
692898,FFF,2014J,0.9420595667574752,75.71428571428571,0.0
692946,FFF,2014J,0.800470400401097,41.666666666666664,0.0
692976,FFF,2014J,0.9604846291041567,75.71428571428571,0.0
693114,FFF,2014J,0.9604846291041567,75.71428571428571,0.0
693223,FFF,2014J,0.9420595667574752,75.71428571428571,0.0
693246,FFF,2014J,0.9604846291041567,75.71428571428571,0.0
693448,FFF,2014J,0.9604846291041567,75.71428571428571,0.0
693519,FFF,2014J,0.7160607694013241,61.0,0.0
693629,FFF,2014J,0.9545819152472932,75.71428571428571,0.0
694059,FFF,2014J,0.9420595667574752,75.71428571428571,0.0
694221,FFF,2014J,0.7740227319954056,55.142857142857146,0.0
694272,FFF,2014J,0.9420595667574752,75.71428571428571,0.0
694415,FFF,2014J,0.9604846291041567,75.71428571428571,0.0
694464,FFF,2014J,0.962277938035908,75.71428571428571,0.0
694536,FFF,2014J,0.8666611946072196,44.0,100.0
694669,FFF,2014J,0.9732746996012497,75.71428571428571,0.0
694715,FFF,2014J,0.9703505347484379,75.71428571428571,0.0
694836,FFF,2014J,0.7701092250486122,59.833333333333336,0.0
695220,FFF,2014J,0.7382238655404619,66.0,0.0
695369,FFF,2014J,0.8313722980957964,39.5,413.0
695380,FFF,2014J,0.9604846291041567,75.71428571428571,0.0
695416,FFF,2014J,0.9709370633458453,75.71428571428571,0.0
695449,FFF,2014J,0.9604846291041567,75.71428571428571,0.0
695574,FFF,2014J,0.962277938035908,75.71428571428571,0.0
695764,FFF,2014J,0.9709523573765612,75.71428571428571,0.0
695879,FFF,2014J,0.798890187392396,48.0,0.0
695964,FFF,2014J,0.798890187392396,50.0,0.0
696039,FFF,2014J,0.7740227319954056,55.6,0.0
696071,FFF,2014J,0.7124088175032962,63.2,0.0
696091,FFF,2014J,0.9420595667574752,75.71428571428571,0.0
696253,FFF,2014J,0.9716235341701983,75.71428571428571,2.0
696276,FFF,2014J,0.9420595667574752,75.71428571428571,0.0
696456,FFF,2014J,0.7943082184600523,46.0,0.0
696664,FFF,2014J,0.9604846291041567,75.71428571428571,0.0
696666,FFF,2014J,0.7669058569969225,57.666666666666664,0.0
696943,FFF,2014J,0.962277938035908,75.71428571428571,0.0
696981,FFF,2014J,0.9420595667574752,75.71428571428571,0.0
696985,FFF,2014J,0.9604846291041567,75.71428571428571,0.0
697160,FFF,2014J,0.7792247481172712,56.0,0.0
697204,FFF,2014J,0.9467004203735536,75.71428571428571,0.0
697215,FFF,2014J,0.9420595667574752,75.71428571428571,0.0
697257,FFF,2014J,0.9604846291041567,75.71428571428571,0.0
697529,FFF,2014J,0.9420595667574752,75.71428571428571,0.0
697554,FFF,2014J,0.9803438384252088,75.71428571428571,2.0
697581,FFF,2014J,0.9420595667574752,75.71428571428571,0.0
697665,FFF,2014J,0.7966534583482704,46.0,0.0
698020,FFF,2014J,0.801477947795166,8.0,0.0
698112,FFF,2014J,0.7955691369681623,58.0,191.0
698157,FFF,2014J,0.9612096099414275,75.71428571428571,0.0
698193,FFF,2014J,0.7600170117918816,60.0,0.0
698233,FFF,2014J,0.9588064839383145,75.71428571428571,0.0
698237,FFF,2014J,0.9420595667574752,75.71428571428571,0.0
698407,FFF,2014J,0.7740227319954056,56.0,0.0
699127,FFF,2014J,0.7109813165659802,61.166666666666664,0.0
884652,FFF,2014J,0.7172876926792179,74.0,0.0
900936,FFF,2014J,0.9604846291041567,75.71428571428571,0.0
1021350,FFF,2014J,0.7109813165659802,61.333333333333336,0.0
1409532,FFF,2014J,0.78653444419306,52.5,0.0
1413902,FFF,2014J,0.7197839739183937,60.5,0.0
1449171,FFF,2014J,0.9420595667574752,75.71428571428571,0.0
1537796,FFF,2014J,0.9420595667574752,75.71428571428571,0.0
1629444,FFF,2014J,0.9732746996012497,75.71428571428571,0.0
1683192,FFF,2014J,0.7164647855916112,68.0,0.0
1745145,FFF,2014J,0.9467004203735536,75.71428571428571,0.0
1765045,FFF,2014J,0.760458538799286,60.0,0.0
1766102,FFF,2014J,0.9604846291041567,75.71428571428571,0.0
1818385,FFF,2014J,0.7175993949784565,73.45454545454545,0.0
1871684,FFF,2014J,0.7186419345009938,66.0,0.0
1873360,FFF,2014J,0.9420595667574752,75.71428571428571,0.0
1895399,FFF,2014J,0.9703505347484379,75.71428571428571,0.0
1929219,FFF,2014J,0.9604890193424273,75.71428571428571,0.0
1944167,FFF,2014J,0.7701092250486122,57.666666666666664,0.0
1961652,FFF,2014J,0.8062527612985454,55.0,0.0
1972368,FFF,2014J,0.9420595667574752,75.71428571428571,0.0
2071670,FFF,2014J,0.9604846291041567,75.71428571428571,0.0
2088982,FFF,2014J,0.8242138864211505,47.5,0.0
2113446,FFF,2014J,0.9420595667574752,75.71428571428571,0.0
2128283,FFF,2014J,0.7012095824355039,73.66666666666667,0.0
2137697,FFF,2014J,0.9604846291041567,75.71428571428571,0.0
2146013,FFF,2014J,0.9738691367050006,75.71428571428571,0.0
2161710,FFF,2014J,0.8158976591593101,52.333333333333336,0.0
2182293,FFF,2014J,0.962277938035908,75.71428571428571,0.0
2195853,FFF,2014J,0.8031287481171971,51.6,0.0
2223401,FFF,2014J,0.7669058569969225,58.0,0.0
2268069,FFF,2014J,0.9420595667574752,75.71428571428571,0.0
2332934,FFF,2014J,0.7520496333934337,66.63636363636364,0.0
2342045,FFF,2014J,0.9467004203735536,75.71428571428571,0.0
2371481,FFF,2014J,0.9588064839383145,75.71428571428571,0.0
2398260,FFF,2014J,0.9703505347484379,75.71428571428571,0.0
2417433,FFF,2014J,0.8082082653159013,56.25,0.0
2424257,FFF,2014J,0.800470400401097,39.833333333333336,0.0
2449490,FFF,2014J,0.7129104563204253,66.0,0.0
2462281,FFF,2014J,0.9576631785037318,75.71428571428571,0.0
2463282,FFF,2014J,0.8375168165092348,40.0,0.0
2468232,FFF,2014J,0.7735562637316568,70.5,0.0
2470326,FFF,2014J,0.8685873854819048,20.25,678.0
2486215,FFF,2014J,0.9703505347484379,75.71428571428571,0.0
2497090,FFF,2014J,0.9604846291041567,75.71428571428571,0.0
2509531,FFF,2014J,0.9604846291041567,75.71428571428571,0.0
2521574,FFF,2014J,0.9588064839383145,75.71428571428571,0.0
2535160,FFF,2014J,0.9420595667574752,75.71428571428571,0.0
2537777,FFF,2014J,0.8343629754921598,51.0,0.0
2540871,FFF,2014J,0.7530901162633659,60.166666666666664,0.0
2558365,FFF,2014J,0.7516288359036986,63.714285714285715,274.0
2586748,FFF,2014J,0.9678026791059454,75.71428571428571,24.0
2602253,FFF,2014J,0.9420595667574752,75.71428571428571,0.0
2613827,FFF,2014J,0.9679523038968979,75.71428571428571,0.0
2622634,FFF,2014J,0.9604890193424273,75.71428571428571,0.0
2626417,FFF,2014J,0.725386145552915,76.0,0.0
2642532,FFF,2014J,0.7605159488845953,61.833333333333336,0.0
2649121,FFF,2014J,0.9703505347484379,75.71428571428571,0.0
2652532,FFF,2014J,0.9604890193424273,75.71428571428571,0.0
2657913,FFF,2014J,0.7270442617717501,65.75,0.0
2661012,FFF,2014J,0.9604846291041567,75.71428571428571,0.0
2686035,FFF,2014J,0.7781826090553327,57.0,0.0
2687012,FFF,2014J,0.9669165242929424,75.71428571428571,0.0
2694139,FFF,2014J,0.7774709940214796,54.333333333333336,0.0
2697921,FFF,2014J,0.7012095824355039,74.375,0.0
2702660,FFF,2014J,0.9709370633458453,75.71428571428571,0.0
75442,GGG,2013J,0.9325408288639665,75.71428571428571,0.0
121056,GGG,2013J,0.7585441926463236,45.0,0.0
122636,GGG,2013J,0.7585441926463236,45.0,0.0
122846,GGG,2013J,0.7436976480796541,54.857142857142854,0.0
135331,GGG,2013J,0.9331038009656868,75.71428571428571,0.0
142990,GGG,2013J,0.7355266834327183,51.666666666666664,0.0
268391,GGG,2013J,0.7108649346997862,59.875,0.0
308634,GGG,2013J,0.9325408288639665,75.71428571428571,0.0
313070,GGG,2013J,0.9325408288639665,75.71428571428571,0.0
325909,GGG,2013J,0.9325408288639665,75.71428571428571,0.0
379113,GGG,2013J,0.7356010397011206,58.57142857142857,0.0
393451,GGG,2013J,0.9325408288639665,75.71428571428571,0.0
395954,GGG,2013J,0.9325408288639665,75.71428571428571,0.0
411105,GGG,2013J,0.7076322599925718,65.1,64.0
417220,GGG,2013J,0.9331038009656868,75.71428571428571,0.0
434478,GGG,2013J,0.7108649346997862,60.0,0.0
465724,GGG,2013J,0.9325408288639665,75.71428571428571,0.0
474272,GGG,2013J,0.940948463436041,75.71428571428571,0.0
477165,GGG,2013J,0.9325408288639665,75.71428571428571,0.0
479595,GGG,2013J,0.9325408288639665,75.71428571428571,0.0
481772,GGG,2013J,0.7600170117918816,60.0,0.0
483123,GGG,2013J,0.9325408288639665,75.71428571428571,0.0
483158,GGG,2013J,0.9325408288639665,75.71428571428571,0.0
488853,GGG,2013J,0.9325408288639665,75.71428571428571,0.0
496224,GGG,2013J,0.9545819152472932,75.71428571428571,0.0
505503,GGG,2013J,0.9325408288639665,75.71428571428571,0.0
510737,GGG,2013J,0.7569194876407341,49.25,0.0
519185,GGG,2013J,0.9325408288639665,75.71428571428571,0.0
522731,GGG,2013J,0.7395145466479138,55.375,0.0
523419,GGG,2013J,0.9325408288639665,75.71428571428571,0.0
530826,GGG,2013J,0.9545819152472932,75.71428571428571,0.0
537670,GGG,2013J,0.7148252404591395,65.375,0.0
543557,GGG,2013J,0.9325408288639665,75.71428571428571,0.0
545313,GGG,2013J,0.9331038009656868,75.71428571428571,0.0
546754,GGG,2013J,0.9325408288639665,75.71428571428571,0.0
547440,GGG,2013J,0.9325408288639665,75.71428571428571,0.0
551545,GGG,2013J,0.9325408288639665,75.71428571428571,0.0
557031,GGG,2013J,0.7569194876407341,50.0,0.0
563612,GGG,2013J,0.7436976480796541,54.0,0.0
564190,GGG,2013J,0.9467004203735536,75.71428571428571,0.0
566153,GGG,2013J,0.9325408288639665,75.71428571428571,0.0
566603,GGG,2013J,0.909419815092044,75.71428571428571,0.0
567831,GGG,2013J,0.9325408288639665,75.71428571428571,0.0
567987,GGG,2013J,0.9545819152472932,75.71428571428571,0.0
568118,GGG,2013J,0.7533985368082832,33.333333333333336,0.0
569381,GGG,2013J,0.9420595667574752,75.71428571428571,0.0
569595,GGG,2013J,0.7255545532793671,55.0,0.0
571359,GGG,2013J,0.9325408288639665,75.71428571428571,0.0
571768,GGG,2013J,0.7505017099513435,51.875,0.0
571787,GGG,2013J,0.9545819152472932,75.71428571428571,0.0
571896,GGG,2013J,0.9325408288639665,75.71428571428571,0.0
573510,GGG,2013J,0.9325408288639665,75.71428571428571,0.0
573554,GGG,2013J,0.7376760100906976,56.25,0.0
574504,GGG,2013J,0.9325408288639665,75.71428571428571,0.0
574642,GGG,2013J,0.7395145466479138,56.0,0.0
575000,GGG,2013J,0.7255545532793671,55.0,0.0
575080,GGG,2013J,0.7108649346997862,60.0,0.0
575454,GGG,2013J,0.7307226099612895,52.5,0.0
575488,GGG,2013J,0.7569194876407341,48.42857142857143,0.0
575691,GGG,2013J,0.9325408288639665,75.71428571428571,0.0
576141,GGG,2013J,0.9325408288639665,75.71428571428571,0.0
576143,GGG,2013J,0.7505017099513435,51.42857142857143,0.0
576425,GGG,2013J,0.7190426077719717,59.285714285714285,0.0
576447,GGG,2013J,0.9325408288639665,75.71428571428571,0.0
577439,GGG,2013J,0.9325408288639665,75.71428571428571,0.0
577456,GGG,2013J,0.9325408288639665,75.71428571428571,0.0
577827,GGG,2013J,0.9582867198052278,75.71428571428571,0.0
578378,GGG,2013J,0.7190426077719717,59.333333333333336,0.0
578555,GGG,2013J,0.9325408288639665,75.71428571428571,0.0
578781,GGG,2013J,0.9331038009656868,75.71428571428571,0.0
578941,GGG,2013J,0.9325408288639665,75.71428571428571,0.0
578977,GGG,2013J,0.9325408288639665,75.71428571428571,0.0
579309,GGG,2013J,0.7618663279945017,35.0,0.0
580095,GGG,2013J,0.9325408288639665,75.71428571428571,0.0
580669,GGG,2013J,0.9325408288639665,75.71428571428571,0.0
580925,GGG,2013J,0.9325408288639665,75.71428571428571,0.0
581510,GGG,2013J,0.7505017099513435,51.25,0.0
581606,GGG,2013J,0.9420595667574752,75.71428571428571,0.0
582005,GGG,2013J,0.7760492785159792,60.0,0.0
582039,GGG,2013J,0.9325408288639665,75.71428571428571,0.0
582710,GGG,2013J,0.9325408288639665,75.71428571428571,0.0
583827,GGG,2013J,0.7436976480796541,55.0,0.0
584442,GGG,2013J,0.7611695985985178,37.0,0.0
584512,GGG,2013J,0.9325408288639665,75.71428571428571,0.0
584836,GGG,2013J,0.9325408288639665,75.71428571428571,0.0
584850,GGG,2013J,0.9325408288639665,75.71428571428571,0.0
585236,GGG,2013J,0.7395145466479138,55.375,0.0
585297,GGG,2013J,0.9325408288639665,75.71428571428571,0.0
585801,GGG,2013J,0.7436976480796541,55.0,0.0
585841,GGG,2013J,0.9325408288639665,75.71428571428571,0.0
586083,GGG,2013J,0.7436976480796541,55.0,0.0
586120,GGG,2013J,0.7966534583482704,45.0,0.0
586524,GGG,2013J,0.9325408288639665,75.71428571428571,0.0
586563,GGG,2013J,0.9325408288639665,75.71428571428571,0.0
586814,GGG,2013J,0.9331038009656868,75.71428571428571,0.0
587283,GGG,2013J,0.7356010397011206,58.0,0.0
587478,GGG,2013J,0.9325408288639665,75.71428571428571,0.0
588133,GGG,2013J,0.9325408288639665,75.71428571428571,0.0
588469,GGG,2013J,0.9325408288639665,75.71428571428571,0.0
588963,GGG,2013J,0.7569194876407341,50.0,0.0
589691,GGG,2013J,0.7585441926463236,45.0,0.0
589734,GGG,2013J,0.7505017099513435,50.714285714285715,0.0
589744,GGG,2013J,0.7342193912897176,60.333333333333336,0.0
589927,GGG,2013J,0.9325408288639665,75.71428571428571,0.0
590028,GGG,2013J,0.7108649346997862,60.0,0.0
590248,GGG,2013J,0.7190426077719717,59.375,0.0
590353,GGG,2013J,0.9325408288639665,75.71428571428571,0.0
590835,GGG,2013J,0.9325408288639665,75.71428571428571,0.0
591294,GGG,2013J,0.9325408288639665,75.71428571428571,0.0
591321,GGG,2013J,0.7356010397011206,57.857142857142854,0.0
591464,GGG,2013J,0.9325408288639665,75.71428571428571,0.0
591819,GGG,2013J,0.9325408288639665,75.71428571428571,0.0
591822,GGG,2013J,0.9325408288639665,75.71428571428571,0.0
592448,GGG,2013J,0.9325408288639665,75.71428571428571,0.0
593013,GGG,2013J,0.9325408288639665,75.71428571428571,0.0
593337,GGG,2013J,0.9545819152472932,75.71428571428571,0.0
593438,GGG,2013J,0.7436976480796541,53.333333333333336,0.0
594185,GGG,2013J,0.7505017099513435,51.0,0.0
594450,GGG,2013J,0.7436976480796541,53.333333333333336,0.0
594727,GGG,2013J,0.9325408288639665,75.71428571428571,0.0
594816,GGG,2013J,0.9325408288639665,75.71428571428571,0.0
595501,GGG,2013J,0.7569194876407341,50.0,0.0
596089,GGG,2013J,0.7436976480796541,52.77777777777778,0.0
596618,GGG,2013J,0.9325408288639665,75.71428571428571,0.0
596636,GGG,2013J,0.7505017099513435,50.714285714285715,0.0
596819,GGG,2013J,0.9325408288639665,75.71428571428571,0.0
597023,GGG,2013J,0.9325408288639665,75.71428571428571,0.0
597289,GGG,2013J,0.9325408288639665,75.71428571428571,0.0
598226,GGG,2013J,0.7527018074122993,41.666666666666664,0.0
598406,GGG,2013J,0.9325408288639665,75.71428571428571,0.0
598546,GGG,2013J,0.7585441926463236,45.0,0.0
598731,GGG,2013J,0.7436976480796541,55.0,0.0
598923,GGG,2013J,0.7376760100906976,56.5,0.0
599000,GGG,2013J,0.9325408288639665,75.71428571428571,0.0
599267,GGG,2013J,0.7234316777921548,59.0,0.0
599499,GGG,2013J,0.9331038009656868,75.71428571428571,0.0
599503,GGG,2013J,0.9325408288639665,75.71428571428571,0.0
599553,GGG,2013J,0.9325408288639665,75.71428571428571,0.0
600032,GGG,2013J,0.940948463436041,75.71428571428571,0.0
600273,GGG,2013J,0.9325408288639665,75.71428571428571,0.0
600325,GGG,2013J,0.9325408288639665,75.71428571428571,0.0
600566,GGG,2013J,0.7701092250486122,60.0,0.0
600906,GGG,2013J,0.7436976480796541,55.0,0.0
601122,GGG,2013J,0.9325408288639665,75.71428571428571,0.0
601239,GGG,2013J,0.9325408288639665,75.71428571428571,0.0
601280,GGG,2013J,0.9325408288639665,75.71428571428571,0.0
601414,GGG,2013J,0.9325408288639665,75.71428571428571,0.0
601529,GGG,2013J,0.9325408288639665,75.71428571428571,0.0
601576,GGG,2013J,0.7376760100906976,56.6,0.0
601581,GGG,2013J,0.9325408288639665,75.71428571428571,0.0
601645,GGG,2013J,0.7505017099513435,50.44444444444444,0.0
601892,GGG,2013J,0.9325408288639665,75.71428571428571,0.0
601914,GGG,2013J,0.9325408288639665,75.71428571428571,0.0
602004,GGG,2013J,0.9582867198052278,75.71428571428571,0.0
602026,GGG,2013J,0.9325408288639665,75.71428571428571,0.0
602175,GGG,2013J,0.7826730101433451,54.0,0.0
602607,GGG,2013J,0.7527018074122993,40.0,0.0
602768,GGG,2013J,0.7436976480796541,55.0,0.0
602997,GGG,2013J,0.9420595667574752,75.71428571428571,0.0
603573,GGG,2013J,0.9325408288639665,75.71428571428571,0.0
603827,GGG,2013J,0.9325408288639665,75.71428571428571,0.0
604471,GGG,2013J,0.7108649346997862,60.0,0.0
604534,GGG,2013J,0.7618663279945017,35.5,0.0
605939,GGG,2013J,0.9325408288639665,75.71428571428571,0.0
606418,GGG,2013J,0.9325408288639665,75.71428571428571,0.0
606497,GGG,2013J,0.9331038009656868,75.71428571428571,0.0
606574,GGG,2013J,0.9325408288639665,75.71428571428571,0.0
607337,GGG,2013J,0.7569194876407341,49.4,0.0
607514,GGG,2013J,0.7585441926463236,45.0,0.0
607798,GGG,2013J,0.7701092250486122,60.0,0.0
607827,GGG,2013J,0.7436976480796541,55.0,0.0
608114,GGG,2013J,0.9325408288639665,75.71428571428571,0.0
608714,GGG,2013J,0.9331038009656868,75.71428571428571,0.0
609535,GGG,2013J,0.7585441926463236,45.0,0.0
609567,GGG,2013J,0.9325408288639665,75.71428571428571,0.0
609979,GGG,2013J,0.9325408288639665,75.71428571428571,0.0
610016,GGG,2013J,0.9325408288639665,75.71428571428571,0.0
610380,GGG,2013J,0.7569194876407341,48.111111111111114,0.0
610530,GGG,2013J,0.7376760100906976,56.666666666666664,0.0
610573,GGG,2013J,0.7585441926463236,45.0,0.0
610738,GGG,2013J,0.9325408288639665,75.71428571428571,0.0
611058,GGG,2013J,0.7436976480796541,55.0,0.0
611138,GGG,2013J,0.9325408288639665,75.71428571428571,0.0
611331,GGG,2013J,0.9325408288639665,75.71428571428571,0.0
1516666,GGG,2013J,0.9325408288639665,75.71428571428571,0.0
1537673,GGG,2013J,0.9325408288639665,75.71428571428571,0.0
1615575,GGG,2013J,0.9325408288639665,75.71428571428571,0.0
1828078,GGG,2013J,0.9331038009656868,75.71428571428571,0.0
1932526,GGG,2013J,0.9325408288639665,75.71428571428571,0.0
1953764,GGG,2013J,0.9325408288639665,75.71428571428571,0.0
1986974,GGG,2013J,0.9420595667574752,75.71428571428571,0.0
2002057,GGG,2013J,0.9325408288639665,75.71428571428571,0.0
2048119,GGG,2013J,0.9325408288639665,75.71428571428571,0.0
2067146,GGG,2013J,0.7585441926463236,45.0,0.0
2152928,GGG,2013J,0.9325408288639665,75.71428571428571,0.0
2237783,GGG,2013J,0.9325408288639665,75.71428571428571,0.0
2248779,GGG,2013J,0.9325408288639665,75.71428571428571,0.0
2349926,GGG,2013J,0.9325408288639665,75.71428571428571,0.0
2365602,GGG,2013J,0.7436976480796541,53.0,0.0
2440133,GGG,2013J,0.9325408288639665,75.71428571428571,0.0
2464917,GGG,2013J,0.9420595667574752,75.71428571428571,0.0
2540288,GGG,2013J,0.9325408288639665,75.71428571428571,0.0
2540450,GGG,2013J,0.9325408288639665,75.71428571428571,0.0
2542342,GGG,2013J,0.9325408288639665,75.71428571428571,0.0
2649341,GGG,2013J,0.9325408288639665,75.71428571428571,0.0
2653027,GGG,2013J,0.9325408288639665,75.71428571428571,0.0
2674822,GGG,2013J,0.9325408288639665,75.71428571428571,0.0
2679694,GGG,2013J,0.7436976480796541,55.0,0.0
38187,GGG,2014B,0.9325408288639665,75.71428571428571,0.0
117969,GGG,2014B,0.9325408288639665,75.71428571428571,0.0
119444,GGG,2014B,0.7163375246056476,62.25,83.0
120611,GGG,2014B,0.7190426077719717,59.333333333333336,0.0
122337,GGG,2014B,0.7356010397011206,58.5,0.0
146192,GGG,2014B,0.9604890193424273,75.71428571428571,0.0
164451,GGG,2014B,0.9545819152472932,75.71428571428571,0.0
165898,GGG,2014B,0.9331038009656868,75.71428571428571,0.0
168845,GGG,2014B,0.9325408288639665,75.71428571428571,0.0
178935,GGG,2014B,0.9325408288639665,75.71428571428571,0.0
191235,GGG,2014B,0.9325408288639665,75.71428571428571,0.0
198315,GGG,2014B,0.9576631785037318,75.71428571428571,0.0
204550,GGG,2014B,0.9325408288639665,75.71428571428571,0.0
233461,GGG,2014B,0.9325408288639665,75.71428571428571,0.0
279839,GGG,2014B,0.7569194876407341,50.0,0.0
285223,GGG,2014B,0.9325408288639665,75.71428571428571,0.0
285861,GGG,2014B,0.9325408288639665,75.71428571428571,0.0
304106,GGG,2014B,0.9331038009656868,75.71428571428571,0.0
345737,GGG,2014B,0.9576631785037318,75.71428571428571,0.0
345881,GGG,2014B,0.7012095824355039,73.33333333333333,0.0
350473,GGG,2014B,0.9331038009656868,75.71428571428571,0.0
366371,GGG,2014B,0.7395145466479138,56.111111111111114,0.0
380894,GGG,2014B,0.7108649346997862,59.888888888888886,0.0
383420,GGG,2014B,0.7164647855916112,67.44444444444444,0.0
398029,GGG,2014B,0.9325408288639665,75.71428571428571,0.0
399120,GGG,2014B,0.9325408288639665,75.71428571428571,0.0
401909,GGG,2014B,0.9331038009656868,75.71428571428571,0.0
411546,GGG,2014B,0.9604890193424273,75.71428571428571,0.0
415399,GGG,2014B,0.9604890193424273,75.71428571428571,0.0
442618,GGG,2014B,0.9325408288639665,75.71428571428571,0.0
469284,GGG,2014B,0.9325408288639665,75.71428571428571,0.0
481762,GGG,2014B,0.7039543601561269,71.44444444444444,0.0
491607,GGG,2014B,0.9325408288639665,75.71428571428571,0.0
502763,GGG,2014B,0.7774709940214796,54.57142857142857,0.0
503201,GGG,2014B,0.9325408288639665,75.71428571428571,0.0
511492,GGG,2014B,0.8063064685621183,55.0,0.0
523427,GGG,2014B,0.7108649346997862,60.0,0.0
532473,GGG,2014B,0.9331038009656868,75.71428571428571,0.0
542562,GGG,2014B,0.8016705182470807,64.7,122.0
549603,GGG,2014B,0.9325408288639665,75.71428571428571,0.0
551562,GGG,2014B,0.7039543601561269,70.71428571428571,0.0
553640,GGG,2014B,0.9325408288639665,75.71428571428571,0.0
561441,GGG,2014B,0.7012095824355039,74.0,0.0
568572,GGG,2014B,0.9545819152472932,75.71428571428571,0.0
568863,GGG,2014B,0.9325408288639665,75.71428571428571,0.0
576416,GGG,2014B,0.9325408288639665,75.71428571428571,0.0
576658,GGG,2014B,0.9545819152472932,75.71428571428571,0.0
577474,GGG,2014B,0.9604846291041567,75.71428571428571,0.0
579692,GGG,2014B,0.70106692532144,69.44444444444444,0.0
582033,GGG,2014B,0.9325408288639665,75.71428571428571,0.0
583686,GGG,2014B,0.7356010397011206,58.0,0.0
583687,GGG,2014B,0.9656809029062832,75.71428571428571,0.0
587287,GGG,2014B,0.7349325355830925,65.0,0.0
587613,GGG,2014B,0.8260116662691857,43.0,0.0
588031,GGG,2014B,0.8044679320049021,56.77777777777778,0.0
588940,GGG,2014B,0.7082425562250334,68.66666666666667,0.0
589973,GGG,2014B,0.7124088175032962,63.142857142857146,0.0
590739,GGG,2014B,0.9325408288639665,75.71428571428571,0.0
590758,GGG,2014B,0.9325408288639665,75.71428571428571,0.0
594908,GGG,2014B,0.8137791281479809,52.0,0.0
596307,GGG,2014B,0.9325408288639665,75.71428571428571,0.0
598127,GGG,2014B,0.7611695985985178,41.666666666666664,0.0
598496,GGG,2014B,0.7966878938112417,60.0,0.0
598564,GGG,2014B,0.7356010397011206,58.333333333333336,0.0
599277,GGG,2014B,0.9325408288639665,75.71428571428571,0.0
599467,GGG,2014B,0.7082425562250334,69.28571428571429,0.0
600390,GGG,2014B,0.9331038009656868,75.71428571428571,0.0
602061,GGG,2014B,0.7082425562250334,68.57142857142857,0.0
602616,GGG,2014B,0.9588064839383145,75.71428571428571,0.0
602858,GGG,2014B,0.9325408288639665,75.71428571428571,0.0
602997,GGG,2014B,0.9604890193424273,75.71428571428571,0.0
603124,GGG,2014B,0.9325408288639665,75.71428571428571,0.0
603612,GGG,2014B,0.7039543601561269,71.0,0.0
604482,GGG,2014B,0.9604890193424273,75.71428571428571,0.0
605176,GGG,2014B,0.7966534583482704,45.0,0.0
605375,GGG,2014B,0.8031002963934222,55.0,0.0
605556,GGG,2014B,0.7039543601561269,71.88888888888889,0.0
606274,GGG,2014B,0.9604890193424273,75.71428571428571,0.0
606602,GGG,2014B,0.9604890193424273,75.71428571428571,0.0
606705,GGG,2014B,0.9325408288639665,75.71428571428571,0.0
607738,GGG,2014B,0.9325408288639665,75.71428571428571,0.0
608109,GGG,2014B,0.7376760100906976,56.25,0.0
608221,GGG,2014B,0.7395145466479138,55.55555555555556,0.0
608596,GGG,2014B,0.7267441444026277,65.71428571428571,0.0
608628,GGG,2014B,0.9325408288639665,75.71428571428571,0.0
608649,GGG,2014B,0.9331038009656868,75.71428571428571,0.0
609365,GGG,2014B,0.9325408288639665,75.71428571428571,0.0
610336,GGG,2014B,0.7966878938112417,59.5,0.0
610461,GGG,2014B,0.9325408288639665,75.71428571428571,0.0
610967,GGG,2014B,0.7356010397011206,58.2,0.0
611351,GGG,2014B,0.9325408288639665,75.71428571428571,0.0
611534,GGG,2014B,0.7349325355830925,65.0,0.0
612039,GGG,2014B,0.7376760100906976,56.888888888888886,0.0
612089,GGG,2014B,0.7436976480796541,54.375,0.0
612149,GGG,2014B,0.9325408288639665,75.71428571428571,0.0
612207,GGG,2014B,0.9325408288639665,75.71428571428571,0.0
612363,GGG,2014B,0.762177145992587,0.0,0.0
612385,GGG,2014B,0.9325408288639665,75.71428571428571,0.0
612459,GGG,2014B,0.9325408288639665,75.71428571428571,0.0
612620,GGG,2014B,0.9325408288639665,75.71428571428571,0.0
612709,GGG,2014B,0.9331038009656868,75.71428571428571,0.0
612711,GGG,2014B,0.9325408288639665,75.71428571428571,0.0
613227,GGG,2014B,0.9325408288639665,75.71428571428571,0.0
613407,GGG,2014B,0.9325408288639665,75.71428571428571,0.0
613611,GGG,2014B,0.7569194876407341,50.0,0.0
614073,GGG,2014B,0.9325408288639665,75.71428571428571,0.0
614129,GGG,2014B,0.7356010397011206,58.0,0.0
614142,GGG,2014B,0.7395145466479138,56.0,0.0
614233,GGG,2014B,0.7108649346997862,60.0,0.0
614262,GGG,2014B,0.9325408288639665,75.71428571428571,0.0
615103,GGG,2014B,0.7585441926463236,47.111111111111114,0.0
615283,GGG,2014B,0.7356010397011206,57.55555555555556,0.0
615401,GGG,2014B,0.9331038009656868,75.71428571428571,0.0
615487,GGG,2014B,0.9545819152472932,75.71428571428571,0.0
617107,GGG,2014B,0.9325408288639665,75.71428571428571,0.0
617346,GGG,2014B,0.9325408288639665,75.71428571428571,0.0
617347,GGG,2014B,0.9325408288639665,75.71428571428571,0.0
617745,GGG,2014B,0.7616297378131479,54.22222222222222,0.0
617883,GGG,2014B,0.9325408288639665,75.71428571428571,0.0
617889,GGG,2014B,0.7395145466479138,56.0,0.0
618024,GGG,2014B,0.9325408288639665,75.71428571428571,0.0
618119,GGG,2014B,0.9325408288639665,75.71428571428571,0.0
618444,GGG,2014B,0.9325408288639665,75.71428571428571,0.0
618580,GGG,2014B,0.9331038009656868,75.71428571428571,0.0
619107,GGG,2014B,0.9331038009656868,75.71428571428571,0.0
619284,GGG,2014B,0.9325408288639665,75.71428571428571,0.0
619478,GGG,2014B,0.7569194876407341,47.857142857142854,0.0
620564,GGG,2014B,0.7108649346997862,59.666666666666664,0.0
620728,GGG,2014B,0.7436976480796541,55.0,0.0
620956,GGG,2014B,0.9331038009656868,75.71428571428571,0.0
621017,GGG,2014B,0.7108649346997862,60.0,0.0
621025,GGG,2014B,0.9325408288639665,75.71428571428571,0.0
621676,GGG,2014B,0.9325408288639665,75.71428571428571,0.0
621693,GGG,2014B,0.7585441926463236,45.0,0.0
622252,GGG,2014B,0.9325408288639665,75.71428571428571,0.0
622356,GGG,2014B,0.9325408288639665,75.71428571428571,0.0
622387,GGG,2014B,0.9331038009656868,75.71428571428571,0.0
622482,GGG,2014B,0.9325408288639665,75.71428571428571,0.0
622516,GGG,2014B,0.7108649346997862,60.0,0.0
622618,GGG,2014B,0.9325408288639665,75.71428571428571,0.0
622886,GGG,2014B,0.9331038009656868,75.71428571428571,0.0
623029,GGG,2014B,0.7618663279945017,35.5,0.0
623233,GGG,2014B,0.9325408288639665,75.71428571428571,0.0
623418,GGG,2014B,0.9325408288639665,75.71428571428571,0.0
623909,GGG,2014B,0.9325408288639665,75.71428571428571,0.0
624199,GGG,2014B,0.9325408288639665,75.71428571428571,0.0
624297,GGG,2014B,0.9545819152472932,75.71428571428571,0.0
624430,GGG,2014B,0.9325408288639665,75.71428571428571,0.0
624455,GGG,2014B,0.9325408288639665,75.71428571428571,0.0
624522,GGG,2014B,0.7108649346997862,59.77777777777778,0.0
624650,GGG,2014B,0.7108649346997862,60.0,0.0
624828,GGG,2014B,0.7611695985985178,40.0,0.0
624912,GGG,2014B,0.7395145466479138,56.111111111111114,0.0
624940,GGG,2014B,0.9545819152472932,75.71428571428571,0.0
625079,GGG,2014B,0.9545819152472932,75.71428571428571,0.0
625399,GGG,2014B,0.9325408288639665,75.71428571428571,0.0
625540,GGG,2014B,0.7611695985985178,41.0,0.0
626096,GGG,2014B,0.9325408288639665,75.71428571428571,0.0
626213,GGG,2014B,0.9325408288639665,75.71428571428571,0.0
626751,GGG,2014B,0.9325408288639665,75.71428571428571,0.0
626927,GGG,2014B,0.7376760100906976,56.5,0.0
626940,GGG,2014B,0.9325408288639665,75.71428571428571,0.0
627043,GGG,2014B,0.9325408288639665,75.71428571428571,0.0
627050,GGG,2014B,0.7108649346997862,59.666666666666664,0.0
627057,GGG,2014B,0.7395145466479138,56.0,0.0
627076,GGG,2014B,0.9331038009656868,75.71428571428571,0.0
627441,GGG,2014B,0.7436976480796541,55.0,0.0
628189,GGG,2014B,0.7630444229472074,58.333333333333336,0.0
628245,GGG,2014B,0.9325408288639665,75.71428571428571,0.0
628365,GGG,2014B,0.9325408288639665,75.71428571428571,0.0
628538,GGG,2014B,0.9325408288639665,75.71428571428571,0.0
628653,GGG,2014B,0.9325408288639665,75.71428571428571,0.0
628849,GGG,2014B,0.9545819152472932,75.71428571428571,0.0
628851,GGG,2014B,0.762177145992587,5.0,0.0
629387,GGG,2014B,0.9325408288639665,75.71428571428571,0.0
629537,GGG,2014B,0.9325408288639665,75.71428571428571,0.0
629580,GGG,2014B,0.7436976480796541,55.0,0.0
629960,GGG,2014B,0.9325408288639665,75.71428571428571,0.0
629961,GGG,2014B,0.7108649346997862,60.0,0.0
629963,GGG,2014B,0.9420595667574752,75.71428571428571,0.0
629978,GGG,2014B,0.7356010397011206,58.333333333333336,0.0
629990,GGG,2014B,0.9325408288639665,75.71428571428571,0.0
630008,GGG,2014B,0.9325408288639665,75.71428571428571,0.0
630133,GGG,2014B,0.9325408288639665,75.71428571428571,0.0
630156,GGG,2014B,0.9325408288639665,75.71428571428571,0.0
630169,GGG,2014B,0.9331038009656868,75.71428571428571,0.0
630538,GGG,2014B,0.9545819152472932,75.71428571428571,0.0
630571,GGG,2014B,0.9325408288639665,75.71428571428571,0.0
631554,GGG,2014B,0.9325408288639665,75.71428571428571,0.0
631756,GGG,2014B,0.7533985368082832,35.0,0.0
631978,GGG,2014B,0.7505017099513435,52.0,0.0
631992,GGG,2014B,0.9325408288639665,75.71428571428571,0.0
632210,GGG,2014B,0.7569194876407341,50.0,0.0
632267,GGG,2014B,0.9325408288639665,75.71428571428571,0.0
632533,GGG,2014B,0.9325408288639665,75.71428571428571,0.0
632558,GGG,2014B,0.9325408288639665,75.71428571428571,0.0
632633,GGG,2014B,0.9325408288639665,75.71428571428571,0.0
633389,GGG,2014B,0.7195329152904109,57.5,0.0
633436,GGG,2014B,0.9325408288639665,75.71428571428571,0.0
633448,GGG,2014B,0.9325408288639665,75.71428571428571,0.0
633515,GGG,2014B,0.9325408288639665,75.71428571428571,0.0
633569,GGG,2014B,0.9325408288639665,75.71428571428571,0.0
633749,GGG,2014B,0.9325408288639665,75.71428571428571,0.0
633967,GGG,2014B,0.9325408288639665,75.71428571428571,0.0
634027,GGG,2014B,0.7436976480796541,52.75,0.0
634054,GGG,2014B,0.9325408288639665,75.71428571428571,0.0
634311,GGG,2014B,0.7585441926463236,45.0,0.0
634340,GGG,2014B,0.7108649346997862,60.0,0.0
634344,GGG,2014B,0.7355266834327183,51.666666666666664,0.0
634461,GGG,2014B,0.7355266834327183,51.5,0.0
634494,GGG,2014B,0.7436976480796541,53.666666666666664,0.0
634498,GGG,2014B,0.7436976480796541,54.888888888888886,0.0
634562,GGG,2014B,0.9325408288639665,75.71428571428571,0.0
634789,GGG,2014B,0.9325408288639665,75.71428571428571,0.0
634822,GGG,2014B,0.7436976480796541,55.0,0.0
634899,GGG,2014B,0.9331038009656868,75.71428571428571,0.0
634933,GGG,2014B,0.9325408288639665,75.71428571428571,0.0
635017,GGG,2014B,0.9420595667574752,75.71428571428571,0.0
635885,GGG,2014B,0.7456976364799146,52.5,0.0
1338955,GGG,2014B,0.9325408288639665,75.71428571428571,0.0
1986312,GGG,2014B,0.9331038009656868,75.71428571428571,0.0
2011327,GGG,2014B,0.9325408288639665,75.71428571428571,0.0
2322120,GGG,2014B,0.9325408288639665,75.71428571428571,0.0
2410140,GGG,2014B,0.7376760100906976,57.5,0.0
2477545,GGG,2014B,0.9331038009656868,75.71428571428571,0.0
2546763,GGG,2014B,0.9331038009656868,75.71428571428571,0.0
2574822,GGG,2014B,0.9325408288639665,75.71428571428571,0.0
2574825,GGG,2014B,0.7569194876407341,50.0,0.0
2619903,GGG,2014B,0.9325408288639665,75.71428571428571,0.0
91041,GGG,2014J,0.9325408288639665,75.71428571428571,0.0
92103,GGG,2014J,0.9325408288639665,75.71428571428571,0.0
131314,GGG,2014J,0.7356010397011206,58.57142857142857,0.0
140938,GGG,2014J,0.9545819152472932,75.71428571428571,0.0
181251,GGG,2014J,0.7108649346997862,60.0,0.0
260951,GGG,2014J,0.9325408288639665,75.71428571428571,0.0
291937,GGG,2014J,0.9325408288639665,75.71428571428571,0.0
317399,GGG,2014J,0.7527018074122993,40.666666666666664,0.0
342466,GGG,2014J,0.9325408288639665,75.71428571428571,0.0
342946,GGG,2014J,0.7376760100906976,56.375,0.0
350944,GGG,2014J,0.7174579449008337,57.77777777777778,0.0
358341,GGG,2014J,0.7376760100906976,56.666666666666664,0.0
370129,GGG,2014J,0.9325408288639665,75.71428571428571,0.0
378969,GGG,2014J,0.9325408288639665,75.71428571428571,0.0
383608,GGG,2014J,0.9325408288639665,75.71428571428571,0.0
402596,GGG,2014J,0.9420595667574752,75.71428571428571,0.0
415307,GGG,2014J,0.9331038009656868,75.71428571428571,0.0
480914,GGG,2014J,0.9325408288639665,75.71428571428571,0.0
498564,GGG,2014J,0.7533985368082832,35.0,0.0
527039,GGG,2014J,0.9331038009656868,75.71428571428571,0.0
537115,GGG,2014J,0.762177145992587,31.666666666666668,0.0
547334,GGG,2014J,0.7436976480796541,54.0,0.0
554580,GGG,2014J,0.7274587415260448,66.66666666666667,0.0
559366,GGG,2014J,0.7585441926463236,47.5,0.0
559766,GGG,2014J,0.7601970852083071,42.333333333333336,0.0
560643,GGG,2014J,0.7472474461593562,50.0,0.0
561419,GGG,2014J,0.702649703211606,62.25,0.0
568852,GGG,2014J,0.7114228435733847,61.5,0.0
574642,GGG,2014J,0.7973421264488458,56.0,0.0
580717,GGG,2014J,0.9588064839383145,75.71428571428571,0.0
581957,GGG,2014J,0.7569194876407341,50.0,0.0
586861,GGG,2014J,0.9545819152472932,75.71428571428571,0.0
587909,GGG,2014J,0.7517292940220885,42.285714285714285,0.0
595041,GGG,2014J,0.9289057857011686,75.71428571428571,0.0
602360,GGG,2014J,0.8032580362499988,55.875,0.0
603585,GGG,2014J,0.7547362963313233,60.25,0.0
604061,GGG,2014J,0.7955035898916296,57.44444444444444,0.0
609427,GGG,2014J,0.7520671803785125,50.333333333333336,0.0
616704,GGG,2014J,0.9331038009656868,75.71428571428571,0.0
622118,GGG,2014J,0.702649703211606,62.5,0.0
625835,GGG,2014J,0.9325408288639665,75.71428571428571,0.0
627809,GGG,2014J,0.7631588657622187,60.0,0.0
629258,GGG,2014J,0.719805560600753,65.77777777777777,0.0
634785,GGG,2014J,0.9325408288639665,75.71428571428571,0.0
636323,GGG,2014J,0.9325408288639665,75.71428571428571,0.0
636458,GGG,2014J,0.9325408288639665,75.71428571428571,0.0
636718,GGG,2014J,0.9325408288639665,75.71428571428571,0.0
637067,GGG,2014J,0.7052885829918678,58.888888888888886,0.0
637246,GGG,2014J,0.9420595667574752,75.71428571428571,0.0
637993,GGG,2014J,0.7569194876407341,50.0,0.0
638561,GGG,2014J,0.9325408288639665,75.71428571428571,0.0
638621,GGG,2014J,0.9325408288639665,75.71428571428571,0.0
639533,GGG,2014J,0.9325408288639665,75.71428571428571,0.0
639995,GGG,2014J,0.9325408288639665,75.71428571428571,0.0
640654,GGG,2014J,0.9331038009656868,75.71428571428571,0.0
640835,GGG,2014J,0.9325408288639665,75.71428571428571,0.0
641112,GGG,2014J,0.7255545532793671,54.375,0.0
641452,GGG,2014J,0.7585441926463236,46.75,0.0
641504,GGG,2014J,0.9331038009656868,75.71428571428571,0.0
641535,GGG,2014J,0.7108649346997862,60.0,0.0
641766,GGG,2014J,0.9325408288639665,75.71428571428571,0.0
642590,GGG,2014J,0.9325408288639665,75.71428571428571,0.0
642694,GGG,2014J,0.7473858365054282,52.22222222222222,0.0
643085,GGG,2014J,0.9325408288639665,75.71428571428571,0.0
643191,GGG,2014J,0.9331038009656868,75.71428571428571,0.0
643206,GGG,2014J,0.7376760100906976,57.333333333333336,0.0
643525,GGG,2014J,0.7472474461593562,50.0,0.0
643529,GGG,2014J,0.7488721511649455,46.888888888888886,0.0
643659,GGG,2014J,0.7517292940220885,43.0,0.0
643712,GGG,2014J,0.9325408288639665,75.71428571428571,0.0
644191,GGG,2014J,0.9325408288639665,75.71428571428571,0.0
645598,GGG,2014J,0.7356010397011206,58.0,0.0
645801,GGG,2014J,0.7569194876407341,49.22222222222222,0.0
645851,GGG,2014J,0.9325408288639665,75.71428571428571,0.0
646152,GGG,2014J,0.9325408288639665,75.71428571428571,0.0
646401,GGG,2014J,0.9325408288639665,75.71428571428571,0.0
646470,GGG,2014J,0.9325408288639665,75.71428571428571,0.0
646748,GGG,2014J,0.9331038009656868,75.71428571428571,0.0
646801,GGG,2014J,0.9325408288639665,75.71428571428571,0.0
646821,GGG,2014J,0.9325408288639665,75.71428571428571,0.0
646881,GGG,2014J,0.9331038009656868,75.71428571428571,0.0
646889,GGG,2014J,0.9325408288639665,75.71428571428571,0.0
646891,GGG,2014J,0.9420595667574752,75.71428571428571,0.0
647345,GGG,2014J,0.7255545532793671,55.0,0.0
647442,GGG,2014J,0.9325408288639665,75.71428571428571,0.0
647654,GGG,2014J,0.7356010397011206,58.5,0.0
647758,GGG,2014J,0.9331038009656868,75.71428571428571,0.0
648110,GGG,2014J,0.9420595667574752,75.71428571428571,0.0
648115,GGG,2014J,0.9420595667574752,75.71428571428571,0.0
648158,GGG,2014J,0.9325408288639665,75.71428571428571,0.0
648207,GGG,2014J,0.7569194876407341,48.888888888888886,0.0
648257,GGG,2014J,0.7436976480796541,53.333333333333336,0.0
648445,GGG,2014J,0.9325408288639665,75.71428571428571,0.0
649113,GGG,2014J,0.7436976480796541,54.0,0.0
649153,GGG,2014J,0.9325408288639665,75.71428571428571,0.0
649300,GGG,2014J,0.9325408288639665,75.71428571428571,0.0
650023,GGG,2014J,0.7517292940220885,44.0,0.0
650257,GGG,2014J,0.9582867198052278,75.71428571428571,0.0
650263,GGG,2014J,0.9325408288639665,75.71428571428571,0.0
650316,GGG,2014J,0.7436976480796541,53.5,0.0
650388,GGG,2014J,0.7356010397011206,57.77777777777778,0.0
650656,GGG,2014J,0.9325408288639665,75.71428571428571,0.0
650662,GGG,2014J,0.9331038009656868,75.71428571428571,0.0
651210,GGG,2014J,0.7255545532793671,55.0,0.0
651602,GGG,2014J,0.9325408288639665,75.71428571428571,0.0
651748,GGG,2014J,0.9467004203735536,75.71428571428571,0.0
651954,GGG,2014J,0.9582867198052278,75.71428571428571,0.0
652112,GGG,2014J,0.9325408288639665,75.71428571428571,0.0
652364,GGG,2014J,0.9325408288639665,75.71428571428571,0.0
652574,GGG,2014J,0.9331038009656868,75.71428571428571,0.0
652578,GGG,2014J,0.7585441926463236,45.0,0.0
652968,GGG,2014J,0.9325408288639665,75.71428571428571,0.0
653230,GGG,2014J,0.9331038009656868,75.71428571428571,0.0
653249,GGG,2014J,0.9467004203735536,75.71428571428571,0.0
653292,GGG,2014J,0.9325408288639665,75.71428571428571,0.0
653561,GGG,2014J,0.9545819152472932,75.71428571428571,0.0
653601,GGG,2014J,0.9325408288639665,75.71428571428571,0.0
653806,GGG,2014J,0.9325408288639665,75.71428571428571,0.0
654237,GGG,2014J,0.9325408288639665,75.71428571428571,0.0
654321,GGG,2014J,0.7585441926463236,45.0,0.0
654821,GGG,2014J,0.9325408288639665,75.71428571428571,0.0
654916,GGG,2014J,0.9325408288639665,75.71428571428571,0.0
655065,GGG,2014J,0.7436976480796541,55.0,0.0
655625,GGG,2014J,0.9325408288639665,75.71428571428571,0.0
656014,GGG,2014J,0.7569194876407341,50.0,0.0
656111,GGG,2014J,0.9331038009656868,75.71428571428571,0.0
656438,GGG,2014J,0.7376760100906976,56.77777777777778,0.0
656637,GGG,2014J,0.9325408288639665,75.71428571428571,0.0
656970,GGG,2014J,0.9331038009656868,75.71428571428571,0.0
657351,GGG,2014J,0.9325408288639665,75.71428571428571,0.0
674340,GGG,2014J,0.762177145992587,17.0,0.0
674467,GGG,2014J,0.7527018074122993,40.0,0.0
674471,GGG,2014J,0.7611695985985178,41.25,0.0
674640,GGG,2014J,0.7094082090121324,58.666666666666664,0.0
674660,GGG,2014J,0.9420595667574752,75.71428571428571,0.0
674750,GGG,2014J,0.9420595667574752,75.71428571428571,0.0
674983,GGG,2014J,0.9325408288639665,75.71428571428571,0.0
675629,GGG,2014J,0.9325408288639665,75.71428571428571,0.0
675879,GGG,2014J,0.9325408288639665,75.71428571428571,0.0
675880,GGG,2014J,0.9325408288639665,75.71428571428571,0.0
675885,GGG,2014J,0.9325408288639665,75.71428571428571,0.0
675888,GGG,2014J,0.9325408288639665,75.71428571428571,0.0
675996,GGG,2014J,0.9325408288639665,75.71428571428571,0.0
676690,GGG,2014J,0.9331038009656868,75.71428571428571,0.0
676739,GGG,2014J,0.9325408288639665,75.71428571428571,0.0
676742,GGG,2014J,0.9420595667574752,75.71428571428571,0.0
677022,GGG,2014J,0.9325408288639665,75.71428571428571,0.0
677150,GGG,2014J,0.7436976480796541,54.0,0.0
677184,GGG,2014J,0.9420595667574752,75.71428571428571,0.0
677278,GGG,2014J,0.9325408288639665,75.71428571428571,0.0
677551,GGG,2014J,0.9325408288639665,75.71428571428571,0.0
677963,GGG,2014J,0.9325408288639665,75.71428571428571,0.0
678313,GGG,2014J,0.7585441926463236,45.0,0.0
678612,GGG,2014J,0.7611695985985178,40.0,0.0
678714,GGG,2014J,0.9325408288639665,75.71428571428571,0.0
679258,GGG,2014J,0.9331038009656868,75.71428571428571,0.0
679275,GGG,2014J,0.9325408288639665,75.71428571428571,0.0
679332,GGG,2014J,0.9325408288639665,75.71428571428571,0.0
679373,GGG,2014J,0.9331038009656868,75.71428571428571,0.0
679405,GGG,2014J,0.9325408288639665,75.71428571428571,0.0
680340,GGG,2014J,0.9325408288639665,75.71428571428571,0.0
680345,GGG,2014J,0.762177145992587,30.0,0.0
680484,GGG,2014J,0.9325408288639665,75.71428571428571,0.0
680850,GGG,2014J,0.9331038009656868,75.71428571428571,0.0
680992,GGG,2014J,0.7108649346997862,60.0,0.0
681168,GGG,2014J,0.9325408288639665,75.71428571428571,0.0
681383,GGG,2014J,0.7436976480796541,55.0,0.0
681532,GGG,2014J,0.7600170117918816,60.0,0.0
681751,GGG,2014J,0.7255545532793671,55.0,0.0
682302,GGG,2014J,0.9420595667574752,75.71428571428571,0.0
682307,GGG,2014J,0.9325408288639665,75.71428571428571,0.0
682891,GGG,2014J,0.9325408288639665,75.71428571428571,0.0
683299,GGG,2014J,0.7585441926463236,45.0,0.0
683696,GGG,2014J,0.9420595667574752,75.71428571428571,0.0
684733,GGG,2014J,0.9325408288639665,75.71428571428571,0.0
684903,GGG,2014J,0.9325408288639665,75.71428571428571,0.0
684995,GGG,2014J,0.9331038009656868,75.71428571428571,0.0
685028,GGG,2014J,0.9325408288639665,75.71428571428571,0.0
685096,GGG,2014J,0.9325408288639665,75.71428571428571,0.0
685282,GGG,2014J,0.9325408288639665,75.71428571428571,0.0
685447,GGG,2014J,0.7436976480796541,55.0,0.0
685877,GGG,2014J,0.9331038009656868,75.71428571428571,0.0
685923,GGG,2014J,0.9325408288639665,75.71428571428571,0.0
686028,GGG,2014J,0.9325408288639665,75.71428571428571,0.0
686309,GGG,2014J,0.9545819152472932,75.71428571428571,0.0
686898,GGG,2014J,0.9604846291041567,75.71428571428571,0.0
687028,GGG,2014J,0.9325408288639665,75.71428571428571,0.0
687143,GGG,2014J,0.9325408288639665,75.71428571428571,0.0
687534,GGG,2014J,0.9325408288639665,75.71428571428571,0.0
687626,GGG,2014J,0.7569194876407341,50.0,0.0
688658,GGG,2014J,0.9325408288639665,75.71428571428571,0.0
688663,GGG,2014J,0.9325408288639665,75.71428571428571,0.0
688822,GGG,2014J,0.7356010397011206,58.0,0.0
688856,GGG,2014J,0.9325408288639665,75.71428571428571,0.0
689485,GGG,2014J,0.7527018074122993,40.888888888888886,0.0
689554,GGG,2014J,0.9325408288639665,75.71428571428571,0.0
689711,GGG,2014J,0.7436976480796541,55.0,0.0
690038,GGG,2014J,0.9325408288639665,75.71428571428571,0.0
690065,GGG,2014J,0.7527018074122993,40.0,0.0
690471,GGG,2014J,0.762177145992587,12.5,0.0
690556,GGG,2014J,0.7436976480796541,55.0,0.0
691787,GGG,2014J,0.9331038009656868,75.71428571428571,0.0
692320,GGG,2014J,0.7436976480796541,54.0,0.0
693046,GGG,2014J,0.9325408288639665,75.71428571428571,0.0
694416,GGG,2014J,0.7533985368082832,35.666666666666664,0.0
695143,GGG,2014J,0.9582867198052278,75.71428571428571,0.0
695877,GGG,2014J,0.9331038009656868,75.71428571428571,0.0
696708,GGG,2014J,0.7108649346997862,60.0,0.0
696710,GGG,2014J,0.7108649346997862,60.0,0.0
696711,GGG,2014J,0.9325408288639665,75.71428571428571,0.0
697364,GGG,2014J,0.9325408288639665,75.71428571428571,0.0
697456,GGG,2014J,0.9325408288639665,75.71428571428571,0.0
698019,GGG,2014J,0.9325408288639665,75.71428571428571,0.0
698065,GGG,2014J,0.9420595667574752,75.71428571428571,0.0
1890660,GGG,2014J,0.9325408288639665,75.71428571428571,0.0
1917808,GGG,2014J,0.9325408288639665,75.71428571428571,0.0
2203216,GGG,2014J,0.7436976480796541,55.0,0.0
2239862,GGG,2014J,0.9325408288639665,75.71428571428571,0.0
2282141,GGG,2014J,0.9420595667574752,75.71428571428571,0.0
2338614,GGG,2014J,0.9331038009656868,75.71428571428571,0.0
2342238,GGG,2014J,0.7569194876407341,50.0,0.0
2378591,GGG,2014J,0.8102340151667152,46.25,0.0
2475886,GGG,2014J,0.9545819152472932,75.71428571428571,0.0
2608143,GGG,2014J,0.9325408288639665,75.71428571428571,0.0
2640965,GGG,2014J,0.9325408288639665,75.71428571428571,0.0
